commodity,month,horizon,p50,p10,p90,model
"SILICO MANGANESE,25 TO 50 MM",2026-06-01,1,73601.5230479966,69444.10750636514,77758.93858962807,Moving average (auto-k)
"SILICO MANGANESE,25 TO 50 MM",2026-07-01,2,73601.5230479966,69444.10750636514,77758.93858962807,Moving average (auto-k)
"SILICO MANGANESE,25 TO 50 MM",2026-08-01,3,73601.5230479966,69277.54951662262,77925.49657937058,Moving average (auto-k)
"SILICO MANGANESE,25 TO 50 MM",2026-09-01,4,73601.5230479966,68608.62848338143,78594.41761261177,Moving average (auto-k)
"SILICO MANGANESE,25 TO 50 MM",2026-10-01,5,73601.5230479966,68019.29722251222,79183.74887348097,Moving average (auto-k)
"SILICO MANGANESE,25 TO 50 MM",2026-11-01,6,73601.5230479966,67486.50103658522,79716.54505940797,Moving average (auto-k)
"SILICO MANGANESE,25 TO 50 MM",2026-12-01,7,73601.5230479966,66996.54437782767,80206.50171816553,Moving average (auto-k)
"SILICO MANGANESE,25 TO 50 MM",2027-01-01,8,73601.5230479966,66540.50383921892,80662.5422567743,Moving average (auto-k)
"SILICO MANGANESE,25 TO 50 MM",2027-02-01,9,73601.5230479966,66112.18120107384,81090.86489491936,Moving average (auto-k)
"SILICO MANGANESE,25 TO 50 MM",2027-03-01,10,73601.5230479966,65707.06357736725,81495.98251862594,Moving average (auto-k)
"SILICO MANGANESE,25 TO 50 MM",2027-04-01,11,73601.5230479966,65321.74410367989,81881.30199231331,Moving average (auto-k)
"SILICO MANGANESE,25 TO 50 MM",2027-05-01,12,73601.5230479966,64953.57598524863,82249.47011074457,Moving average (auto-k)
BOF STEEL LADLE SET,2026-08-01,1,2117416.1118169497,1604471.629957522,2630360.5936763776,Seasonal naive (12m)
BOF STEEL LADLE SET,2026-09-01,2,2090582.8863223405,1584138.7587726468,2597027.0138720344,Seasonal naive (12m)
BOF STEEL LADLE SET,2026-10-01,3,2064089.708297106,1564063.5584888316,2564115.858105381,Seasonal naive (12m)
BOF STEEL LADLE SET,2026-11-01,4,2037932.2684463668,1508206.4689989667,2567658.067893767,Seasonal naive (12m)
BOF STEEL LADLE SET,2026-12-01,5,2012106.31208532,1427360.2455358116,2596852.378634828,Seasonal naive (12m)
BOF STEEL LADLE SET,2027-01-01,6,1986607.6384471992,1354167.9593461675,2619047.3175482308,Seasonal naive (12m)
BOF STEEL LADLE SET,2027-02-01,7,1961432.1,1286976.007687194,2635888.192312806,Seasonal naive (12m)
BOF STEEL LADLE SET,2027-03-01,8,1894507.5082634825,1198085.1463212448,2590929.87020572,Seasonal naive (12m)
BOF STEEL LADLE SET,2027-04-01,9,1829866.4016290524,1116402.472410349,2543330.3308477555,Seasonal naive (12m)
BOF STEEL LADLE SET,2027-05-01,10,1767430.866969762,1041034.2400495836,2493827.4938899404,Seasonal naive (12m)
BOF STEEL LADLE SET,2027-06-01,11,1707125.649575561,971269.0085238344,2442982.290627288,Seasonal naive (12m)
BOF STEEL LADLE SET,2027-07-01,12,1648878.0624473696,906524.9282679708,2391231.1966267684,Seasonal naive (12m)
"FERRO VANADIUM,IS:1466-1985",2025-10-01,1,1404.1502450116575,1244.421765364395,1563.87872465892,Seasonal naive (12m)
"FERRO VANADIUM,IS:1466-1985",2025-11-01,2,1548.9999999999998,1372.794201615828,1725.2057983841717,Seasonal naive (12m)
"FERRO VANADIUM,IS:1466-1985",2025-12-01,3,1452.736572928353,1287.4811773991564,1617.9919684575502,Seasonal naive (12m)
"FERRO VANADIUM,IS:1466-1985",2026-01-01,4,1362.455487620153,1189.176418255232,1535.734556985074,Seasonal naive (12m)
"FERRO VANADIUM,IS:1466-1985",2026-02-01,5,1277.7849682716137,1096.092650245796,1459.4772862974314,Seasonal naive (12m)
"FERRO VANADIUM,IS:1466-1985",2026-03-01,6,1198.3763432835822,1011.7114522787804,1385.0412342883842,Seasonal naive (12m)
"FERRO VANADIUM,IS:1466-1985",2026-04-01,7,1166.6670314715814,970.3808465098148,1362.953216433348,Seasonal naive (12m)
"FERRO VANADIUM,IS:1466-1985",2026-05-01,8,1135.7967552941086,931.5103785225376,1340.0831320656794,Seasonal naive (12m)
"FERRO VANADIUM,IS:1466-1985",2026-06-01,9,1105.7433136765974,894.7982507831562,1316.6883765700386,Seasonal naive (12m)
"FERRO VANADIUM,IS:1466-1985",2026-07-01,10,1076.485092989985,860.0130535212251,1292.957132458745,Seasonal naive (12m)
"FERRO VANADIUM,IS:1466-1985",2026-08-01,11,1173.299052508546,925.8425609446688,1420.755544072423,Seasonal naive (12m)
"FERRO VANADIUM,IS:1466-1985",2026-09-01,12,1278.82,997.1154695663208,1560.524530433679,Seasonal naive (12m)
"LINING,TUNDISH FOR BILLET CASTER",2026-08-01,1,192988.36835774253,172997.12028392585,212979.6164315592,K-nearest neighbours
"LINING,TUNDISH FOR BILLET CASTER",2026-09-01,2,205975.3719939105,184638.82827541063,227311.91571241044,K-nearest neighbours
"LINING,TUNDISH FOR BILLET CASTER",2026-10-01,3,211139.32970554844,189267.86276584852,233010.7966452483,K-nearest neighbours
"LINING,TUNDISH FOR BILLET CASTER",2026-11-01,4,203631.53966683167,182537.78847460056,224725.2908590628,K-nearest neighbours
"LINING,TUNDISH FOR BILLET CASTER",2026-12-01,5,196633.59739389992,176264.74792074598,217002.44686705383,K-nearest neighbours
"LINING,TUNDISH FOR BILLET CASTER",2027-01-01,6,201968.529837952,180906.15923722103,223030.90043868305,K-nearest neighbours
"LINING,TUNDISH FOR BILLET CASTER",2027-02-01,7,215822.53066886283,191512.04017541325,240133.0211623124,K-nearest neighbours
"LINING,TUNDISH FOR BILLET CASTER",2027-03-01,8,216572.91909847927,190493.55098843767,242652.28720852092,K-nearest neighbours
"LINING,TUNDISH FOR BILLET CASTER",2027-04-01,9,203447.779974574,177462.81530868367,229432.74464046425,K-nearest neighbours
"LINING,TUNDISH FOR BILLET CASTER",2027-05-01,10,200801.70917560929,173767.3969159976,227836.02143522093,K-nearest neighbours
"LINING,TUNDISH FOR BILLET CASTER",2027-06-01,11,196409.62633342715,168675.9761896457,224143.27647720856,K-nearest neighbours
"LINING,TUNDISH FOR BILLET CASTER",2027-07-01,12,195476.6360572234,166647.3823299868,224305.88978446,K-nearest neighbours
"FERRO MANGANESE,25-50MM",2026-07-01,1,72679.30639791452,70500.00144161172,74858.61135421734,Holt-Winters seasonal
"FERRO MANGANESE,25-50MM",2026-08-01,2,71912.71496434823,69756.39642045673,74069.03350823974,Holt-Winters seasonal
"FERRO MANGANESE,25-50MM",2026-09-01,3,71121.09328460018,68859.14892471638,73383.03764448398,Holt-Winters seasonal
"FERRO MANGANESE,25-50MM",2026-10-01,4,70358.40264459011,67774.54351146719,72942.26177771304,Holt-Winters seasonal
"FERRO MANGANESE,25-50MM",2026-11-01,5,69857.0368236833,66988.78004628408,72725.29360108254,Holt-Winters seasonal
"FERRO MANGANESE,25-50MM",2026-12-01,6,69278.32741769098,66162.338635152,72394.31620022994,Holt-Winters seasonal
"FERRO MANGANESE,25-50MM",2027-01-01,7,71264.09955638765,67801.97499941906,74726.22411335623,Holt-Winters seasonal
"FERRO MANGANESE,25-50MM",2027-02-01,8,73492.33821001578,69675.4457423777,77309.23067765385,Holt-Winters seasonal
"FERRO MANGANESE,25-50MM",2027-03-01,9,75469.9112684326,71312.54813530488,79627.27440156031,Holt-Winters seasonal
"FERRO MANGANESE,25-50MM",2027-04-01,10,77639.17960478379,73130.97307174852,82147.38613781906,Holt-Winters seasonal
"FERRO MANGANESE,25-50MM",2027-05-01,11,80048.762454586,75173.77131030115,84923.75359887086,Holt-Winters seasonal
"FERRO MANGANESE,25-50MM",2027-06-01,12,76205.37576068947,71358.08469881145,81052.66682256748,Holt-Winters seasonal
"CASTABLE,LOW CEMENT GEL BONDED",2026-07-01,1,191.16386925380635,171.38170881671277,210.94602969089988,Linear trend
"CASTABLE,LOW CEMENT GEL BONDED",2026-08-01,2,192.13602964739576,172.2532673918119,212.0187919029796,Linear trend
"CASTABLE,LOW CEMENT GEL BONDED",2026-09-01,3,193.1131339450534,173.12925826225398,213.0970096278528,Linear trend
"CASTABLE,LOW CEMENT GEL BONDED",2026-10-01,4,194.09520728891343,171.25503613154112,216.93537844628577,Linear trend
"CASTABLE,LOW CEMENT GEL BONDED",2026-11-01,5,195.0822749489707,169.4163239750162,220.7482259229252,Linear trend
"CASTABLE,LOW CEMENT GEL BONDED",2026-12-01,6,196.0743623237295,167.81574012625936,224.33298452119968,Linear trend
"CASTABLE,LOW CEMENT GEL BONDED",2027-01-01,7,197.0714949408579,166.39347129928404,227.74951858243176,Linear trend
"CASTABLE,LOW CEMENT GEL BONDED",2027-02-01,8,198.0736984578448,165.11072725265407,231.0366696630356,Linear trend
"CASTABLE,LOW CEMENT GEL BONDED",2027-03-01,9,199.0809986626593,163.94068674706878,234.22131057824987,Linear trend
"CASTABLE,LOW CEMENT GEL BONDED",2027-04-01,10,200.09342147441532,162.86390830838334,237.32293464044744,Linear trend
"CASTABLE,LOW CEMENT GEL BONDED",2027-05-01,11,201.11099294403732,161.8657791278124,240.3562067602624,Linear trend
"CASTABLE,LOW CEMENT GEL BONDED",2027-06-01,12,202.133739254932,160.93499491137567,243.3324835984883,Linear trend
"TAP HOLE MASS,TYPE:HP ANHUDROUS",2026-07-01,1,47.58288514150669,42.08462646554502,53.08114381746835,Linear trend
"TAP HOLE MASS,TYPE:HP ANHUDROUS",2026-08-01,2,47.85915501393386,42.32897302734354,53.389337000524165,Linear trend
"TAP HOLE MASS,TYPE:HP ANHUDROUS",2026-09-01,3,48.13702893038198,42.56233628274834,53.71172157801563,Linear trend
"TAP HOLE MASS,TYPE:HP ANHUDROUS",2026-10-01,4,48.41651620405339,41.94204130383834,54.89099110426844,Linear trend
"TAP HOLE MASS,TYPE:HP ANHUDROUS",2026-11-01,5,48.69762620222361,41.41691485704763,55.97833754739959,Linear trend
"TAP HOLE MASS,TYPE:HP ANHUDROUS",2026-12-01,6,48.98036834655522,40.9584416115011,57.00229508160933,Linear trend
"TAP HOLE MASS,TYPE:HP ANHUDROUS",2027-01-01,7,49.26475211341376,40.549773190898925,57.97973103592858,Linear trend
"TAP HOLE MASS,TYPE:HP ANHUDROUS",2027-02-01,8,49.55078703418525,40.17998917541796,58.92158489295255,Linear trend
"TAP HOLE MASS,TYPE:HP ANHUDROUS",2027-03-01,9,49.83848269559561,39.84154268701994,59.83542270417127,Linear trend
"TAP HOLE MASS,TYPE:HP ANHUDROUS",2027-04-01,10,50.12784874003217,39.528966027596006,60.72673145246833,Linear trend
"TAP HOLE MASS,TYPE:HP ANHUDROUS",2027-05-01,11,50.41889486586653,39.23815137703986,61.599638354693205,Linear trend
"TAP HOLE MASS,TYPE:HP ANHUDROUS",2027-06-01,12,50.71163082777989,38.96592230330936,62.45733935225042,Linear trend
"CALCINED PETROLEUM COKE, SIZE : 2-10MM",2026-01-01,1,61436.57870448492,48629.10789809046,74244.04951087938,Bayesian ridge (lags)
"CALCINED PETROLEUM COKE, SIZE : 2-10MM",2026-02-01,2,64109.92697908051,50745.1525157409,77474.70144242012,Bayesian ridge (lags)
"CALCINED PETROLEUM COKE, SIZE : 2-10MM",2026-03-01,3,66125.98913757953,52340.93317772215,79911.04509743692,Bayesian ridge (lags)
"CALCINED PETROLEUM COKE, SIZE : 2-10MM",2026-04-01,4,68077.21895448393,53885.39687184528,82269.04103712259,Bayesian ridge (lags)
"CALCINED PETROLEUM COKE, SIZE : 2-10MM",2026-05-01,5,70360.43486769758,55692.63867045472,85028.23106494044,Bayesian ridge (lags)
"CALCINED PETROLEUM COKE, SIZE : 2-10MM",2026-06-01,6,73217.84943933204,57920.34561289286,88515.35326577122,Bayesian ridge (lags)
"CALCINED PETROLEUM COKE, SIZE : 2-10MM",2026-07-01,7,76552.14735740864,59276.49825237593,93827.79646244136,Bayesian ridge (lags)
"CALCINED PETROLEUM COKE, SIZE : 2-10MM",2026-08-01,8,80059.86776807219,60745.17347462185,99374.56206152252,Bayesian ridge (lags)
"CALCINED PETROLEUM COKE, SIZE : 2-10MM",2026-09-01,9,83409.15140512328,62065.78430527607,104752.51850497047,Bayesian ridge (lags)
"CALCINED PETROLEUM COKE, SIZE : 2-10MM",2026-10-01,10,86304.80422838329,63025.87776235771,109583.73069440886,Bayesian ridge (lags)
"CALCINED PETROLEUM COKE, SIZE : 2-10MM",2026-11-01,11,88577.04821364887,63519.09910754149,113634.99731975624,Bayesian ridge (lags)
"CALCINED PETROLEUM COKE, SIZE : 2-10MM",2026-12-01,12,89847.96859491634,63300.27098635217,116395.66620348052,Bayesian ridge (lags)
"CASTABLE,90% HIGH ALUMINA",2025-06-01,1,87.26678873705383,80.67145730239086,93.8621201717168,Moving average (auto-k)
"CASTABLE,90% HIGH ALUMINA",2025-07-01,2,87.26678873705383,80.67145730239086,93.8621201717168,Moving average (auto-k)
"CASTABLE,90% HIGH ALUMINA",2025-08-01,3,87.26678873705383,80.67145730239086,93.8621201717168,Moving average (auto-k)
"CASTABLE,90% HIGH ALUMINA",2025-09-01,4,87.26678873705383,80.09504452410428,94.43853295000338,Moving average (auto-k)
"CASTABLE,90% HIGH ALUMINA",2025-10-01,5,87.26678873705383,79.24853494835587,95.2850425257518,Moving average (auto-k)
"CASTABLE,90% HIGH ALUMINA",2025-11-01,6,87.26678873705383,78.48323179331156,96.0503456807961,Moving average (auto-k)
"CASTABLE,90% HIGH ALUMINA",2025-12-01,7,87.26678873705383,77.77946291003825,96.7541145640694,Moving average (auto-k)
"CASTABLE,90% HIGH ALUMINA",2026-01-01,8,87.26678873705383,77.12441080522981,97.40916666887784,Moving average (auto-k)
"CASTABLE,90% HIGH ALUMINA",2026-02-01,9,87.26678873705383,76.5091724176295,98.02440505647816,Moving average (auto-k)
"CASTABLE,90% HIGH ALUMINA",2026-03-01,10,87.26678873705383,75.92726548252772,98.60631199157994,Moving average (auto-k)
"CASTABLE,90% HIGH ALUMINA",2026-04-01,11,87.26678873705383,75.37379641367565,99.159781060432,Moving average (auto-k)
"CASTABLE,90% HIGH ALUMINA",2026-05-01,12,87.26678873705383,74.84496338133714,99.68861409277052,Moving average (auto-k)
"BELT,CONVY,M24,1250KN/M,4,6X3MM,1200MM",2026-08-01,1,2226.749999999999,1733.308047376729,2720.191952623269,Moving average (auto-k)
"BELT,CONVY,M24,1250KN/M,4,6X3MM,1200MM",2026-09-01,2,2226.749999999999,1733.308047376729,2720.191952623269,Moving average (auto-k)
"BELT,CONVY,M24,1250KN/M,4,6X3MM,1200MM",2026-10-01,3,2226.749999999999,1717.4421468455444,2736.0578531544543,Moving average (auto-k)
"BELT,CONVY,M24,1250KN/M,4,6X3MM,1200MM",2026-11-01,4,2226.749999999999,1638.6519477617694,2814.848052238229,Moving average (auto-k)
"BELT,CONVY,M24,1250KN/M,4,6X3MM,1200MM",2026-12-01,5,2226.749999999999,1569.2363888800471,2884.263611119952,Moving average (auto-k)
"BELT,CONVY,M24,1250KN/M,4,6X3MM,1200MM",2027-01-01,6,2226.749999999999,1506.4799266458444,2947.0200733541537,Moving average (auto-k)
"BELT,CONVY,M24,1250KN/M,4,6X3MM,1200MM",2027-02-01,7,2226.749999999999,1448.769403628085,3004.730596371913,Moving average (auto-k)
"BELT,CONVY,M24,1250KN/M,4,6X3MM,1200MM",2027-03-01,8,2226.749999999999,1395.0537585194938,3058.4462414805043,Moving average (auto-k)
"BELT,CONVY,M24,1250KN/M,4,6X3MM,1200MM",2027-04-01,9,2226.749999999999,1344.6029216426546,3108.897078357344,Moving average (auto-k)
"BELT,CONVY,M24,1250KN/M,4,6X3MM,1200MM",2027-05-01,10,2226.749999999999,1296.8853337092537,3156.6146662907445,Moving average (auto-k)
"BELT,CONVY,M24,1250KN/M,4,6X3MM,1200MM",2027-06-01,11,2226.749999999999,1251.49971039348,3202.000289606518,Moving average (auto-k)
"BELT,CONVY,M24,1250KN/M,4,6X3MM,1200MM",2027-07-01,12,2226.749999999999,1208.1342936910894,3245.365706308909,Moving average (auto-k)
"COMPUND,NOZZLE FILLING, F/FREE OPENING",2026-03-01,1,1954.780728292889,1721.5475834223896,2188.0138731633883,Linear trend
"COMPUND,NOZZLE FILLING, F/FREE OPENING",2026-04-01,2,1957.1039961309723,1723.593652362198,2190.614339899747,Linear trend
"COMPUND,NOZZLE FILLING, F/FREE OPENING",2026-05-01,3,1959.4300251858888,1713.9036492737291,2204.956401098048,Linear trend
"COMPUND,NOZZLE FILLING, F/FREE OPENING",2026-06-01,4,1961.7588187393555,1677.9124277326437,2245.6052097460674,Linear trend
"COMPUND,NOZZLE FILLING, F/FREE OPENING",2026-07-01,5,1964.0903800769968,1646.3632951997542,2281.817464954239,Linear trend
"COMPUND,NOZZLE FILLING, F/FREE OPENING",2026-08-01,6,1966.424712488341,1617.95846700982,2314.8909579668625,Linear trend
"COMPUND,NOZZLE FILLING, F/FREE OPENING",2026-09-01,7,1968.7618192668217,1591.927918547197,2345.595719986447,Linear trend
"COMPUND,NOZZLE FILLING, F/FREE OPENING",2026-10-01,8,1971.1017037097915,1567.7705261907608,2374.432881228822,Linear trend
"COMPUND,NOZZLE FILLING, F/FREE OPENING",2026-11-01,9,1973.44436911852,1545.138613582192,2401.7501246548472,Linear trend
"COMPUND,NOZZLE FILLING, F/FREE OPENING",2026-12-01,10,1975.789818798202,1523.7793320471978,2427.8003055492063,Linear trend
"COMPUND,NOZZLE FILLING, F/FREE OPENING",2027-01-01,11,1978.138056057956,1503.502020151346,2452.7740919645667,Linear trend
"COMPUND,NOZZLE FILLING, F/FREE OPENING",2027-02-01,12,1980.4890842108389,1484.158721677226,2476.8194467444514,Linear trend
ANHYDROUS TROUGH MASS,2026-07-01,1,76.47017358577989,70.32520319636619,82.61514397519359,Seasonal naive (12m)
ANHYDROUS TROUGH MASS,2026-08-01,2,76.5963838395114,70.4412714792396,82.7514961997832,Seasonal naive (12m)
ANHYDROUS TROUGH MASS,2026-09-01,3,76.72280239704824,70.55753132709515,82.88807346700133,Seasonal naive (12m)
ANHYDROUS TROUGH MASS,2026-10-01,4,76.84942960218551,70.67398305610132,83.0248761482697,Seasonal naive (12m)
ANHYDROUS TROUGH MASS,2026-11-01,5,76.97626579928573,70.53289203226774,83.41963956630373,Seasonal naive (12m)
ANHYDROUS TROUGH MASS,2026-12-01,6,77.10331133327998,70.03329953678322,84.17332312977672,Seasonal naive (12m)
ANHYDROUS TROUGH MASS,2027-01-01,7,77.23056654966838,69.58147737526053,84.87965572407623,Seasonal naive (12m)
ANHYDROUS TROUGH MASS,2027-02-01,8,77.35803179452138,69.16731540633077,85.54874818271199,Seasonal naive (12m)
ANHYDROUS TROUGH MASS,2027-03-01,9,77.48570741448071,68.78380236247091,86.18761246649052,Seasonal naive (12m)
ANHYDROUS TROUGH MASS,2027-04-01,10,77.61359375676007,68.42584149480199,86.80134601871815,Seasonal naive (12m)
ANHYDROUS TROUGH MASS,2027-05-01,11,77.74169116914618,68.08959123551676,87.3937911027756,Seasonal naive (12m)
ANHYDROUS TROUGH MASS,2027-06-01,12,77.86999999999999,67.77207173927177,87.96792826072821,Seasonal naive (12m)
"CASTABLE,WHYTHEAT-C OR EQVLT",2026-07-01,1,37.72357736110363,37.03043074085252,38.41672398135473,Linear trend
"CASTABLE,WHYTHEAT-C OR EQVLT",2026-08-01,2,37.83410710719724,37.138929573514766,38.52928464087971,Linear trend
"CASTABLE,WHYTHEAT-C OR EQVLT",2026-09-01,3,37.94496070446367,37.11816613667379,38.77175527225355,Linear trend
"CASTABLE,WHYTHEAT-C OR EQVLT",2026-10-01,4,38.05613910178399,37.09864170633224,39.013636497235744,Linear trend
"CASTABLE,WHYTHEAT-C OR EQVLT",2026-11-01,5,38.16764325081944,37.09399202021526,39.241294481423616,Linear trend
"CASTABLE,WHYTHEAT-C OR EQVLT",2026-12-01,6,38.27947410601968,37.099902071524205,39.45904614051516,Linear trend
"CASTABLE,WHYTHEAT-C OR EQVLT",2027-01-01,7,38.39163262463085,37.11381615644856,39.66944909281313,Linear trend
"CASTABLE,WHYTHEAT-C OR EQVLT",2027-02-01,8,38.50411976670383,37.13407400719931,39.87416552620834,Linear trend
"CASTABLE,WHYTHEAT-C OR EQVLT",2027-03-01,9,38.61693649510244,37.159525799202925,40.07434719100194,Linear trend
"CASTABLE,WHYTHEAT-C OR EQVLT",2027-04-01,10,38.730083775511694,37.18933682731771,40.27083072370568,Linear trend
"CASTABLE,WHYTHEAT-C OR EQVLT",2027-05-01,11,38.84356257644601,37.22287882809994,40.464246324792086,Linear trend
"CASTABLE,WHYTHEAT-C OR EQVLT",2027-06-01,12,38.95737386925762,37.2596651620947,40.65508257642055,Linear trend
"FERRO CHROME, HIGH CARBON, SIZE:20-50 MM",2026-08-01,1,130.00354802090845,122.95372723385174,137.05336880796517,Linear trend
"FERRO CHROME, HIGH CARBON, SIZE:20-50 MM",2026-09-01,2,130.5469207915766,122.63203758101226,138.46180400214098,Linear trend
"FERRO CHROME, HIGH CARBON, SIZE:20-50 MM",2026-10-01,3,131.09256468462883,121.35833548228364,140.82679388697403,Linear trend
"FERRO CHROME, HIGH CARBON, SIZE:20-50 MM",2026-11-01,4,131.6404891926218,120.35338942813492,142.92758895710867,Linear trend
"FERRO CHROME, HIGH CARBON, SIZE:20-50 MM",2026-12-01,5,132.1907038477881,119.51859782972863,144.86280986584757,Linear trend
"FERRO CHROME, HIGH CARBON, SIZE:20-50 MM",2027-01-01,6,132.74321822220202,118.80360100500822,146.68283543939583,Linear trend
"FERRO CHROME, HIGH CARBON, SIZE:20-50 MM",2027-02-01,7,133.29804192794597,118.17860316147824,148.41748069441363,Linear trend
"FERRO CHROME, HIGH CARBON, SIZE:20-50 MM",2027-03-01,8,133.85518461727773,117.62426707513616,150.0861021594193,Linear trend
"FERRO CHROME, HIGH CARBON, SIZE:20-50 MM",2027-04-01,9,134.4146559827985,117.12721302517926,151.70209894041776,Linear trend
"FERRO CHROME, HIGH CARBON, SIZE:20-50 MM",2027-05-01,10,134.9764657576212,116.67773644316266,153.27519507207975,Linear trend
"FERRO CHROME, HIGH CARBON, SIZE:20-50 MM",2027-06-01,11,135.54062371554042,116.26853869609302,154.81270873498784,Linear trend
"FERRO CHROME, HIGH CARBON, SIZE:20-50 MM",2027-07-01,12,136.10713967120168,115.89397049837464,156.32030884402872,Linear trend
"CASTABLE,HIGH ALUMINA,AL203:90%",2025-06-01,1,100.8237061935184,85.30492191817885,116.34249046885796,Linear trend
"CASTABLE,HIGH ALUMINA,AL203:90%",2025-07-01,2,101.45542022627724,85.83940253066179,117.07143792189274,Linear trend
"CASTABLE,HIGH ALUMINA,AL203:90%",2025-08-01,3,102.09109228274154,86.37723194786426,117.80495261761882,Linear trend
"CASTABLE,HIGH ALUMINA,AL203:90%",2025-09-01,4,102.73074716203064,86.91843115182536,118.54306317223596,Linear trend
"CASTABLE,HIGH ALUMINA,AL203:90%",2025-10-01,5,103.37440981864334,87.46302125604753,119.28579838123918,Linear trend
"CASTABLE,HIGH ALUMINA,AL203:90%",2025-11-01,6,104.02210536343188,87.9032035550406,120.14100717182312,Linear trend
"CASTABLE,HIGH ALUMINA,AL203:90%",2025-12-01,7,104.67385906458102,87.15436981659808,122.19334831256396,Linear trend
"CASTABLE,HIGH ALUMINA,AL203:90%",2026-01-01,8,105.32969634859448,86.48322664334775,124.1761660538412,Linear trend
"CASTABLE,HIGH ALUMINA,AL203:90%",2026-02-01,9,105.98964280128612,85.87469692727434,126.10458867529788,Linear trend
"CASTABLE,HIGH ALUMINA,AL203:90%",2026-03-01,10,106.65372416877888,85.31786137055293,127.98958696700478,Linear trend
"CASTABLE,HIGH ALUMINA,AL203:90%",2026-04-01,11,107.32196635850846,84.8045193762173,129.8394133407996,Linear trend
"CASTABLE,HIGH ALUMINA,AL203:90%",2026-05-01,12,107.99439544023478,84.32833192950602,131.66045895096354,Linear trend
"CALCINED BAUXITE,10-40MM",2026-03-01,1,8.5049760971708,8.031447040961202,8.978505153380398,Holt-Winters seasonal
"CALCINED BAUXITE,10-40MM",2026-04-01,2,8.495259283968512,8.022271227913702,8.968247340023321,Holt-Winters seasonal
"CALCINED BAUXITE,10-40MM",2026-05-01,3,8.784476932614142,8.295386190480311,9.273567674747971,Holt-Winters seasonal
"CALCINED BAUXITE,10-40MM",2026-06-01,4,8.834480715402682,8.297801322847077,9.371160107958287,Holt-Winters seasonal
"CALCINED BAUXITE,10-40MM",2026-07-01,5,8.869956940493122,8.267521642049035,9.472392238937209,Holt-Winters seasonal
"CALCINED BAUXITE,10-40MM",2026-08-01,6,8.791534059903345,8.137434005917331,9.445634113889358,Holt-Winters seasonal
"CALCINED BAUXITE,10-40MM",2026-09-01,7,8.7984392632705,8.091375537748839,9.505502988792164,Holt-Winters seasonal
"CALCINED BAUXITE,10-40MM",2026-10-01,8,8.762333471865015,8.009552439762933,9.515114503967096,Holt-Winters seasonal
"CALCINED BAUXITE,10-40MM",2026-11-01,9,8.54959704192677,7.770537237247465,9.328656846606076,Holt-Winters seasonal
"CALCINED BAUXITE,10-40MM",2026-12-01,10,8.356222061877705,7.553594869125466,9.158849254629944,Holt-Winters seasonal
"CALCINED BAUXITE,10-40MM",2027-01-01,11,8.162561469107382,7.340268258995058,8.984854679219707,Holt-Winters seasonal
"CALCINED BAUXITE,10-40MM",2027-02-01,12,7.860136965215867,7.033100547579128,8.687173382852606,Holt-Winters seasonal
"QUARTZITE,25-75MM",2026-04-01,1,2042.612483187373,1888.897148113616,2196.3278182611302,Autoregressive (ridge)
"QUARTZITE,25-75MM",2026-05-01,2,2035.03319959216,1881.8882380606408,2188.178161123677,Autoregressive (ridge)
"QUARTZITE,25-75MM",2026-06-01,3,2025.9190552225327,1873.459972078237,2178.3781383668297,Autoregressive (ridge)
"QUARTZITE,25-75MM",2026-07-01,4,2017.309399166617,1865.498229503903,2169.120568829332,Autoregressive (ridge)
"QUARTZITE,25-75MM",2026-08-01,5,2008.9506821253688,1844.4667282125283,2173.43463603821,Autoregressive (ridge)
"QUARTZITE,25-75MM",2026-09-01,6,2000.935883630381,1821.4715885207827,2180.40017873998,Autoregressive (ridge)
"QUARTZITE,25-75MM",2026-10-01,7,1993.2350353304064,1800.1374727472307,2186.3325979135825,Autoregressive (ridge)
"QUARTZITE,25-75MM",2026-11-01,8,1985.840202905904,1780.1760733739816,2191.5043324378253,Autoregressive (ridge)
"QUARTZITE,25-75MM",2026-12-01,9,1978.7373445364133,1761.3778254183158,2196.096863654512,Autoregressive (ridge)
"QUARTZITE,25-75MM",2027-01-01,10,1971.9143309688704,1743.5873139350767,2200.241348002664,Autoregressive (ridge)
"QUARTZITE,25-75MM",2027-02-01,11,1965.359250928176,1726.6839111522945,2204.0345907040564,Autoregressive (ridge)
"QUARTZITE,25-75MM",2027-03-01,12,1959.0608300618464,1710.5714663817878,2207.5501937419053,Autoregressive (ridge)
CASTING POWDER,2026-03-01,1,40.38655528665264,35.02642260435101,45.74668796895426,Hist gradient boosting
CASTING POWDER,2026-04-01,2,40.080312906617785,34.7608249333853,45.39980087985027,Hist gradient boosting
CASTING POWDER,2026-05-01,3,39.94706125333647,34.645258535423594,45.24886397124935,Hist gradient boosting
CASTING POWDER,2026-06-01,4,40.6009521463391,35.21236455852667,45.98953973415152,Hist gradient boosting
CASTING POWDER,2026-07-01,5,41.159566656420765,35.28260779885896,47.03652551398257,Hist gradient boosting
CASTING POWDER,2026-08-01,6,41.148244070785005,34.712129197246135,47.584358944323874,Hist gradient boosting
CASTING POWDER,2026-09-01,7,41.139141885680665,34.18888105612934,48.08940271523199,Hist gradient boosting
CASTING POWDER,2026-10-01,8,40.33124271580028,33.04701603979908,47.61546939180148,Hist gradient boosting
CASTING POWDER,2026-11-01,9,40.24004875761471,32.531429289013765,47.94866822621565,Hist gradient boosting
CASTING POWDER,2026-12-01,10,40.18141028854961,32.06765266703687,48.29516791006235,Hist gradient boosting
CASTING POWDER,2027-01-01,11,39.533146819447104,31.160657880589667,47.90563575830453,Hist gradient boosting
CASTING POWDER,2027-02-01,12,39.37843443974079,30.667877509751587,48.08899136972999,Hist gradient boosting
"BELT,CONVY,M24,1000KN/M,4,6X3MM,1000MM",2026-08-01,1,1688.999999999999,1441.679697116685,1936.3203028833136,Moving average (auto-k)
"BELT,CONVY,M24,1000KN/M,4,6X3MM,1000MM",2026-09-01,2,1688.999999999999,1441.679697116685,1936.3203028833136,Moving average (auto-k)
"BELT,CONVY,M24,1000KN/M,4,6X3MM,1000MM",2026-10-01,3,1688.999999999999,1433.7274763863063,1944.272523613692,Moving average (auto-k)
"BELT,CONVY,M24,1000KN/M,4,6X3MM,1000MM",2026-11-01,4,1688.999999999999,1394.2366795498383,1983.7633204501608,Moving average (auto-k)
"BELT,CONVY,M24,1000KN/M,4,6X3MM,1000MM",2026-12-01,5,1688.999999999999,1359.4445890999425,2018.5554109000564,Moving average (auto-k)
"BELT,CONVY,M24,1000KN/M,4,6X3MM,1000MM",2027-01-01,6,1688.999999999999,1327.990135004309,2050.009864995689,Moving average (auto-k)
"BELT,CONVY,M24,1000KN/M,4,6X3MM,1000MM",2027-02-01,7,1688.999999999999,1299.0647792326165,2078.9352207673824,Moving average (auto-k)
"BELT,CONVY,M24,1000KN/M,4,6X3MM,1000MM",2027-03-01,8,1688.999999999999,1272.1417145292548,2105.858285470744,Moving average (auto-k)
"BELT,CONVY,M24,1000KN/M,4,6X3MM,1000MM",2027-04-01,9,1688.999999999999,1246.8550193247577,2131.1449806752407,Moving average (auto-k)
"BELT,CONVY,M24,1000KN/M,4,6X3MM,1000MM",2027-05-01,10,1688.999999999999,1222.9382683517003,2155.061731648298,Moving average (auto-k)
"BELT,CONVY,M24,1000KN/M,4,6X3MM,1000MM",2027-06-01,11,1688.999999999999,1200.1903320537608,2177.809667946238,Moving average (auto-k)
"BELT,CONVY,M24,1000KN/M,4,6X3MM,1000MM",2027-07-01,12,1688.999999999999,1178.4549527726138,2199.5450472273847,Moving average (auto-k)
"BRICK,B-11,230X113X65MM",2025-04-01,1,102.2252771574707,73.66901117096627,130.7815431439751,Seasonal naive (12m)
"BRICK,B-11,230X113X65MM",2025-05-01,2,112.22,80.87174389237317,143.56825610762684,Seasonal naive (12m)
"BRICK,B-11,230X113X65MM",2025-06-01,3,112.22,80.87174389237317,143.56825610762684,Seasonal naive (12m)
"BRICK,B-11,230X113X65MM",2025-07-01,4,112.22,78.8026467067741,145.6373532932259,Seasonal naive (12m)
"BRICK,B-11,230X113X65MM",2025-08-01,5,112.22,74.8582632041102,149.58173679588978,Seasonal naive (12m)
"BRICK,B-11,230X113X65MM",2025-09-01,6,112.22,71.29226793864075,153.14773206135925,Seasonal naive (12m)
"BRICK,B-11,230X113X65MM",2025-10-01,7,112.22,68.01299685606949,156.4270031439305,Seasonal naive (12m)
"BRICK,B-11,230X113X65MM",2025-11-01,8,112.22,64.96072575410672,159.4792742458933,Seasonal naive (12m)
"BRICK,B-11,230X113X65MM",2025-12-01,9,112.22,62.09397006016116,162.34602993983887,Seasonal naive (12m)
"BRICK,B-11,230X113X65MM",2026-01-01,10,112.22,59.38252510943877,165.05747489056122,Seasonal naive (12m)
"BRICK,B-11,230X113X65MM",2026-02-01,11,112.22,56.80358881981116,167.63641118018884,Seasonal naive (12m)
"BRICK,B-11,230X113X65MM",2026-03-01,12,112.22,54.3394462416536,170.1005537583464,Seasonal naive (12m)
"BRICK,HM-13,250/235X120X80MM",2026-05-01,1,196.6857052340857,168.1978247912172,225.17358567695425,Linear trend
"BRICK,HM-13,250/235X120X80MM",2026-06-01,2,197.6533331500445,169.0253018591507,226.2813644409384,Linear trend
"BRICK,HM-13,250/235X120X80MM",2026-07-01,3,198.62572147186307,169.8568498376253,227.39459310610084,Linear trend
"BRICK,HM-13,250/235X120X80MM",2026-08-01,4,199.602893619147,167.28007835157152,231.9257088867225,Linear trend
"BRICK,HM-13,250/235X120X80MM",2026-09-01,5,200.58487312671812,164.26908013682416,236.90066611661223,Linear trend
"BRICK,HM-13,250/235X120X80MM",2026-10-01,6,201.57168364518185,161.59401168264063,241.54935560772307,Linear trend
"BRICK,HM-13,250/235X120X80MM",2026-11-01,7,202.56334894149697,159.1700927856057,245.95660509738823,Linear trend
"BRICK,HM-13,250/235X120X80MM",2026-12-01,8,203.55989289954732,156.94233072128304,250.1774550778117,Linear trend
"BRICK,HM-13,250/235X120X80MM",2027-01-01,9,204.5613395207176,154.8726932165814,254.2499858248538,Linear trend
"BRICK,HM-13,250/235X120X80MM",2027-02-01,10,205.56771292447164,152.93360633146787,258.20181951747537,Linear trend
"BRICK,HM-13,250/235X120X80MM",2027-03-01,11,206.57903734893247,151.10433975934103,262.0537349385239,Linear trend
"BRICK,HM-13,250/235X120X80MM",2027-04-01,12,207.59533715146668,149.3688527492395,265.8218215536939,Linear trend
"SAND,RIVER, 16-60 BS SIEVE 70%",2026-08-01,1,403.8079364430834,161.52317457723336,646.0926983089334,Hist gradient boosting
"SAND,RIVER, 16-60 BS SIEVE 70%",2026-09-01,2,372.46634964327455,148.98653985730982,595.9461594292393,Hist gradient boosting
"SAND,RIVER, 16-60 BS SIEVE 70%",2026-10-01,3,356.26241411181496,142.50496564472598,570.0198625789039,Hist gradient boosting
"SAND,RIVER, 16-60 BS SIEVE 70%",2026-11-01,4,361.2588015945199,144.50352063780798,578.0140825512319,Hist gradient boosting
"SAND,RIVER, 16-60 BS SIEVE 70%",2026-12-01,5,409.47112413604026,163.78844965441613,655.1537986176645,Hist gradient boosting
"SAND,RIVER, 16-60 BS SIEVE 70%",2027-01-01,6,385.7964931152686,154.31859724610746,617.2743889844298,Hist gradient boosting
"SAND,RIVER, 16-60 BS SIEVE 70%",2027-02-01,7,340.37169057099646,136.1486762283986,544.5947049135943,Hist gradient boosting
"SAND,RIVER, 16-60 BS SIEVE 70%",2027-03-01,8,340.37169057099646,136.1486762283986,544.5947049135943,Hist gradient boosting
"SAND,RIVER, 16-60 BS SIEVE 70%",2027-04-01,9,355.8528659975328,142.34114639901313,569.3645855960525,Hist gradient boosting
"SAND,RIVER, 16-60 BS SIEVE 70%",2027-05-01,10,383.8003338020838,153.52013352083353,614.0805340833341,Hist gradient boosting
"SAND,RIVER, 16-60 BS SIEVE 70%",2027-06-01,11,383.8003338020838,153.52013352083353,614.0805340833341,Hist gradient boosting
"SAND,RIVER, 16-60 BS SIEVE 70%",2027-07-01,12,384.8294034235146,153.93176136940588,615.7270454776235,Hist gradient boosting
"ROLLER,IDLER,DIA:152.4MM,3/10/30X70268A",2026-06-01,1,1831.2519952878504,1782.5961490816246,1879.9078414940764,Theta method
"ROLLER,IDLER,DIA:152.4MM,3/10/30X70268A",2026-07-01,2,1833.131685030612,1784.4258960009654,1881.837474060258,Theta method
"ROLLER,IDLER,DIA:152.4MM,3/10/30X70268A",2026-08-01,3,1835.013304182072,1786.2575210651626,1883.7690872989804,Theta method
"ROLLER,IDLER,DIA:152.4MM,3/10/30X70268A",2026-09-01,4,1836.896854722674,1788.091026202041,1885.7026832433075,Theta method
"ROLLER,IDLER,DIA:152.4MM,3/10/30X70268A",2026-10-01,5,1838.782338634894,1789.9264133414008,1887.6382639283872,Theta method
"ROLLER,IDLER,DIA:152.4MM,3/10/30X70268A",2026-11-01,6,1840.6697579032395,1791.763684415023,1889.5758313914564,Theta method
"ROLLER,IDLER,DIA:152.4MM,3/10/30X70268A",2026-12-01,7,1842.55911451426,1793.6028413566744,1891.5153876718448,Theta method
"ROLLER,IDLER,DIA:152.4MM,3/10/30X70268A",2027-01-01,8,1844.4504104565435,1795.4438861021076,1893.45693481098,Theta method
"ROLLER,IDLER,DIA:152.4MM,3/10/30X70268A",2027-02-01,9,1846.343647720715,1797.286820589056,1895.4004748523728,Theta method
"ROLLER,IDLER,DIA:152.4MM,3/10/30X70268A",2027-03-01,10,1848.238828299448,1799.13164675725,1897.3460098416465,Theta method
"ROLLER,IDLER,DIA:152.4MM,3/10/30X70268A",2027-04-01,11,1850.1359541874565,1800.978366548403,1899.2935418265097,Theta method
"ROLLER,IDLER,DIA:152.4MM,3/10/30X70268A",2027-05-01,12,1852.0350273815047,1800.732093535648,1903.3379612273625,Theta method
"GLOVE,CANVAS",2025-08-01,1,43.05303135667916,41.96104966959219,44.14501304376612,Holt trend (damped-auto)
"GLOVE,CANVAS",2025-09-01,2,43.34608841047399,42.24667372910227,44.44550309184571,Holt trend (damped-auto)
"GLOVE,CANVAS",2025-10-01,3,43.64114027007165,42.53424199887434,44.74803854126896,Holt trend (damped-auto)
"GLOVE,CANVAS",2025-11-01,4,43.93820051388676,42.823767712924976,45.05263331484854,Holt trend (damped-auto)
"GLOVE,CANVAS",2025-12-01,5,44.23728281276067,43.05193430227751,45.42263132324384,Holt trend (damped-auto)
"GLOVE,CANVAS",2026-01-01,6,44.538400930590605,43.231078061715685,45.84572379946552,Holt trend (damped-auto)
"GLOVE,CANVAS",2026-02-01,7,44.84156872496307,43.41988683855176,46.26325061137438,Holt trend (damped-auto)
"GLOVE,CANVAS",2026-03-01,8,45.1468001477915,43.61661289200103,46.676987403581975,Holt trend (damped-auto)
"GLOVE,CANVAS",2026-04-01,9,45.454109245958485,43.8200529341833,47.08816555773366,Holt trend (damped-auto)
"GLOVE,CANVAS",2026-05-01,10,45.7635101619621,44.02933907522556,47.497681248698655,Holt trend (damped-auto)
"GLOVE,CANVAS",2026-06-01,11,46.07501713456681,44.24382269609448,47.90621157303913,Holt trend (damped-auto)
"GLOVE,CANVAS",2026-07-01,12,46.38864449945871,44.46300530002359,48.314283698893824,Holt trend (damped-auto)
"CORED WIRE,CALCIUM SILICATE",2026-06-01,1,130.22401265177987,112.6753748824732,147.77265042108655,Gradient boosting
"CORED WIRE,CALCIUM SILICATE",2026-07-01,2,127.63146821048446,110.43219475866952,144.83074166229943,Gradient boosting
"CORED WIRE,CALCIUM SILICATE",2026-08-01,3,127.73726540563996,110.52373500829718,144.95079580298278,Gradient boosting
"CORED WIRE,CALCIUM SILICATE",2026-09-01,4,129.1734891784784,111.76641712754976,146.58056122940704,Gradient boosting
"CORED WIRE,CALCIUM SILICATE",2026-10-01,5,129.20113962454474,111.79034147385696,146.61193777523252,Gradient boosting
"CORED WIRE,CALCIUM SILICATE",2026-11-01,6,129.75665252968255,112.27099495368658,147.24231010567854,Gradient boosting
"CORED WIRE,CALCIUM SILICATE",2026-12-01,7,131.30148364592154,113.60764878279096,148.99531850905214,Gradient boosting
"CORED WIRE,CALCIUM SILICATE",2027-01-01,8,131.77006974229306,114.01308947685526,149.52705000773088,Gradient boosting
"CORED WIRE,CALCIUM SILICATE",2027-02-01,9,135.3992516189446,117.15321256277062,153.6452906751186,Gradient boosting
"CORED WIRE,CALCIUM SILICATE",2027-03-01,10,137.57930649478445,118.4975014238526,156.66111156571628,Gradient boosting
"CORED WIRE,CALCIUM SILICATE",2027-04-01,11,141.33479653975445,120.77533293704067,161.89426014246823,Gradient boosting
"CORED WIRE,CALCIUM SILICATE",2027-05-01,12,143.5526110965291,121.74198872537696,165.36323346768123,Gradient boosting
"BELT,CONVY,M24,630KN/M,4,5X2MM,800MM",2026-08-01,1,1164.2200000000005,965.8511411047616,1362.5888588952396,Moving average (auto-k)
"BELT,CONVY,M24,630KN/M,4,5X2MM,800MM",2026-09-01,2,1164.2200000000005,965.8511411047616,1362.5888588952396,Moving average (auto-k)
"BELT,CONVY,M24,630KN/M,4,5X2MM,800MM",2026-10-01,3,1164.2200000000005,965.8511411047616,1362.5888588952396,Moving average (auto-k)
"BELT,CONVY,M24,630KN/M,4,5X2MM,800MM",2026-11-01,4,1164.2200000000005,954.6546436238106,1373.7853563761903,Moving average (auto-k)
"BELT,CONVY,M24,630KN/M,4,5X2MM,800MM",2026-12-01,5,1164.2200000000005,929.9188087069356,1398.5211912930654,Moving average (auto-k)
"BELT,CONVY,M24,630KN/M,4,5X2MM,800MM",2027-01-01,6,1164.2200000000005,907.5559045569112,1420.88409544309,Moving average (auto-k)
"BELT,CONVY,M24,630KN/M,4,5X2MM,800MM",2027-02-01,7,1164.2200000000005,886.9910918069891,1441.448908193012,Moving average (auto-k)
"BELT,CONVY,M24,630KN/M,4,5X2MM,800MM",2027-03-01,8,1164.2200000000005,867.8498308092417,1460.5901691907593,Moving average (auto-k)
"BELT,CONVY,M24,630KN/M,4,5X2MM,800MM",2027-04-01,9,1164.2200000000005,849.8719654357155,1478.5680345642854,Moving average (auto-k)
"BELT,CONVY,M24,630KN/M,4,5X2MM,800MM",2027-05-01,10,1164.2200000000005,832.8680775931753,1495.5719224068257,Moving average (auto-k)
"BELT,CONVY,M24,630KN/M,4,5X2MM,800MM",2027-06-01,11,1164.2200000000005,816.6951719215325,1511.7448280784683,Moving average (auto-k)
"BELT,CONVY,M24,630KN/M,4,5X2MM,800MM",2027-07-01,12,1164.2200000000005,801.242155250161,1527.19784474984,Moving average (auto-k)
"MORTAR,HIGH ALUMINA,GREEN",2025-06-01,1,100.36549519214137,90.55034920759874,110.18064117668396,Support vector (RBF)
"MORTAR,HIGH ALUMINA,GREEN",2025-07-01,2,100.2549394225485,90.45060513196417,110.05927371313284,Support vector (RBF)
"MORTAR,HIGH ALUMINA,GREEN",2025-08-01,3,99.54916585562118,89.813852004563,109.28447970667936,Support vector (RBF)
"MORTAR,HIGH ALUMINA,GREEN",2025-09-01,4,99.22029097384512,89.51713912197901,108.92344282571123,Support vector (RBF)
"MORTAR,HIGH ALUMINA,GREEN",2025-10-01,5,99.95943372810042,90.18399812948904,109.7348693267118,Support vector (RBF)
"MORTAR,HIGH ALUMINA,GREEN",2025-11-01,6,101.33592595758012,91.42587764019456,111.24597427496568,Support vector (RBF)
"MORTAR,HIGH ALUMINA,GREEN",2025-12-01,7,102.5721054722692,92.18485631460165,112.95935462993673,Support vector (RBF)
"MORTAR,HIGH ALUMINA,GREEN",2026-01-01,8,102.89548824853956,91.75604245155728,114.03493404552184,Support vector (RBF)
"MORTAR,HIGH ALUMINA,GREEN",2026-02-01,9,102.41596914591074,90.65586432933324,114.17607396248825,Support vector (RBF)
"MORTAR,HIGH ALUMINA,GREEN",2026-03-01,10,101.77916259612051,89.46000156533763,114.0983236269034,Support vector (RBF)
"MORTAR,HIGH ALUMINA,GREEN",2026-04-01,11,101.66862786582232,88.76221470301903,114.57504102862563,Support vector (RBF)
"MORTAR,HIGH ALUMINA,GREEN",2026-05-01,12,101.84107042317164,88.33789725228237,115.34424359406088,Support vector (RBF)
"IDLER,RETURN,127MM OD ERW TUBEX1365MM LG",2023-07-01,1,3397.983073942044,3266.379454796237,3529.5866930878506,Theta method
"IDLER,RETURN,127MM OD ERW TUBEX1365MM LG",2023-08-01,2,3419.840716354002,3287.3905524241827,3552.290880283821,Theta method
"IDLER,RETURN,127MM OD ERW TUBEX1365MM LG",2023-09-01,3,3441.838958798801,3308.536804656675,3575.141112940926,Theta method
"IDLER,RETURN,127MM OD ERW TUBEX1365MM LG",2023-10-01,4,3463.978705690969,3329.8190808803383,3598.1383305016,Theta method
"IDLER,RETURN,127MM OD ERW TUBEX1365MM LG",2023-11-01,5,3486.2608672627134,3351.2382560741576,3621.283478451269,Theta method
"IDLER,RETURN,127MM OD ERW TUBEX1365MM LG",2023-12-01,6,3508.686359601316,3372.795210845425,3644.577508357207,Theta method
"IDLER,RETURN,127MM OD ERW TUBEX1365MM LG",2024-01-01,7,3531.2561046868645,3394.4908314660124,3668.0213779077167,Theta method
"IDLER,RETURN,127MM OD ERW TUBEX1365MM LG",2024-02-01,8,3553.971030430071,3410.466176420656,3697.4758844394864,Theta method
"IDLER,RETURN,127MM OD ERW TUBEX1365MM LG",2024-03-01,9,3576.832070710492,3423.643092323492,3730.0210490974914,Theta method
"IDLER,RETURN,127MM OD ERW TUBEX1365MM LG",2024-04-01,10,3599.840165414894,3437.326108247593,3762.354222582195,Theta method
"IDLER,RETURN,127MM OD ERW TUBEX1365MM LG",2024-05-01,11,3622.996260475873,3451.453678473632,3794.538842478113,Theta method
"IDLER,RETURN,127MM OD ERW TUBEX1365MM LG",2024-06-01,12,3646.301307910812,3465.9784048584456,3826.624210963179,Theta method
"BRICK,HM-11,230X113X65MM",2026-05-01,1,138.04260574251313,133.99851312133376,142.08669836369248,Naive (last price)
"BRICK,HM-11,230X113X65MM",2026-06-01,2,138.04260574251313,133.99851312133376,142.08669836369248,Naive (last price)
"BRICK,HM-11,230X113X65MM",2026-07-01,3,138.04260574251313,133.99851312133376,142.08669836369248,Naive (last price)
"BRICK,HM-11,230X113X65MM",2026-08-01,4,138.04260574251313,133.52117273838195,142.56403874664431,Naive (last price)
"BRICK,HM-11,230X113X65MM",2026-09-01,5,138.04260574251313,132.98748996603894,143.0977215189873,Naive (last price)
"BRICK,HM-11,230X113X65MM",2026-10-01,6,138.04260574251313,132.5050038593628,143.58020762566346,Naive (last price)
"BRICK,HM-11,230X113X65MM",2026-11-01,7,138.04260574251313,132.06131209322774,144.0238993917985,Naive (last price)
"BRICK,HM-11,230X113X65MM",2026-12-01,8,138.04260574251313,131.6483338667095,144.43687761831674,Naive (last price)
"BRICK,HM-11,230X113X65MM",2027-01-01,9,138.04260574251313,131.26045623631637,144.8247552487099,Naive (last price)
"BRICK,HM-11,230X113X65MM",2027-02-01,10,138.04260574251313,130.8935924520571,145.19161903296913,Naive (last price)
"BRICK,HM-11,230X113X65MM",2027-03-01,11,138.04260574251313,130.54465734779686,145.5405541372294,Naive (last price)
"BRICK,HM-11,230X113X65MM",2027-04-01,12,138.04260574251313,130.21125405633916,145.8739574286871,Naive (last price)
"BLANKET,CERAMIC FIBRE",2026-02-01,1,1871.324450756735,1778.514376891044,1964.1345246224253,Moving average (auto-k)
"BLANKET,CERAMIC FIBRE",2026-03-01,2,1871.324450756735,1778.514376891044,1964.1345246224253,Moving average (auto-k)
"BLANKET,CERAMIC FIBRE",2026-04-01,3,1871.324450756735,1772.8845018674533,1969.7643996460165,Moving average (auto-k)
"BLANKET,CERAMIC FIBRE",2026-05-01,4,1871.324450756735,1757.6557887762551,1984.9931127372145,Moving average (auto-k)
"BLANKET,CERAMIC FIBRE",2026-06-01,5,1871.324450756735,1744.239023206836,1998.4098783066336,Moving average (auto-k)
"BLANKET,CERAMIC FIBRE",2026-07-01,6,1871.324450756735,1732.1093399581985,2010.5395615552711,Moving average (auto-k)
"BLANKET,CERAMIC FIBRE",2026-08-01,7,1871.324450756735,1720.9549450258291,2021.693956487641,Moving average (auto-k)
"BLANKET,CERAMIC FIBRE",2026-09-01,8,1871.324450756735,1710.5726873671376,2032.076214146332,Moving average (auto-k)
"BLANKET,CERAMIC FIBRE",2026-10-01,9,1871.324450756735,1700.8214577860158,2041.8274437274545,Moving average (auto-k)
"BLANKET,CERAMIC FIBRE",2026-11-01,10,1871.324450756735,1691.5985155356843,2051.050385977785,Moving average (auto-k)
"BLANKET,CERAMIC FIBRE",2026-12-01,11,1871.324450756735,1682.8262996512417,2059.822601862228,Moving average (auto-k)
"BLANKET,CERAMIC FIBRE",2027-01-01,12,1871.324450756735,1674.4445529781715,2068.204348535298,Moving average (auto-k)
"NOZZLE,INNER F/IPV SYSTEM",2025-06-01,1,2083.354603129039,1608.6356664927976,2558.07353976528,Linear trend
"NOZZLE,INNER F/IPV SYSTEM",2025-07-01,2,2120.0030567909944,1636.933302235597,2603.0728113463915,Linear trend
"NOZZLE,INNER F/IPV SYSTEM",2025-08-01,3,2157.2961962658205,1665.7287239005375,2648.863668631104,Linear trend
"NOZZLE,INNER F/IPV SYSTEM",2025-09-01,4,2195.24536227204,1695.0306880786827,2695.460036465397,Linear trend
"NOZZLE,INNER F/IPV SYSTEM",2025-10-01,5,2233.862095023642,1724.8481053989735,2742.87608464831,Linear trend
"NOZZLE,INNER F/IPV SYSTEM",2025-11-01,6,2273.1581377394205,1751.702003190893,2794.614272287948,Linear trend
"NOZZLE,INNER F/IPV SYSTEM",2025-12-01,7,2313.145440214056,1740.0004952084616,2886.2903852196496,Linear trend
"NOZZLE,INNER F/IPV SYSTEM",2026-01-01,8,2353.836162451991,1730.3400779705978,2977.3322469333843,Linear trend
"NOZZLE,INNER F/IPV SYSTEM",2026-02-01,9,2395.2426783652686,1722.2919270951047,3068.1934296354325,Linear trend
"NOZZLE,INNER F/IPV SYSTEM",2026-03-01,10,2437.377579536375,1715.5469307393962,3159.2082283333534,Linear trend
"NOZZLE,INNER F/IPV SYSTEM",2026-04-01,11,2480.2536790473137,1709.8737643612214,3250.633593733406,Linear trend
"NOZZLE,INNER F/IPV SYSTEM",2026-05-01,12,2523.884015376011,1705.0940295602306,3342.674001191792,Linear trend
"MORTAR,FIRECLAY,HB",2026-03-01,1,4.680778375465498,1.8723113501861992,7.489245400744797,Gradient boosting
"MORTAR,FIRECLAY,HB",2026-04-01,2,4.778036083522792,1.911214433409117,7.644857733636468,Gradient boosting
"MORTAR,FIRECLAY,HB",2026-05-01,3,4.8042982238454535,1.9217192895381807,7.686877158152725,Gradient boosting
"MORTAR,FIRECLAY,HB",2026-06-01,4,4.7577878118689405,1.9031151247475764,7.6124604989903055,Gradient boosting
"MORTAR,FIRECLAY,HB",2026-07-01,5,4.749457355715295,1.899782942286118,7.599131769144472,Gradient boosting
"MORTAR,FIRECLAY,HB",2026-08-01,6,4.749457355715295,1.899782942286118,7.599131769144472,Gradient boosting
"MORTAR,FIRECLAY,HB",2026-09-01,7,4.7627438063510255,1.9050975225404103,7.620390090161641,Gradient boosting
"MORTAR,FIRECLAY,HB",2026-10-01,8,4.768155583397582,1.9072622333590328,7.629048933436131,Gradient boosting
"MORTAR,FIRECLAY,HB",2026-11-01,9,4.768155583397582,1.9072622333590328,7.629048933436131,Gradient boosting
"MORTAR,FIRECLAY,HB",2026-12-01,10,4.765658106227964,1.9062632424911847,7.625052969964742,Gradient boosting
"MORTAR,FIRECLAY,HB",2027-01-01,11,4.758504614062535,1.903401845625014,7.613607382500056,Gradient boosting
"MORTAR,FIRECLAY,HB",2027-02-01,12,4.750590062844907,1.9002360251379629,7.600944100551851,Gradient boosting
INFLOW MASS F/SLIDEGATE,2025-06-01,1,204.21265886052743,155.96092913012865,252.4643885909262,Seasonal naive (12m)
INFLOW MASS F/SLIDEGATE,2025-07-01,2,204.60000000000008,156.2567486172239,252.94325138277625,Seasonal naive (12m)
INFLOW MASS F/SLIDEGATE,2025-08-01,3,203.9919506490606,155.7923702468592,252.191531051262,Seasonal naive (12m)
INFLOW MASS F/SLIDEGATE,2025-09-01,4,203.38570835585907,155.32937195942068,251.44204475229745,Seasonal naive (12m)
INFLOW MASS F/SLIDEGATE,2025-10-01,5,202.78126775001283,154.86774965344924,250.6947858465764,Seasonal naive (12m)
INFLOW MASS F/SLIDEGATE,2025-11-01,6,202.17862347709948,154.08580453260606,250.2714424215929,Seasonal naive (12m)
INFLOW MASS F/SLIDEGATE,2025-12-01,7,201.5777701986095,149.78596719696614,253.3695732002529,Seasonal naive (12m)
INFLOW MASS F/SLIDEGATE,2026-01-01,8,200.97870259189844,145.7754833164453,256.1819218673516,Seasonal naive (12m)
INFLOW MASS F/SLIDEGATE,2026-02-01,9,200.38141535014057,142.00356917408564,258.7592615261955,Seasonal naive (12m)
INFLOW MASS F/SLIDEGATE,2026-03-01,10,199.78590318228143,138.4331276343754,261.13867873018745,Seasonal naive (12m)
INFLOW MASS F/SLIDEGATE,2026-04-01,11,199.1921608129909,135.03606036316793,263.3482612628139,Seasonal naive (12m)
INFLOW MASS F/SLIDEGATE,2026-05-01,12,198.6001829826167,131.79046467376278,265.40990129147065,Seasonal naive (12m)
"BRICK,FIRE,230X113X75MM,UT WT:4.00KG",2024-11-01,1,19.694512609810385,17.660353613602258,21.728671606018512,Gaussian process
"BRICK,FIRE,230X113X75MM,UT WT:4.00KG",2024-12-01,2,20.08304062020596,18.008752286284174,22.157328954127745,Gaussian process
"BRICK,FIRE,230X113X75MM,UT WT:4.00KG",2025-01-01,3,20.34004271769569,18.23920977518112,22.440875660210263,Gaussian process
"BRICK,FIRE,230X113X75MM,UT WT:4.00KG",2025-02-01,4,20.466918871696347,18.10346498757981,22.830372755812885,Gaussian process
"BRICK,FIRE,230X113X75MM,UT WT:4.00KG",2025-03-01,5,20.45097750432853,17.81061387259809,23.09134113605897,Gaussian process
"BRICK,FIRE,230X113X75MM,UT WT:4.00KG",2025-04-01,6,20.31246738081392,17.43968336909636,23.185251392531462,Gaussian process
"BRICK,FIRE,230X113X75MM,UT WT:4.00KG",2025-05-01,7,20.27236958480145,17.175533604012433,23.369205565590462,Gaussian process
"BRICK,FIRE,230X113X75MM,UT WT:4.00KG",2025-06-01,8,20.658943016411754,17.285155241399078,24.032730791424427,Gaussian process
"BRICK,FIRE,230X113X75MM,UT WT:4.00KG",2025-07-01,9,21.751847229710595,17.984097319913733,25.519597139507457,Gaussian process
"BRICK,FIRE,230X113X75MM,UT WT:4.00KG",2025-08-01,10,23.3895410108948,19.11896586279956,27.66011615899004,Gaussian process
"BRICK,FIRE,230X113X75MM,UT WT:4.00KG",2025-09-01,11,23.640252827423584,19.113225371066022,28.16728028378114,Gaussian process
"BRICK,FIRE,230X113X75MM,UT WT:4.00KG",2025-10-01,12,21.92476289586716,17.53955489889237,26.30997089284195,Gaussian process
"MTR,SC,415VAC,200L,1500RPM,30KW",2026-01-01,1,71583.87228584057,61823.30743215567,81344.43713952546,Moving average (auto-k)
"MTR,SC,415VAC,200L,1500RPM,30KW",2026-02-01,2,71583.87228584057,61823.30743215567,81344.43713952546,Moving average (auto-k)
"MTR,SC,415VAC,200L,1500RPM,30KW",2026-03-01,3,71583.87228584057,61823.30743215567,81344.43713952546,Moving average (auto-k)
"MTR,SC,415VAC,200L,1500RPM,30KW",2026-04-01,4,71583.87228584057,60484.67460613528,82683.06996554586,Moving average (auto-k)
"MTR,SC,415VAC,200L,1500RPM,30KW",2026-05-01,5,71583.87228584057,59174.592032076085,83993.15253960504,Moving average (auto-k)
"MTR,SC,415VAC,200L,1500RPM,30KW",2026-06-01,6,71583.87228584057,57990.18685106008,85177.55772062104,Moving average (auto-k)
"MTR,SC,415VAC,200L,1500RPM,30KW",2026-07-01,7,71583.87228584057,56901.01387941789,86266.73069226324,Moving average (auto-k)
"MTR,SC,415VAC,200L,1500RPM,30KW",2026-08-01,8,71583.87228584057,55887.23639574136,87280.50817593979,Moving average (auto-k)
"MTR,SC,415VAC,200L,1500RPM,30KW",2026-09-01,9,71583.87228584057,54935.07576628263,88232.6688053985,Moving average (auto-k)
"MTR,SC,415VAC,200L,1500RPM,30KW",2026-10-01,10,71583.87228584057,54034.499851678185,89133.24472000296,Moving average (auto-k)
"MTR,SC,415VAC,200L,1500RPM,30KW",2026-11-01,11,71583.87228584057,53177.93519705772,89989.80937462341,Moving average (auto-k)
"MTR,SC,415VAC,200L,1500RPM,30KW",2026-12-01,12,71583.87228584057,52359.4979813404,90808.24659034071,Moving average (auto-k)
"WIRE,WINDING,CU,17.1/2SWG",2024-04-01,1,720.8561711754438,687.4721756741892,754.2401666766984,Autoregressive (ridge)
"WIRE,WINDING,CU,17.1/2SWG",2024-05-01,2,718.3453762290552,685.0776596341158,751.6130928239947,Autoregressive (ridge)
"WIRE,WINDING,CU,17.1/2SWG",2024-06-01,3,715.8669382026922,682.7140020136516,749.0198743917327,Autoregressive (ridge)
"WIRE,WINDING,CU,17.1/2SWG",2024-07-01,4,713.3500599303453,680.313684376118,746.3864354845728,Autoregressive (ridge)
"WIRE,WINDING,CU,17.1/2SWG",2024-08-01,5,710.8283373092871,674.4569846126045,747.1996900059697,Autoregressive (ridge)
"WIRE,WINDING,CU,17.1/2SWG",2024-09-01,6,708.3332932119679,668.6303229278541,748.0362634960817,Autoregressive (ridge)
"WIRE,WINDING,CU,17.1/2SWG",2024-10-01,7,705.8971181431453,663.1605004968045,748.6337357894862,Autoregressive (ridge)
"WIRE,WINDING,CU,17.1/2SWG",2024-11-01,8,703.503793845383,657.9713295439491,749.036258146817,Autoregressive (ridge)
"WIRE,WINDING,CU,17.1/2SWG",2024-12-01,9,701.1626273590922,653.028873489876,749.2963812283085,Autoregressive (ridge)
"WIRE,WINDING,CU,17.1/2SWG",2025-01-01,10,698.881743693119,648.309361156246,749.4541262299919,Autoregressive (ridge)
"WIRE,WINDING,CU,17.1/2SWG",2025-02-01,11,696.662426986381,643.7900969948449,749.534756977917,Autoregressive (ridge)
"WIRE,WINDING,CU,17.1/2SWG",2025-03-01,12,694.5047306051144,639.4524202240422,749.5570409861868,Autoregressive (ridge)
"CABLE,ARM,1.1KV,CU,3C,1.5MM2,XLPE",2024-12-01,1,58.11303782501395,54.78899201961171,61.43708363041618,K-nearest neighbours
"CABLE,ARM,1.1KV,CU,3C,1.5MM2,XLPE",2025-01-01,2,57.76566378581912,53.82765337593093,61.70367419570732,K-nearest neighbours
"CABLE,ARM,1.1KV,CU,3C,1.5MM2,XLPE",2025-02-01,3,55.74144838731346,51.08739918384596,60.39549759078096,K-nearest neighbours
"CABLE,ARM,1.1KV,CU,3C,1.5MM2,XLPE",2025-03-01,4,56.02139122307918,50.62036881298441,61.422413633173946,K-nearest neighbours
"CABLE,ARM,1.1KV,CU,3C,1.5MM2,XLPE",2025-04-01,5,56.09415718400932,50.0477871374446,62.14052723057404,K-nearest neighbours
"CABLE,ARM,1.1KV,CU,3C,1.5MM2,XLPE",2025-05-01,6,55.23532595160465,48.71326819838449,61.7573837048248,K-nearest neighbours
"CABLE,ARM,1.1KV,CU,3C,1.5MM2,XLPE",2025-06-01,7,55.38983790535256,48.325504171432,62.454171639273135,K-nearest neighbours
"CABLE,ARM,1.1KV,CU,3C,1.5MM2,XLPE",2025-07-01,8,55.191509862719705,47.66646033908928,62.71655938635013,K-nearest neighbours
"CABLE,ARM,1.1KV,CU,3C,1.5MM2,XLPE",2025-08-01,9,55.671986848219895,47.62098234751777,63.72299134892202,K-nearest neighbours
"CABLE,ARM,1.1KV,CU,3C,1.5MM2,XLPE",2025-09-01,10,55.87506765676723,47.35760661483441,64.39252869870005,K-nearest neighbours
"CABLE,ARM,1.1KV,CU,3C,1.5MM2,XLPE",2025-10-01,11,56.0414211430225,47.08163639218299,65.001205893862,K-nearest neighbours
"CABLE,ARM,1.1KV,CU,3C,1.5MM2,XLPE",2025-11-01,12,57.98417298529335,48.301568679039065,67.66677729154763,K-nearest neighbours
"MONITOR,CARBON MONOXIDE,0-2000PPM",2026-03-01,1,7569.910284299775,7378.580132547534,7761.240436052017,Bayesian ridge (lags)
"MONITOR,CARBON MONOXIDE,0-2000PPM",2026-04-01,2,7540.74499916847,7350.1520025766595,7731.33799576028,Bayesian ridge (lags)
"MONITOR,CARBON MONOXIDE,0-2000PPM",2026-05-01,3,7506.920678484014,7297.754101723066,7716.087255244964,Bayesian ridge (lags)
"MONITOR,CARBON MONOXIDE,0-2000PPM",2026-06-01,4,7467.246330491723,7226.998038803018,7707.4946221804275,Bayesian ridge (lags)
"MONITOR,CARBON MONOXIDE,0-2000PPM",2026-07-01,5,7431.194781731537,7163.88584308797,7698.503720375103,Bayesian ridge (lags)
"MONITOR,CARBON MONOXIDE,0-2000PPM",2026-08-01,6,7397.189288058885,7105.706985383246,7688.671590734523,Bayesian ridge (lags)
"MONITOR,CARBON MONOXIDE,0-2000PPM",2026-09-01,7,7363.818754635334,7050.402190599642,7677.235318671024,Bayesian ridge (lags)
"MONITOR,CARBON MONOXIDE,0-2000PPM",2026-10-01,8,7329.022844992232,6995.549670829386,7662.49601915508,Bayesian ridge (lags)
"MONITOR,CARBON MONOXIDE,0-2000PPM",2026-11-01,9,7292.421023985309,6940.4857290158925,7644.356318954726,Bayesian ridge (lags)
"MONITOR,CARBON MONOXIDE,0-2000PPM",2026-12-01,10,7257.494923632351,6888.299273779417,7626.690573485285,Bayesian ridge (lags)
"MONITOR,CARBON MONOXIDE,0-2000PPM",2027-01-01,11,7229.078826501366,6843.379271857363,7614.778381145368,Bayesian ridge (lags)
"MONITOR,CARBON MONOXIDE,0-2000PPM",2027-02-01,12,7211.660227105837,6809.780855504048,7613.539598707626,Bayesian ridge (lags)
"CABLE,ARM,1.1KV,AL,3.5C,50MM2,XLPE",2026-07-01,1,212.31364947866007,181.4006104013717,243.2266885559484,Linear trend
"CABLE,ARM,1.1KV,AL,3.5C,50MM2,XLPE",2026-08-01,2,213.32251426651172,182.2625836601713,244.38244487285223,Linear trend
"CABLE,ARM,1.1KV,AL,3.5C,50MM2,XLPE",2026-09-01,3,214.33617294379408,183.1286528142232,245.5436930733649,Linear trend
"CABLE,ARM,1.1KV,AL,3.5C,50MM2,XLPE",2026-10-01,4,215.3546482899476,183.9988373262631,246.710459253632,Linear trend
"CABLE,ARM,1.1KV,AL,3.5C,50MM2,XLPE",2026-11-01,5,216.37796319265613,182.48418800597585,250.2717383793364,Linear trend
"CABLE,ARM,1.1KV,AL,3.5C,50MM2,XLPE",2026-12-01,6,217.4061406483601,180.10094296056025,254.71133833615983,Linear trend
"CABLE,ARM,1.1KV,AL,3.5C,50MM2,XLPE",2027-01-01,7,218.4392037627733,177.95351624289677,258.92489128264987,Linear trend
"CABLE,ARM,1.1KV,AL,3.5C,50MM2,XLPE",2027-02-01,8,219.4771757514033,175.99049396334905,262.9638575394576,Linear trend
"CABLE,ARM,1.1KV,AL,3.5C,50MM2,XLPE",2027-03-01,9,220.5200799400716,174.1763152980537,266.8638445820894,Linear trend
"CABLE,ARM,1.1KV,AL,3.5C,50MM2,XLPE",2027-04-01,10,221.56793976543892,172.48519585674663,270.65068367413136,Linear trend
"CABLE,ARM,1.1KV,AL,3.5C,50MM2,XLPE",2027-05-01,11,222.62077877553128,170.89774928257015,274.34380826849247,Linear trend
"CABLE,ARM,1.1KV,AL,3.5C,50MM2,XLPE",2027-06-01,12,223.67862063026976,169.398973849227,277.95826741131253,Linear trend
"MCCB,100A,3P",2026-07-01,1,8241.218967298813,6963.054264671121,9519.383669926508,Ensemble: greedy selection
"MCCB,100A,3P",2026-08-01,2,8250.801983205802,6971.151011043757,9530.452955367848,Ensemble: greedy selection
"MCCB,100A,3P",2026-09-01,3,8260.414923668297,6967.145666770796,9553.6841805658,Ensemble: greedy selection
"MCCB,100A,3P",2026-10-01,4,8270.057882130697,6774.9758964961,9765.139867765296,Ensemble: greedy selection
"MCCB,100A,3P",2026-11-01,5,8279.730952329168,6606.223345675605,9953.238558982732,Ensemble: greedy selection
"MCCB,100A,3P",2026-12-01,6,8289.43422829261,6454.05006929276,10124.81838729246,Ensemble: greedy selection
"MCCB,100A,3P",2027-01-01,7,8299.167804343517,6314.3985228953725,10283.937085791662,Ensemble: greedy selection
"MCCB,100A,3P",2027-02-01,8,8308.931775098948,6184.627856207795,10433.235693990102,Ensemble: greedy selection
"MCCB,100A,3P",2027-03-01,9,8318.726235471393,6062.905674961325,10574.54679598146,Ensemble: greedy selection
"MCCB,100A,3P",2027-04-01,10,8328.551280669746,5947.899212755353,10709.20334858414,Ensemble: greedy selection
"MCCB,100A,3P",2027-05-01,11,8338.407006200185,5838.603366464135,10838.210645936231,Ensemble: greedy selection
"MCCB,100A,3P",2027-06-01,12,8348.293507867142,5734.238053982749,10962.348961751535,Ensemble: greedy selection
PROGRAMMABLE SAFETY HOOTER,2026-07-01,1,2953.7304309437977,2838.589410466722,3068.8714514208737,Bayesian ridge (lags)
PROGRAMMABLE SAFETY HOOTER,2026-08-01,2,2913.136280363296,2786.1739090300766,3040.098651696514,Bayesian ridge (lags)
PROGRAMMABLE SAFETY HOOTER,2026-09-01,3,2904.9103858411763,2749.852952017515,3059.967819664838,Bayesian ridge (lags)
PROGRAMMABLE SAFETY HOOTER,2026-10-01,4,3018.351001767079,2832.314157773368,3204.3878457607907,Bayesian ridge (lags)
PROGRAMMABLE SAFETY HOOTER,2026-11-01,5,2922.809698299093,2721.397964758924,3124.2214318392616,Bayesian ridge (lags)
PROGRAMMABLE SAFETY HOOTER,2026-12-01,6,2887.8629214825773,2669.8654655195514,3105.860377445604,Bayesian ridge (lags)
PROGRAMMABLE SAFETY HOOTER,2027-01-01,7,2937.8102170507746,2698.2735610354644,3177.3468730660848,Bayesian ridge (lags)
PROGRAMMABLE SAFETY HOOTER,2027-02-01,8,2908.0622988585847,2654.579831912841,3161.544765804328,Bayesian ridge (lags)
PROGRAMMABLE SAFETY HOOTER,2027-03-01,9,2931.5814890701354,2660.548315086542,3202.6146630537287,Bayesian ridge (lags)
PROGRAMMABLE SAFETY HOOTER,2027-04-01,10,3013.674498582041,2719.9801641928325,3307.3688329712504,Bayesian ridge (lags)
PROGRAMMABLE SAFETY HOOTER,2027-05-01,11,2929.0181871121904,2629.6417355727635,3228.394638651617,Bayesian ridge (lags)
PROGRAMMABLE SAFETY HOOTER,2027-06-01,12,2938.5660477076253,2624.858256445113,3252.2738389701376,Bayesian ridge (lags)
"MCCB,250A,3P",2026-07-01,1,12367.975081321678,11458.348773575144,13277.601389068212,Moving average (auto-k)
"MCCB,250A,3P",2026-08-01,2,12367.975081321678,11458.348773575144,13277.601389068212,Moving average (auto-k)
"MCCB,250A,3P",2026-09-01,3,12367.975081321678,11458.348773575144,13277.601389068212,Moving average (auto-k)
"MCCB,250A,3P",2026-10-01,4,12367.975081321678,11423.72066614172,13312.229496501635,Moving average (auto-k)
"MCCB,250A,3P",2026-11-01,5,12367.975081321678,11312.26655112333,13423.683611520024,Moving average (auto-k)
"MCCB,250A,3P",2026-12-01,6,12367.975081321678,11211.50432904116,13524.445833602196,Moving average (auto-k)
"MCCB,250A,3P",2027-01-01,7,12367.975081321678,11118.843902851228,13617.106259792128,Moving average (auto-k)
"MCCB,250A,3P",2027-02-01,8,12367.975081321678,11032.597681043506,13703.35248159985,Moving average (auto-k)
"MCCB,250A,3P",2027-03-01,9,12367.975081321678,10951.59345855174,13784.356704091611,Moving average (auto-k)
"MCCB,250A,3P",2027-04-01,10,12367.975081321678,10874.977760002208,13860.972402641148,Moving average (auto-k)
"MCCB,250A,3P",2027-05-01,11,12367.975081321678,10802.106280427482,13933.843882215871,Moving average (auto-k)
"MCCB,250A,3P",2027-06-01,12,12367.975081321678,10732.478458958753,14003.4717036846,Moving average (auto-k)
"SWITCH,TIME,DIGITAL,230V,50HZ",2026-08-01,1,1044.8389913474268,877.7674491967167,1211.9105334981368,Gaussian process
"SWITCH,TIME,DIGITAL,230V,50HZ",2026-09-01,2,1093.4390161709491,918.596246909584,1268.2817854323146,Gaussian process
"SWITCH,TIME,DIGITAL,230V,50HZ",2026-10-01,3,1161.6277729501148,975.8815048274148,1347.3740410728146,Gaussian process
"SWITCH,TIME,DIGITAL,230V,50HZ",2026-11-01,4,1227.7675207829109,1013.5625190364996,1441.972522529322,Gaussian process
"SWITCH,TIME,DIGITAL,230V,50HZ",2026-12-01,5,1283.1614220716745,1032.8678088612232,1533.4550352821257,Gaussian process
"SWITCH,TIME,DIGITAL,230V,50HZ",2027-01-01,6,1335.5537451282223,1050.1757608040582,1620.9317294523864,Gaussian process
"SWITCH,TIME,DIGITAL,230V,50HZ",2027-02-01,7,1388.177790582947,1067.7888006390258,1708.566780526868,Gaussian process
"SWITCH,TIME,DIGITAL,230V,50HZ",2027-03-01,8,1440.231631941445,1084.877957866612,1795.5853060162774,Gaussian process
"SWITCH,TIME,DIGITAL,230V,50HZ",2027-04-01,9,1488.2147099438528,1098.748020428464,1877.6813994592417,Gaussian process
"SWITCH,TIME,DIGITAL,230V,50HZ",2027-05-01,10,1520.5193122639664,1101.073935398103,1939.9646891298296,Gaussian process
"SWITCH,TIME,DIGITAL,230V,50HZ",2027-06-01,11,1528.8927059707787,1086.55208554965,1971.233326391908,Gaussian process
"SWITCH,TIME,DIGITAL,230V,50HZ",2027-07-01,12,1517.19083916465,1058.7172674665624,1975.6644108627377,Gaussian process
"MTR,SC,415V,180L,1500RPM,22KW",2025-05-01,1,44831.50506535403,39406.65027954522,50256.35985116285,Support vector (RBF)
"MTR,SC,415V,180L,1500RPM,22KW",2025-06-01,2,46864.36573681657,41193.52380588761,52535.20766774553,Support vector (RBF)
"MTR,SC,415V,180L,1500RPM,22KW",2025-07-01,3,52477.37356009276,46127.32729934053,58827.41982084499,Support vector (RBF)
"MTR,SC,415V,180L,1500RPM,22KW",2025-08-01,4,54667.78393527973,47679.31140007923,61656.25647048023,Support vector (RBF)
"MTR,SC,415V,180L,1500RPM,22KW",2025-09-01,5,56255.67598514294,48215.37794477244,64295.97402551344,Support vector (RBF)
"MTR,SC,415V,180L,1500RPM,22KW",2025-10-01,6,56848.35386312774,47947.8556676994,65748.85205855608,Support vector (RBF)
"MTR,SC,415V,180L,1500RPM,22KW",2025-11-01,7,56686.14296089077,47099.93766473098,66272.34825705057,Support vector (RBF)
"MTR,SC,415V,180L,1500RPM,22KW",2025-12-01,8,55514.92202831557,45478.57833044168,65551.26572618945,Support vector (RBF)
"MTR,SC,415V,180L,1500RPM,22KW",2026-01-01,9,53487.53961050531,43231.146137907366,63743.93308310325,Support vector (RBF)
"MTR,SC,415V,180L,1500RPM,22KW",2026-02-01,10,51288.18651257027,40921.54355631136,61654.82946882918,Support vector (RBF)
"MTR,SC,415V,180L,1500RPM,22KW",2026-03-01,11,49647.92881077116,39123.02159618488,60172.83602535743,Support vector (RBF)
"MTR,SC,415V,180L,1500RPM,22KW",2026-04-01,12,48845.84528235303,38030.53333611325,59661.15722859281,Support vector (RBF)
"MONITOR,OXYGEN,0-25%",2026-03-01,1,7584.247484351871,7461.179897262957,7707.315071440786,Holt-Winters seasonal
"MONITOR,OXYGEN,0-25%",2026-04-01,2,7580.762198978306,7457.751166697515,7703.773231259096,Holt-Winters seasonal
"MONITOR,OXYGEN,0-25%",2026-05-01,3,7575.593370311174,7425.467283361026,7725.719457261322,Holt-Winters seasonal
"MONITOR,OXYGEN,0-25%",2026-06-01,4,7551.459185064072,7378.660769007212,7724.25760112093,Holt-Winters seasonal
"MONITOR,OXYGEN,0-25%",2026-07-01,5,7539.634404537267,7346.742424190668,7732.526384883866,Holt-Winters seasonal
"MONITOR,OXYGEN,0-25%",2026-08-01,6,7524.094467813674,7313.227405855976,7734.961529771371,Holt-Winters seasonal
"MONITOR,OXYGEN,0-25%",2026-09-01,7,7506.43378015074,7279.205929825864,7733.661630475616,Holt-Winters seasonal
"MONITOR,OXYGEN,0-25%",2026-10-01,8,7491.047572182498,7248.628697585601,7733.466446779395,Holt-Winters seasonal
"MONITOR,OXYGEN,0-25%",2026-11-01,9,7479.547172905383,7222.817869476795,7736.276476333973,Holt-Winters seasonal
"MONITOR,OXYGEN,0-25%",2026-12-01,10,7483.193283981748,7212.444917567457,7753.941650396038,Holt-Winters seasonal
"MONITOR,OXYGEN,0-25%",2027-01-01,11,7463.1445227871,7179.942026911793,7746.347018662407,Holt-Winters seasonal
"MONITOR,OXYGEN,0-25%",2027-02-01,12,7437.507635918348,7142.72837217959,7732.286899657105,Holt-Winters seasonal
"ALARM,ROTA,90-100DB",2026-06-01,1,2105.0261053722143,1994.0567257261807,2215.995485018247,Hist gradient boosting
"ALARM,ROTA,90-100DB",2026-07-01,2,2039.9971048768573,1901.6732676763013,2178.320942077414,Hist gradient boosting
"ALARM,ROTA,90-100DB",2026-08-01,3,2039.9971048768573,1870.5856946742715,2209.408515079444,Hist gradient boosting
"ALARM,ROTA,90-100DB",2026-09-01,4,2089.394827619831,1889.0385335520607,2289.751121687602,Hist gradient boosting
"ALARM,ROTA,90-100DB",2026-10-01,5,2129.340889619069,1901.0531041348304,2357.628675103308,Hist gradient boosting
"ALARM,ROTA,90-100DB",2026-11-01,6,2116.2434050125407,1867.704876900036,2364.7819331250457,Hist gradient boosting
"ALARM,ROTA,90-100DB",2026-12-01,7,2098.1146552503947,1831.962053173842,2364.2672573269474,Hist gradient boosting
"ALARM,ROTA,90-100DB",2027-01-01,8,2098.1146552503947,1813.585555373584,2382.6437551272056,Hist gradient boosting
"ALARM,ROTA,90-100DB",2027-02-01,9,2086.150966982877,1786.083116412916,2386.218817552839,Hist gradient boosting
"ALARM,ROTA,90-100DB",2027-03-01,10,2078.4589131106504,1763.3258847443735,2393.591941476928,Hist gradient boosting
"ALARM,ROTA,90-100DB",2027-04-01,11,2063.296417599623,1735.1932328821815,2391.3996023170644,Hist gradient boosting
"ALARM,ROTA,90-100DB",2027-05-01,12,2082.7047967516323,1739.602669224098,2425.8069242791667,Hist gradient boosting
"SIREN,ELECTRONIC,MM:ES 100",2026-06-01,1,2676.999999999999,2474.599999999999,2879.399999999999,Naive (last price)
"SIREN,ELECTRONIC,MM:ES 100",2026-07-01,2,2676.999999999999,2474.599999999999,2879.399999999999,Naive (last price)
"SIREN,ELECTRONIC,MM:ES 100",2026-08-01,3,2676.999999999999,2462.322381231764,2891.677618768235,Naive (last price)
"SIREN,ELECTRONIC,MM:ES 100",2026-09-01,4,2676.999999999999,2429.111638030341,2924.8883619696567,Naive (last price)
"SIREN,ELECTRONIC,MM:ES 100",2026-10-01,5,2676.999999999999,2399.852385902385,2954.1476140976133,Naive (last price)
"SIREN,ELECTRONIC,MM:ES 100",2026-11-01,6,2676.999999999999,2373.399999999999,2980.5999999999995,Naive (last price)
"SIREN,ELECTRONIC,MM:ES 100",2026-12-01,7,2676.999999999999,2349.0745206605616,3004.9254793394366,Naive (last price)
"SIREN,ELECTRONIC,MM:ES 100",2027-01-01,8,2676.999999999999,2326.432916548058,3027.56708345194,Naive (last price)
"SIREN,ELECTRONIC,MM:ES 100",2027-02-01,9,2676.999999999999,2305.1674570455125,3048.8325429544857,Naive (last price)
"SIREN,ELECTRONIC,MM:ES 100",2027-03-01,10,2676.999999999999,2285.054085363809,3068.9459146361896,Naive (last price)
"SIREN,ELECTRONIC,MM:ES 100",2027-04-01,11,2676.999999999999,2265.92365672542,3088.076343274579,Naive (last price)
"SIREN,ELECTRONIC,MM:ES 100",2027-05-01,12,2676.999999999999,2247.6447624635275,3106.355237536471,Naive (last price)
"MTR,SC,415V,160ML,3000RPM,15KW",2025-09-01,1,36911.05835223598,33455.25761906024,40366.85908541172,Moving average (auto-k)
"MTR,SC,415V,160ML,3000RPM,15KW",2025-10-01,2,36911.05835223598,33455.25761906024,40366.85908541172,Moving average (auto-k)
"MTR,SC,415V,160ML,3000RPM,15KW",2025-11-01,3,36911.05835223598,33455.25761906024,40366.85908541172,Moving average (auto-k)
"MTR,SC,415V,160ML,3000RPM,15KW",2025-12-01,4,36911.05835223598,33227.16239275943,40594.95431171254,Moving average (auto-k)
"MTR,SC,415V,160ML,3000RPM,15KW",2026-01-01,5,36911.05835223598,32792.33745852279,41029.77924594918,Moving average (auto-k)
"MTR,SC,415V,160ML,3000RPM,15KW",2026-02-01,6,36911.05835223598,32399.22566912687,41422.89103534509,Moving average (auto-k)
"MTR,SC,415V,160ML,3000RPM,15KW",2026-03-01,7,36911.05835223598,32037.722069930656,41784.394634541306,Moving average (auto-k)
"MTR,SC,415V,160ML,3000RPM,15KW",2026-04-01,8,36911.05835223598,31701.24272397279,42120.87398049917,Moving average (auto-k)
"MTR,SC,415V,160ML,3000RPM,15KW",2026-05-01,9,36911.05835223598,31385.214413021145,42436.90229145082,Moving average (auto-k)
"MTR,SC,415V,160ML,3000RPM,15KW",2026-06-01,10,36911.05835223598,31086.307404717347,42735.80929975462,Moving average (auto-k)
"MTR,SC,415V,160ML,3000RPM,15KW",2026-07-01,11,36911.05835223598,30802.00802009096,43020.108684381,Moving average (auto-k)
"MTR,SC,415V,160ML,3000RPM,15KW",2026-08-01,12,36911.05835223598,30530.363380624887,43291.75332384708,Moving average (auto-k)
"MTR,SC,415V,132M,1440RPM,7.5KW",2025-05-01,1,18435.59637796811,17623.52069570295,19247.672060233275,Gaussian process
"MTR,SC,415V,132M,1440RPM,7.5KW",2025-06-01,2,18536.62763466113,17720.101593154694,19353.153676167567,Gaussian process
"MTR,SC,415V,132M,1440RPM,7.5KW",2025-07-01,3,18691.25013699661,17867.913077744757,19514.58719624846,Gaussian process
"MTR,SC,415V,132M,1440RPM,7.5KW",2025-08-01,4,18848.03793868684,17903.92902803541,19792.146849338264,Gaussian process
"MTR,SC,415V,132M,1440RPM,7.5KW",2025-09-01,5,19024.054429107364,17958.651134038722,20089.457724176005,Gaussian process
"MTR,SC,415V,132M,1440RPM,7.5KW",2025-10-01,6,19090.65757695438,17919.48076093434,20261.834392974422,Gaussian process
"MTR,SC,415V,132M,1440RPM,7.5KW",2025-11-01,7,18954.00871463476,17698.04801631221,20209.969412957314,Gaussian process
"MTR,SC,415V,132M,1440RPM,7.5KW",2025-12-01,8,18631.538561572383,17311.70348307015,19951.373640074624,Gaussian process
"MTR,SC,415V,132M,1440RPM,7.5KW",2026-01-01,9,18248.59841502539,16877.474447647175,19619.722382403605,Gaussian process
"MTR,SC,415V,132M,1440RPM,7.5KW",2026-02-01,10,17968.015401568155,16544.946051951552,19391.08475118476,Gaussian process
"MTR,SC,415V,132M,1440RPM,7.5KW",2026-03-01,11,17816.35268865192,16336.422949073249,19296.2824282306,Gaussian process
"MTR,SC,415V,132M,1440RPM,7.5KW",2026-04-01,12,17722.746439518072,16185.131461946576,19260.361417089567,Gaussian process
"MCCB,125A,3P",2026-07-01,1,13120.000000000013,5248.000000000005,20992.00000000002,Naive (last price)
"MCCB,125A,3P",2026-08-01,2,13120.000000000013,5248.000000000005,20992.00000000002,Naive (last price)
"MCCB,125A,3P",2026-09-01,3,13120.000000000013,5248.000000000005,20992.00000000002,Naive (last price)
"MCCB,125A,3P",2026-10-01,4,13120.000000000013,5248.000000000005,20992.00000000002,Naive (last price)
"MCCB,125A,3P",2026-11-01,5,13120.000000000013,5248.000000000005,20992.00000000002,Naive (last price)
"MCCB,125A,3P",2026-12-01,6,13120.000000000013,5248.000000000005,20992.00000000002,Naive (last price)
"MCCB,125A,3P",2027-01-01,7,13120.000000000013,5248.000000000005,20992.00000000002,Naive (last price)
"MCCB,125A,3P",2027-02-01,8,13120.000000000013,5248.000000000005,20992.00000000002,Naive (last price)
"MCCB,125A,3P",2027-03-01,9,13120.000000000013,5248.000000000005,20992.00000000002,Naive (last price)
"MCCB,125A,3P",2027-04-01,10,13120.000000000013,5248.000000000005,20992.00000000002,Naive (last price)
"MCCB,125A,3P",2027-05-01,11,13120.000000000013,5248.000000000005,20992.00000000002,Naive (last price)
"MCCB,125A,3P",2027-06-01,12,13120.000000000013,5248.000000000005,20992.00000000002,Naive (last price)
"MTR,SC,132M,1000RPM,5.5KW",2025-11-01,1,21786.999999999985,18857.93957149903,24716.06042850094,Naive (last price)
"MTR,SC,132M,1000RPM,5.5KW",2025-12-01,2,21786.999999999985,18857.93957149903,24716.06042850094,Naive (last price)
"MTR,SC,132M,1000RPM,5.5KW",2026-01-01,3,21786.999999999985,18857.93957149903,24716.06042850094,Naive (last price)
"MTR,SC,132M,1000RPM,5.5KW",2026-02-01,4,21786.999999999985,18857.93957149903,24716.06042850094,Naive (last price)
"MTR,SC,132M,1000RPM,5.5KW",2026-03-01,5,21786.999999999985,18857.93957149903,24716.06042850094,Naive (last price)
"MTR,SC,132M,1000RPM,5.5KW",2026-04-01,6,21786.999999999985,18616.19907462304,24957.80092537693,Naive (last price)
"MTR,SC,132M,1000RPM,5.5KW",2026-05-01,7,21786.999999999985,18362.14356606004,25211.85643393993,Naive (last price)
"MTR,SC,132M,1000RPM,5.5KW",2026-06-01,8,21786.999999999985,18125.67446437379,25448.32553562618,Naive (last price)
"MTR,SC,132M,1000RPM,5.5KW",2026-07-01,9,21786.999999999985,17903.577828440863,25670.42217155911,Naive (last price)
"MTR,SC,132M,1000RPM,5.5KW",2026-08-01,10,21786.999999999985,17693.51360729199,25880.486392707982,Naive (last price)
"MTR,SC,132M,1000RPM,5.5KW",2026-09-01,11,21786.999999999985,17493.715251463724,26080.284748536247,Naive (last price)
"MTR,SC,132M,1000RPM,5.5KW",2026-10-01,12,21786.999999999985,17302.810327746745,26271.189672253226,Naive (last price)
"MTR,SC,415V,112M,1500RPM,3.7KW",2025-05-01,1,10684.000000000004,9960.776936030648,11407.22306396936,Naive (last price)
"MTR,SC,415V,112M,1500RPM,3.7KW",2025-06-01,2,10684.000000000004,9960.776936030648,11407.22306396936,Naive (last price)
"MTR,SC,415V,112M,1500RPM,3.7KW",2025-07-01,3,10684.000000000004,9800.756220374427,11567.24377962558,Naive (last price)
"MTR,SC,415V,112M,1500RPM,3.7KW",2025-08-01,4,10684.000000000004,9664.117932146224,11703.882067853783,Naive (last price)
"MTR,SC,415V,112M,1500RPM,3.7KW",2025-09-01,5,10684.000000000004,9543.737183622952,11824.262816377057,Naive (last price)
"MTR,SC,415V,112M,1500RPM,3.7KW",2025-10-01,6,10684.000000000004,9434.90466797184,11933.095332028168,Naive (last price)
"MTR,SC,415V,112M,1500RPM,3.7KW",2025-11-01,7,10684.000000000004,9334.822840922305,12033.177159077706,Naive (last price)
"MTR,SC,415V,112M,1500RPM,3.7KW",2025-12-01,8,10684.000000000004,9241.668947620074,12126.331052379934,Naive (last price)
"MTR,SC,415V,112M,1500RPM,3.7KW",2026-01-01,9,10684.000000000004,9154.176898219335,12213.823101780672,Naive (last price)
"MTR,SC,415V,112M,1500RPM,3.7KW",2026-02-01,10,10684.000000000004,9071.424860409836,12296.575139590172,Naive (last price)
"MTR,SC,415V,112M,1500RPM,3.7KW",2026-03-01,11,10684.000000000004,8992.716925258619,12375.283074741388,Naive (last price)
"MTR,SC,415V,112M,1500RPM,3.7KW",2026-04-01,12,10684.000000000004,8917.51244074885,12450.487559251158,Naive (last price)
"SMPS, 24 V DC, 10A",2026-04-01,1,3096.0000000000014,3059.7887317013387,3132.2112682986635,Naive (last price)
"SMPS, 24 V DC, 10A",2026-05-01,2,3096.0000000000014,3059.7887317013387,3132.2112682986635,Naive (last price)
"SMPS, 24 V DC, 10A",2026-06-01,3,3096.0000000000014,3059.7887317013387,3132.2112682986635,Naive (last price)
"SMPS, 24 V DC, 10A",2026-07-01,4,3096.0000000000014,3059.7887317013387,3132.2112682986635,Naive (last price)
"SMPS, 24 V DC, 10A",2026-08-01,5,3096.0000000000014,3057.7448656603383,3134.2551343396644,Naive (last price)
"SMPS, 24 V DC, 10A",2026-09-01,6,3096.0000000000014,3054.093599963553,3137.9064000364497,Naive (last price)
"SMPS, 24 V DC, 10A",2026-10-01,7,3096.0000000000014,3050.735914626673,3141.2640853733296,Naive (last price)
"SMPS, 24 V DC, 10A",2026-11-01,8,3096.0000000000014,3047.6106573163784,3144.389342683624,Naive (last price)
"SMPS, 24 V DC, 10A",2026-12-01,9,3096.0000000000014,3044.675351476877,3147.3246485231257,Naive (last price)
"SMPS, 24 V DC, 10A",2027-01-01,10,3096.0000000000014,3041.8990701864445,3150.1009298135577,Naive (last price)
"SMPS, 24 V DC, 10A",2027-02-01,11,3096.0000000000014,3039.258466117311,3152.741533882692,Naive (last price)
"SMPS, 24 V DC, 10A",2027-03-01,12,3096.0000000000014,3036.7354007182244,3155.264599281779,Naive (last price)
"BOX PANEL,SIZE:750(A) X 500(B) X 200(C)",2026-07-01,1,3194.0759722109,2980.710481802491,3407.4414626193093,Moving average (auto-k)
"BOX PANEL,SIZE:750(A) X 500(B) X 200(C)",2026-08-01,2,3194.0759722109,2980.710481802491,3407.4414626193093,Moving average (auto-k)
"BOX PANEL,SIZE:750(A) X 500(B) X 200(C)",2026-09-01,3,3194.0759722109,2958.862628050905,3429.2893163708945,Moving average (auto-k)
"BOX PANEL,SIZE:750(A) X 500(B) X 200(C)",2026-10-01,4,3194.0759722109,2922.4749970753696,3465.6769473464306,Moving average (auto-k)
"BOX PANEL,SIZE:750(A) X 500(B) X 200(C)",2026-11-01,5,3194.0759722109,2890.416850631762,3497.7350937900383,Moving average (auto-k)
"BOX PANEL,SIZE:750(A) X 500(B) X 200(C)",2026-12-01,6,3194.0759722109,2861.434070848705,3526.7178735730954,Moving average (auto-k)
"BOX PANEL,SIZE:750(A) X 500(B) X 200(C)",2027-01-01,7,3194.0759722109,2834.781654185275,3553.3702902365253,Moving average (auto-k)
"BOX PANEL,SIZE:750(A) X 500(B) X 200(C)",2027-02-01,8,3194.0759722109,2809.9741896204755,3578.1777548013247,Moving average (auto-k)
"BOX PANEL,SIZE:750(A) X 500(B) X 200(C)",2027-03-01,9,3194.0759722109,2786.674509507605,3601.477434914196,Moving average (auto-k)
"BOX PANEL,SIZE:750(A) X 500(B) X 200(C)",2027-04-01,10,3194.0759722109,2764.6371241353827,3623.5148202864175,Moving average (auto-k)
"BOX PANEL,SIZE:750(A) X 500(B) X 200(C)",2027-05-01,11,3194.0759722109,2743.6767086013,3644.4752358205,Moving average (auto-k)
"BOX PANEL,SIZE:750(A) X 500(B) X 200(C)",2027-06-01,12,3194.0759722109,2723.6492838909103,3664.50266053089,Moving average (auto-k)
"BOX PANEL,SIZE:500 AX400 BX200 C",2026-07-01,1,2114.3562893553503,1783.4916762956086,2445.220902415092,Autoregressive (ridge)
"BOX PANEL,SIZE:500 AX400 BX200 C",2026-08-01,2,2096.655892559162,1755.4167050454648,2437.8950800728594,Autoregressive (ridge)
"BOX PANEL,SIZE:500 AX400 BX200 C",2026-09-01,3,2080.96296014624,1666.1601214130394,2495.765798879441,Autoregressive (ridge)
"BOX PANEL,SIZE:500 AX400 BX200 C",2026-10-01,4,2068.207333554953,1592.1702215378957,2544.2444455720115,Autoregressive (ridge)
"BOX PANEL,SIZE:500 AX400 BX200 C",2026-11-01,5,2060.056786643629,1529.9285504303648,2590.1850228568933,Autoregressive (ridge)
"BOX PANEL,SIZE:500 AX400 BX200 C",2026-12-01,6,2052.7730430370257,1474.0999308664443,2631.446155207607,Autoregressive (ridge)
"BOX PANEL,SIZE:500 AX400 BX200 C",2027-01-01,7,2042.946351394224,1420.90003244658,2664.992670341868,Autoregressive (ridge)
"BOX PANEL,SIZE:500 AX400 BX200 C",2027-02-01,8,2035.1176651762548,1372.6704786597654,2697.564851692744,Autoregressive (ridge)
"BOX PANEL,SIZE:500 AX400 BX200 C",2027-03-01,9,2028.04863834364,1327.857897431942,2728.2393792553376,Autoregressive (ridge)
"BOX PANEL,SIZE:500 AX400 BX200 C",2027-04-01,10,2021.72438900304,1285.9601212089276,2757.488656797152,Autoregressive (ridge)
"BOX PANEL,SIZE:500 AX400 BX200 C",2027-05-01,11,2016.1170353352709,1246.5812432767211,2785.6528273938206,Autoregressive (ridge)
"BOX PANEL,SIZE:500 AX400 BX200 C",2027-06-01,12,2011.0698768785387,1209.3280777247248,2812.8116760323524,Autoregressive (ridge)
"BOX PANEL,SIZE:600(A) X 450(B) X 200(C)",2025-11-01,1,2634.1504923866864,2433.8278629227666,2834.4731218506063,Seasonal naive (12m)
"BOX PANEL,SIZE:600(A) X 450(B) X 200(C)",2025-12-01,2,2638.502074275507,2437.8485144684587,2839.1556340825546,Seasonal naive (12m)
"BOX PANEL,SIZE:600(A) X 450(B) X 200(C)",2026-01-01,3,2642.8608449202425,2415.613587300996,2870.1081025394897,Seasonal naive (12m)
"BOX PANEL,SIZE:600(A) X 450(B) X 200(C)",2026-02-01,4,2647.2268161966244,2384.3907999568373,2910.062832436412,Seasonal naive (12m)
"BOX PANEL,SIZE:600(A) X 450(B) X 200(C)",2026-03-01,5,2651.6000000000004,2357.254948191516,2945.945051808485,Seasonal naive (12m)
"BOX PANEL,SIZE:600(A) X 450(B) X 200(C)",2026-04-01,6,2744.184790901381,2410.4874814349373,3077.8821003678245,Seasonal naive (12m)
"BOX PANEL,SIZE:600(A) X 450(B) X 200(C)",2026-05-01,7,2840.0023256201744,2466.98290557947,3213.021745660879,Seasonal naive (12m)
"BOX PANEL,SIZE:600(A) X 450(B) X 200(C)",2026-06-01,8,2939.165480499107,2526.4671056554603,3351.863855342754,Seasonal naive (12m)
"BOX PANEL,SIZE:600(A) X 450(B) X 200(C)",2026-07-01,9,3041.791073136219,2588.774216209581,3494.807930062857,Seasonal naive (12m)
"BOX PANEL,SIZE:600(A) X 450(B) X 200(C)",2026-08-01,10,3148.0000000000005,2653.804882346852,3642.195117653149,Seasonal naive (12m)
"BOX PANEL,SIZE:600(A) X 450(B) X 200(C)",2026-09-01,11,2640.0,2205.325667093656,3074.6743329063443,Seasonal naive (12m)
"BOX PANEL,SIZE:600(A) X 450(B) X 200(C)",2026-10-01,12,2643.363636363637,2188.7826557504063,3097.944616976868,Seasonal naive (12m)
"MTR,SC,415VAC,100L,1500RPM,2.2KW",2026-04-01,1,9121.000000000002,8953.858801976934,9288.14119802307,Naive (last price)
"MTR,SC,415VAC,100L,1500RPM,2.2KW",2026-05-01,2,9121.000000000002,8953.858801976934,9288.14119802307,Naive (last price)
"MTR,SC,415VAC,100L,1500RPM,2.2KW",2026-06-01,3,9121.000000000002,8953.858801976934,9288.14119802307,Naive (last price)
"MTR,SC,415VAC,100L,1500RPM,2.2KW",2026-07-01,4,9121.000000000002,8930.935877165919,9311.064122834085,Naive (last price)
"MTR,SC,415VAC,100L,1500RPM,2.2KW",2026-08-01,5,9121.000000000002,8908.501850629562,9333.498149370442,Naive (last price)
"MTR,SC,415VAC,100L,1500RPM,2.2KW",2026-09-01,6,9121.000000000002,8888.219940323417,9353.780059676586,Naive (last price)
"MTR,SC,415VAC,100L,1500RPM,2.2KW",2026-10-01,7,9121.000000000002,8869.568798912693,9372.431201087313,Naive (last price)
"MTR,SC,415VAC,100L,1500RPM,2.2KW",2026-11-01,8,9121.000000000002,8852.208739767495,9389.791260232509,Naive (last price)
"MTR,SC,415VAC,100L,1500RPM,2.2KW",2026-12-01,9,9121.000000000002,8835.903815748878,9406.096184251126,Naive (last price)
"MTR,SC,415VAC,100L,1500RPM,2.2KW",2027-01-01,10,9121.000000000002,8820.482235181142,9421.517764818862,Naive (last price)
"MTR,SC,415VAC,100L,1500RPM,2.2KW",2027-02-01,11,9121.000000000002,8805.814309225665,9436.18569077434,Naive (last price)
"MTR,SC,415VAC,100L,1500RPM,2.2KW",2027-03-01,12,9121.000000000002,8791.799282555357,9450.200717444646,Naive (last price)
FLASH BACK ARRESTOR F/OXYGEN,2018-12-01,1,3549.999999999998,3514.499999999998,3585.499999999998,Naive (last price)
FLASH BACK ARRESTOR F/OXYGEN,2019-01-01,2,3549.999999999998,3514.499999999998,3585.499999999998,Naive (last price)
FLASH BACK ARRESTOR F/OXYGEN,2019-02-01,3,3549.999999999998,3514.499999999998,3585.499999999998,Naive (last price)
FLASH BACK ARRESTOR F/OXYGEN,2019-03-01,4,3549.999999999998,3514.499999999998,3585.499999999998,Naive (last price)
FLASH BACK ARRESTOR F/OXYGEN,2019-04-01,5,3549.999999999998,3510.8270694199423,3589.172930580054,Naive (last price)
FLASH BACK ARRESTOR F/OXYGEN,2019-05-01,6,3549.999999999998,3507.0882045554376,3592.9117954445587,Naive (last price)
FLASH BACK ARRESTOR F/OXYGEN,2019-06-01,7,3549.999999999998,3503.649963470112,3596.350036529885,Naive (last price)
FLASH BACK ARRESTOR F/OXYGEN,2019-07-01,8,3549.999999999998,3500.4497266973435,3599.5502733026533,Naive (last price)
FLASH BACK ARRESTOR F/OXYGEN,2019-08-01,9,3549.999999999998,3497.443998607067,3602.556001392929,Naive (last price)
FLASH BACK ARRESTOR F/OXYGEN,2019-09-01,10,3549.999999999998,3494.601110295784,3605.398889704213,Naive (last price)
FLASH BACK ARRESTOR F/OXYGEN,2019-10-01,11,3549.999999999998,3491.897154299416,3608.102845700581,Naive (last price)
FLASH BACK ARRESTOR F/OXYGEN,2019-11-01,12,3549.999999999998,3489.31355689652,3610.686443103477,Naive (last price)
FLASH BACK ARRESTOR F/ACETYLENE,2018-12-01,1,3549.999999999998,3514.499999999998,3585.499999999998,Naive (last price)
FLASH BACK ARRESTOR F/ACETYLENE,2019-01-01,2,3549.999999999998,3514.499999999998,3585.499999999998,Naive (last price)
FLASH BACK ARRESTOR F/ACETYLENE,2019-02-01,3,3549.999999999998,3514.499999999998,3585.499999999998,Naive (last price)
FLASH BACK ARRESTOR F/ACETYLENE,2019-03-01,4,3549.999999999998,3514.499999999998,3585.499999999998,Naive (last price)
FLASH BACK ARRESTOR F/ACETYLENE,2019-04-01,5,3549.999999999998,3510.8270694199423,3589.172930580054,Naive (last price)
FLASH BACK ARRESTOR F/ACETYLENE,2019-05-01,6,3549.999999999998,3507.0882045554376,3592.9117954445587,Naive (last price)
FLASH BACK ARRESTOR F/ACETYLENE,2019-06-01,7,3549.999999999998,3503.649963470112,3596.350036529885,Naive (last price)
FLASH BACK ARRESTOR F/ACETYLENE,2019-07-01,8,3549.999999999998,3500.4497266973435,3599.5502733026533,Naive (last price)
FLASH BACK ARRESTOR F/ACETYLENE,2019-08-01,9,3549.999999999998,3497.443998607067,3602.556001392929,Naive (last price)
FLASH BACK ARRESTOR F/ACETYLENE,2019-09-01,10,3549.999999999998,3494.601110295784,3605.398889704213,Naive (last price)
FLASH BACK ARRESTOR F/ACETYLENE,2019-10-01,11,3549.999999999998,3491.897154299416,3608.102845700581,Naive (last price)
FLASH BACK ARRESTOR F/ACETYLENE,2019-11-01,12,3549.999999999998,3489.31355689652,3610.686443103477,Naive (last price)
"MCB,415VAC,63A,3P,10KA",2026-07-01,1,655.6031252986253,628.2329241083041,682.9733264889464,Hist gradient boosting
"MCB,415VAC,63A,3P,10KA",2026-08-01,2,667.8279381169098,636.0137424291548,699.6421338046647,Hist gradient boosting
"MCB,415VAC,63A,3P,10KA",2026-09-01,3,675.0738314536168,635.6867984071224,714.460864500111,Hist gradient boosting
"MCB,415VAC,63A,3P,10KA",2026-10-01,4,683.9414574333395,637.8638105835621,730.0191042831168,Hist gradient boosting
"MCB,415VAC,63A,3P,10KA",2026-11-01,5,687.9967736201772,636.1749406115669,739.8186066287875,Hist gradient boosting
"MCB,415VAC,63A,3P,10KA",2026-12-01,6,690.0346220640562,633.0985013403792,746.9707427877331,Hist gradient boosting
"MCB,415VAC,63A,3P,10KA",2027-01-01,7,684.989863723434,623.9414292009785,746.0382982458896,Hist gradient boosting
"MCB,415VAC,63A,3P,10KA",2027-02-01,8,691.0915669758757,625.2466955800379,756.9364383717135,Hist gradient boosting
"MCB,415VAC,63A,3P,10KA",2027-03-01,9,692.1431879498667,622.1978826085656,762.088493291168,Hist gradient boosting
"MCB,415VAC,63A,3P,10KA",2027-04-01,10,690.2738981068132,616.7441940367737,763.8036021768528,Hist gradient boosting
"MCB,415VAC,63A,3P,10KA",2027-05-01,11,689.6456057128216,612.5971954032832,766.6940160223601,Hist gradient boosting
"MCB,415VAC,63A,3P,10KA",2027-06-01,12,689.9462713503947,609.436746839665,770.4557958611243,Hist gradient boosting
"BOX PANEL,SIZE:300(A) X 350(B) X 175(C)",2026-07-01,1,1225.5292266183087,1187.5729056072953,1263.485547629322,Moving average (auto-k)
"BOX PANEL,SIZE:300(A) X 350(B) X 175(C)",2026-08-01,2,1225.5292266183087,1187.5729056072953,1263.485547629322,Moving average (auto-k)
"BOX PANEL,SIZE:300(A) X 350(B) X 175(C)",2026-09-01,3,1225.5292266183087,1183.6863157524433,1267.372137484174,Moving average (auto-k)
"BOX PANEL,SIZE:300(A) X 350(B) X 175(C)",2026-10-01,4,1225.5292266183087,1177.2131949141387,1273.845258322479,Moving average (auto-k)
"BOX PANEL,SIZE:300(A) X 350(B) X 175(C)",2026-11-01,5,1225.5292266183087,1171.5102609715293,1279.548192265088,Moving average (auto-k)
"BOX PANEL,SIZE:300(A) X 350(B) X 175(C)",2026-12-01,6,1225.5292266183087,1166.3544145826331,1284.7040386539843,Moving average (auto-k)
"BOX PANEL,SIZE:300(A) X 350(B) X 175(C)",2027-01-01,7,1225.5292266183087,1161.6131245049355,1289.4453287316817,Moving average (auto-k)
"BOX PANEL,SIZE:300(A) X 350(B) X 175(C)",2027-02-01,8,1225.5292266183087,1157.200039302223,1293.858413934394,Moving average (auto-k)
"BOX PANEL,SIZE:300(A) X 350(B) X 175(C)",2027-03-01,9,1225.5292266183087,1153.055179062054,1298.0032741745636,Moving average (auto-k)
"BOX PANEL,SIZE:300(A) X 350(B) X 175(C)",2027-04-01,10,1225.5292266183087,1149.1348727752668,1301.9235804613504,Moving average (auto-k)
"BOX PANEL,SIZE:300(A) X 350(B) X 175(C)",2027-05-01,11,1225.5292266183087,1145.406152357485,1305.6523008791323,Moving average (auto-k)
"BOX PANEL,SIZE:300(A) X 350(B) X 175(C)",2027-06-01,12,1225.5292266183087,1141.8434048865777,1309.2150483500398,Moving average (auto-k)
"MPCB,16A",2026-03-01,1,2156.9999999999995,2093.5946516728395,2220.40534832716,Naive (last price)
"MPCB,16A",2026-04-01,2,2156.9999999999995,2093.5946516728395,2220.40534832716,Naive (last price)
"MPCB,16A",2026-05-01,3,2156.9999999999995,2093.5946516728395,2220.40534832716,Naive (last price)
"MPCB,16A",2026-06-01,4,2156.9999999999995,2093.5946516728395,2220.40534832716,Naive (last price)
"MPCB,16A",2026-07-01,5,2156.9999999999995,2093.5946516728395,2220.40534832716,Naive (last price)
"MPCB,16A",2026-08-01,6,2156.9999999999995,2092.994452438056,2221.005547561944,Naive (last price)
"MPCB,16A",2026-09-01,7,2156.9999999999995,2087.8661071652373,2226.1338928347614,Naive (last price)
"MPCB,16A",2026-10-01,8,2156.9999999999995,2083.092759770964,2230.907240229036,Naive (last price)
"MPCB,16A",2026-11-01,9,2156.9999999999995,2078.6095338828977,2235.3904661171014,Naive (last price)
"MPCB,16A",2026-12-01,10,2156.9999999999995,2074.369193409233,2239.630806590765,Naive (last price)
"MPCB,16A",2027-01-01,11,2156.9999999999995,2070.336078916168,2243.663921083831,Naive (last price)
"MPCB,16A",2027-02-01,12,2156.9999999999995,2066.482486570781,2247.517513429217,Naive (last price)
"BOX PANEL,SIZE:225(A) X 225(B) X 100(C)",2026-07-01,1,640.6334266562134,579.6537119057642,701.6131414066625,K-nearest neighbours
"BOX PANEL,SIZE:225(A) X 225(B) X 100(C)",2026-08-01,2,643.2091701094946,580.7217773977628,705.6965628212264,K-nearest neighbours
"BOX PANEL,SIZE:225(A) X 225(B) X 100(C)",2026-09-01,3,631.1658290811669,556.0676711172396,706.2639870450942,K-nearest neighbours
"BOX PANEL,SIZE:225(A) X 225(B) X 100(C)",2026-10-01,4,624.6603563755349,538.8382599431969,710.4824528078727,K-nearest neighbours
"BOX PANEL,SIZE:225(A) X 225(B) X 100(C)",2026-11-01,5,627.3813555441532,531.0113710229797,723.7513400653266,K-nearest neighbours
"BOX PANEL,SIZE:225(A) X 225(B) X 100(C)",2026-12-01,6,626.8965555348456,521.4101029485751,732.3830081211161,K-nearest neighbours
"BOX PANEL,SIZE:225(A) X 225(B) X 100(C)",2027-01-01,7,629.3397484117415,514.9573072642687,743.7221895592144,K-nearest neighbours
"BOX PANEL,SIZE:225(A) X 225(B) X 100(C)",2027-02-01,8,629.6858414718987,507.3386229010763,752.033060042721,K-nearest neighbours
"BOX PANEL,SIZE:225(A) X 225(B) X 100(C)",2027-03-01,9,632.5708917496519,502.20750422728617,762.9342792720175,K-nearest neighbours
"BOX PANEL,SIZE:225(A) X 225(B) X 100(C)",2027-04-01,10,633.8379052548817,496.1475924817424,771.528218028021,K-nearest neighbours
"BOX PANEL,SIZE:225(A) X 225(B) X 100(C)",2027-05-01,11,635.2335144500164,490.50472669435806,779.9623022056749,K-nearest neighbours
"BOX PANEL,SIZE:225(A) X 225(B) X 100(C)",2027-06-01,12,636.3037739050347,484.8847992899871,787.7227485200824,K-nearest neighbours
"BOX PANEL,SIZE:300(A) X 200(B) X 150(C)",2026-07-01,1,983.1060756098324,908.4886905755518,1057.7234606441132,Moving average (auto-k)
"BOX PANEL,SIZE:300(A) X 200(B) X 150(C)",2026-08-01,2,983.1060756098324,908.4886905755518,1057.7234606441132,Moving average (auto-k)
"BOX PANEL,SIZE:300(A) X 200(B) X 150(C)",2026-09-01,3,983.1060756098324,905.0693464314768,1061.1428047881882,Moving average (auto-k)
"BOX PANEL,SIZE:300(A) X 200(B) X 150(C)",2026-10-01,4,983.1060756098324,892.9970224142293,1073.2151288054356,Moving average (auto-k)
"BOX PANEL,SIZE:300(A) X 200(B) X 150(C)",2026-11-01,5,983.1060756098324,882.3610914430758,1083.8510597765892,Moving average (auto-k)
"BOX PANEL,SIZE:300(A) X 200(B) X 150(C)",2026-12-01,6,983.1060756098324,872.7454748425655,1093.4666763770997,Moving average (auto-k)
"BOX PANEL,SIZE:300(A) X 200(B) X 150(C)",2027-01-01,7,983.1060756098324,863.9030027943044,1102.3091484253605,Moving average (auto-k)
"BOX PANEL,SIZE:300(A) X 200(B) X 150(C)",2027-02-01,8,983.1060756098324,855.6726304880117,1110.5395207316533,Moving average (auto-k)
"BOX PANEL,SIZE:300(A) X 200(B) X 150(C)",2027-03-01,9,983.1060756098324,847.9424958164276,1118.2696554032375,Moving average (auto-k)
"BOX PANEL,SIZE:300(A) X 200(B) X 150(C)",2027-04-01,10,983.1060756098324,840.6311526601423,1125.5809985595226,Moving average (auto-k)
"BOX PANEL,SIZE:300(A) X 200(B) X 150(C)",2027-05-01,11,983.1060756098324,833.6771157778369,1132.535035441828,Moving average (auto-k)
"BOX PANEL,SIZE:300(A) X 200(B) X 150(C)",2027-06-01,12,983.1060756098324,827.032617253121,1139.179533966544,Moving average (auto-k)
"BOX PANEL,SIZE:400(A) X 410(B) X 280(C)",2025-11-01,1,1712.2752179561237,1331.178132332226,2093.372303580021,K-nearest neighbours
"BOX PANEL,SIZE:400(A) X 410(B) X 280(C)",2025-12-01,2,1729.5666475039911,1344.6210488969828,2114.5122461109995,K-nearest neighbours
"BOX PANEL,SIZE:400(A) X 410(B) X 280(C)",2026-01-01,3,1585.901734721096,1158.699041606748,2013.104427835444,K-nearest neighbours
"BOX PANEL,SIZE:400(A) X 410(B) X 280(C)",2026-02-01,4,1575.6210846723031,1085.5276780893748,2065.714491255232,K-nearest neighbours
"BOX PANEL,SIZE:400(A) X 410(B) X 280(C)",2026-03-01,5,1506.4500636007838,982.5640276632836,2030.336099538284,K-nearest neighbours
"BOX PANEL,SIZE:400(A) X 410(B) X 280(C)",2026-04-01,6,1505.5455771435268,932.00174612041,2079.089408166644,K-nearest neighbours
"BOX PANEL,SIZE:400(A) X 410(B) X 280(C)",2026-05-01,7,1578.927711707889,929.2344725519848,2228.620950863794,K-nearest neighbours
"BOX PANEL,SIZE:400(A) X 410(B) X 280(C)",2026-06-01,8,1650.6923452621936,924.572659274685,2376.812031249702,K-nearest neighbours
"BOX PANEL,SIZE:400(A) X 410(B) X 280(C)",2026-07-01,9,1664.6278140421716,887.9596886791225,2441.295939405221,K-nearest neighbours
"BOX PANEL,SIZE:400(A) X 410(B) X 280(C)",2026-08-01,10,1573.4840351199546,799.6293412790062,2347.3387289609027,K-nearest neighbours
"BOX PANEL,SIZE:400(A) X 410(B) X 280(C)",2026-09-01,11,1548.199492347136,749.6159723291215,2346.78301236515,K-nearest neighbours
"BOX PANEL,SIZE:400(A) X 410(B) X 280(C)",2026-10-01,12,1551.795787245906,715.7649979971167,2387.826576494695,K-nearest neighbours
"STARTER,DOL,OLR RANGE:6.0-9.3A,+/-10%",2026-06-01,1,1256.9614741267037,1055.7820441558215,1458.1409040975852,Hist gradient boosting
"STARTER,DOL,OLR RANGE:6.0-9.3A,+/-10%",2026-07-01,2,1219.8659745953453,1024.6237603656132,1415.1081888250774,Hist gradient boosting
"STARTER,DOL,OLR RANGE:6.0-9.3A,+/-10%",2026-08-01,3,1212.9506371232949,993.448042281785,1432.4532319648044,Hist gradient boosting
"STARTER,DOL,OLR RANGE:6.0-9.3A,+/-10%",2026-09-01,4,1214.8231181688775,960.9720776215452,1468.6741587162098,Hist gradient boosting
"STARTER,DOL,OLR RANGE:6.0-9.3A,+/-10%",2026-10-01,5,1244.6705433906543,953.883321699092,1535.4577650822164,Hist gradient boosting
"STARTER,DOL,OLR RANGE:6.0-9.3A,+/-10%",2026-11-01,6,1429.8049598138257,1063.883121786117,1795.7267978415343,Hist gradient boosting
"STARTER,DOL,OLR RANGE:6.0-9.3A,+/-10%",2026-12-01,7,1664.6253349395065,1204.473217903443,2124.77745197557,Hist gradient boosting
"STARTER,DOL,OLR RANGE:6.0-9.3A,+/-10%",2027-01-01,8,1676.9318968081943,1181.3718066534682,2172.4919869629207,Hist gradient boosting
"STARTER,DOL,OLR RANGE:6.0-9.3A,+/-10%",2027-02-01,9,1662.930983072662,1141.6986068140257,2184.1633593312986,Hist gradient boosting
"STARTER,DOL,OLR RANGE:6.0-9.3A,+/-10%",2027-03-01,10,1593.1963689600575,1066.8092997272504,2119.583438192865,Hist gradient boosting
"STARTER,DOL,OLR RANGE:6.0-9.3A,+/-10%",2027-04-01,11,1588.0057039399364,1037.7249737316704,2138.2864341482027,Hist gradient boosting
"STARTER,DOL,OLR RANGE:6.0-9.3A,+/-10%",2027-05-01,12,1490.150167830826,950.817702796424,2029.482632865228,Hist gradient boosting
"STARTER,DOL,OLR RANGE:3.8-6.0A,+/-10%",2026-06-01,1,1291.5992403185317,1239.5883135967274,1343.6101670403357,Hist gradient boosting
"STARTER,DOL,OLR RANGE:3.8-6.0A,+/-10%",2026-07-01,2,1291.5992403185317,1239.5883135967274,1343.6101670403357,Hist gradient boosting
"STARTER,DOL,OLR RANGE:3.8-6.0A,+/-10%",2026-08-01,3,1296.7313010792125,1241.566405498526,1351.8961966598993,Hist gradient boosting
"STARTER,DOL,OLR RANGE:3.8-6.0A,+/-10%",2026-09-01,4,1313.9477237277051,1249.4030720431854,1378.4923754122249,Hist gradient boosting
"STARTER,DOL,OLR RANGE:3.8-6.0A,+/-10%",2026-10-01,5,1318.1595717880164,1245.7651391739157,1390.5540044021172,Hist gradient boosting
"STARTER,DOL,OLR RANGE:3.8-6.0A,+/-10%",2026-11-01,6,1307.0729476741449,1228.4358220996148,1385.7100732486747,Hist gradient boosting
"STARTER,DOL,OLR RANGE:3.8-6.0A,+/-10%",2026-12-01,7,1298.097897171962,1213.7433214622874,1382.4524728816368,Hist gradient boosting
"STARTER,DOL,OLR RANGE:3.8-6.0A,+/-10%",2027-01-01,8,1310.2011440280396,1219.1814970531002,1401.220791002979,Hist gradient boosting
"STARTER,DOL,OLR RANGE:3.8-6.0A,+/-10%",2027-02-01,9,1312.5528331858504,1215.8386368305012,1409.2670295411997,Hist gradient boosting
"STARTER,DOL,OLR RANGE:3.8-6.0A,+/-10%",2027-03-01,10,1314.9723628827098,1212.8387243132656,1417.106001452154,Hist gradient boosting
"STARTER,DOL,OLR RANGE:3.8-6.0A,+/-10%",2027-04-01,11,1312.8388292332086,1205.8939647039206,1419.7836937624966,Hist gradient boosting
"STARTER,DOL,OLR RANGE:3.8-6.0A,+/-10%",2027-05-01,12,1311.9433558132446,1200.3192773769792,1423.56743424951,Hist gradient boosting
"TERMINAL END,TUBULAR,CU,95MM2",2025-10-01,1,61.4226345320087,58.850025347188215,63.99524371682919,Linear trend
"TERMINAL END,TUBULAR,CU,95MM2",2025-11-01,2,61.58897092567042,59.00939495185814,64.16854689948269,Linear trend
"TERMINAL END,TUBULAR,CU,95MM2",2025-12-01,3,61.7557577688459,59.169196139534975,64.34231939815683,Linear trend
"TERMINAL END,TUBULAR,CU,95MM2",2026-01-01,4,61.92299628138094,59.18304189277428,64.6629506699876,Linear trend
"TERMINAL END,TUBULAR,CU,95MM2",2026-02-01,5,62.09068768642493,59.01902977320492,65.16234559964492,Linear trend
"TERMINAL END,TUBULAR,CU,95MM2",2026-03-01,6,62.25883321043943,58.884888373974505,65.63277804690433,Linear trend
"TERMINAL END,TUBULAR,CU,95MM2",2026-04-01,7,62.42743408320749,58.77328821393504,66.08157995247994,Linear trend
"TERMINAL END,TUBULAR,CU,95MM2",2026-05-01,8,62.59649153784252,58.67946638079034,66.5135166948947,Linear trend
"TERMINAL END,TUBULAR,CU,95MM2",2026-06-01,9,62.76600681079706,58.60012322608422,66.9318903955099,Linear trend
"TERMINAL END,TUBULAR,CU,95MM2",2026-07-01,10,62.93598114187226,58.532862555816585,67.33909972792793,Linear trend
"TERMINAL END,TUBULAR,CU,95MM2",2026-08-01,11,63.1064157742267,58.4758801239426,67.7369514245108,Linear trend
"TERMINAL END,TUBULAR,CU,95MM2",2026-09-01,12,63.27731195438536,58.42777782570343,68.12684608306728,Linear trend
"CABLE TIE,TYPE:6/6,DIA:101.6MM",2026-07-01,1,2.554980240747545,2.343078029950461,2.7668824515446286,Ensemble: annealed weights
"CABLE TIE,TYPE:6/6,DIA:101.6MM",2026-08-01,2,2.591456414094706,2.3765289815560173,2.806383846633395,Ensemble: annealed weights
"CABLE TIE,TYPE:6/6,DIA:101.6MM",2026-09-01,3,2.6164952734832085,2.3994911948806315,2.8334993520857856,Ensemble: annealed weights
"CABLE TIE,TYPE:6/6,DIA:101.6MM",2026-10-01,4,2.6149304784957685,2.3980561791814985,2.8318047778100386,Ensemble: annealed weights
"CABLE TIE,TYPE:6/6,DIA:101.6MM",2026-11-01,5,2.586607142350748,2.372081893510748,2.801132391190748,Ensemble: annealed weights
"CABLE TIE,TYPE:6/6,DIA:101.6MM",2026-12-01,6,2.5586129380066738,2.344980446546736,2.7722454294666123,Ensemble: annealed weights
"CABLE TIE,TYPE:6/6,DIA:101.6MM",2027-01-01,7,2.5311030587754804,2.3028345838598674,2.7593715336910933,Ensemble: annealed weights
"CABLE TIE,TYPE:6/6,DIA:101.6MM",2027-02-01,8,2.504312649911557,2.2628663083172618,2.7457589915058525,Ensemble: annealed weights
"CABLE TIE,TYPE:6/6,DIA:101.6MM",2027-03-01,9,2.4766269667540826,2.223365603218199,2.7298883302899664,Ensemble: annealed weights
"CABLE TIE,TYPE:6/6,DIA:101.6MM",2027-04-01,10,2.4379773526516164,2.1751825598489667,2.700772145454266,Ensemble: annealed weights
"CABLE TIE,TYPE:6/6,DIA:101.6MM",2027-05-01,11,2.428310480533243,2.153781848853903,2.702839112212584,Ensemble: annealed weights
"CABLE TIE,TYPE:6/6,DIA:101.6MM",2027-06-01,12,2.4272610831627714,2.140649192221562,2.7138729741039804,Ensemble: annealed weights
"SLING,WEB,POLYESTER,FLAT WOVEN, 8M, 5T",2026-08-01,1,2355.4839316154744,2261.0753338388727,2449.892529392076,Bayesian ridge (lags)
"SLING,WEB,POLYESTER,FLAT WOVEN, 8M, 5T",2026-09-01,2,2409.616798631298,2313.038537118088,2506.1950601445087,Bayesian ridge (lags)
"SLING,WEB,POLYESTER,FLAT WOVEN, 8M, 5T",2026-10-01,3,2451.581540318896,2353.3213176742133,2549.8417629635783,Bayesian ridge (lags)
"SLING,WEB,POLYESTER,FLAT WOVEN, 8M, 5T",2026-11-01,4,2474.511760252888,2374.9333732100963,2574.09014729568,Bayesian ridge (lags)
"SLING,WEB,POLYESTER,FLAT WOVEN, 8M, 5T",2026-12-01,5,2476.1546438682144,2364.7487067944403,2587.5605809419885,Bayesian ridge (lags)
"SLING,WEB,POLYESTER,FLAT WOVEN, 8M, 5T",2027-01-01,6,2455.098844475832,2334.0975053718507,2576.100183579813,Bayesian ridge (lags)
"SLING,WEB,POLYESTER,FLAT WOVEN, 8M, 5T",2027-02-01,7,2421.689579175394,2292.771726668528,2550.60743168226,Bayesian ridge (lags)
"SLING,WEB,POLYESTER,FLAT WOVEN, 8M, 5T",2027-03-01,8,2389.303688378542,2253.327796353,2525.2795804040843,Bayesian ridge (lags)
"SLING,WEB,POLYESTER,FLAT WOVEN, 8M, 5T",2027-04-01,9,2362.90442066705,2220.273732024297,2505.5351093098034,Bayesian ridge (lags)
"SLING,WEB,POLYESTER,FLAT WOVEN, 8M, 5T",2027-05-01,10,2341.4411732680046,2192.4608814910657,2490.4214650449435,Bayesian ridge (lags)
"SLING,WEB,POLYESTER,FLAT WOVEN, 8M, 5T",2027-06-01,11,2323.1571175314743,2168.125422752698,2478.1888123102503,Bayesian ridge (lags)
"SLING,WEB,POLYESTER,FLAT WOVEN, 8M, 5T",2027-07-01,12,2306.2510236083685,2145.5040634635843,2466.9979837531528,Bayesian ridge (lags)
"SLING,WEB,POLYESTER,FLAT WOVEN, 5M, 3T",2026-08-01,1,859.3620944599471,768.3651782077519,950.3590107121424,Seasonal naive (12m)
"SLING,WEB,POLYESTER,FLAT WOVEN, 5M, 3T",2026-09-01,2,867.8063565153782,775.9152865507685,959.6974264799878,Seasonal naive (12m)
"SLING,WEB,POLYESTER,FLAT WOVEN, 5M, 3T",2026-10-01,3,876.3335935613522,783.5395837529475,969.127603369757,Seasonal naive (12m)
"SLING,WEB,POLYESTER,FLAT WOVEN, 5M, 3T",2026-11-01,4,884.9446209265516,789.3065167112471,980.582725141856,Seasonal naive (12m)
"SLING,WEB,POLYESTER,FLAT WOVEN, 5M, 3T",2026-12-01,5,893.640261951239,785.6629283782023,1001.6175955242758,Seasonal naive (12m)
"SLING,WEB,POLYESTER,FLAT WOVEN, 5M, 3T",2027-01-01,6,902.421348065984,782.9758309150341,1021.8668652169338,Seasonal naive (12m)
"SLING,WEB,POLYESTER,FLAT WOVEN, 5M, 3T",2027-02-01,7,911.2887188711546,781.005079018251,1041.5723587240582,Seasonal naive (12m)
"SLING,WEB,POLYESTER,FLAT WOVEN, 5M, 3T",2027-03-01,8,920.2432222172,779.5955689569236,1060.890875477476,Seasonal naive (12m)
"SLING,WEB,POLYESTER,FLAT WOVEN, 5M, 3T",2027-04-01,9,929.2857142857148,778.6404842560709,1079.9309443153584,Seasonal naive (12m)
"SLING,WEB,POLYESTER,FLAT WOVEN, 5M, 3T",2027-05-01,10,912.557834526864,756.6222375420942,1068.4934315116334,Seasonal naive (12m)
"SLING,WEB,POLYESTER,FLAT WOVEN, 5M, 3T",2027-06-01,11,896.1310698684874,735.5284051043209,1056.733734632654,Seasonal naive (12m)
"SLING,WEB,POLYESTER,FLAT WOVEN, 5M, 3T",2027-07-01,12,879.9999999999998,715.2755127083635,1044.724487291636,Seasonal naive (12m)
"SWITCH,SOCKET,FUSE&INDICATOR,6&16A",2026-08-01,1,158.11176232184962,113.33545027432083,202.88807436937844,Linear trend
"SWITCH,SOCKET,FUSE&INDICATOR,6&16A",2026-09-01,2,158.32308307649484,113.48692624630624,203.15923990668347,Linear trend
"SWITCH,SOCKET,FUSE&INDICATOR,6&16A",2026-10-01,3,158.53468626718836,113.63860467012846,203.43076786424828,Linear trend
"SWITCH,SOCKET,FUSE&INDICATOR,6&16A",2026-11-01,4,158.74657227141384,113.79048581637004,203.70265872645768,Linear trend
"SWITCH,SOCKET,FUSE&INDICATOR,6&16A",2026-12-01,5,158.95874146715937,113.94256995597512,203.97491297834364,Linear trend
"SWITCH,SOCKET,FUSE&INDICATOR,6&16A",2027-01-01,6,159.17119423291828,113.16535056131816,205.1770379045184,Linear trend
"SWITCH,SOCKET,FUSE&INDICATOR,6&16A",2027-02-01,7,159.38393094768978,109.62552564984968,209.14233624552983,Linear trend
"SWITCH,SOCKET,FUSE&INDICATOR,6&16A",2027-03-01,8,159.59695199097956,106.3318839894038,212.8620199925553,Linear trend
"SWITCH,SOCKET,FUSE&INDICATOR,6&16A",2027-04-01,9,159.8102577428006,103.23861291379671,216.3819025718045,Linear trend
"SWITCH,SOCKET,FUSE&INDICATOR,6&16A",2027-05-01,10,160.0238485836737,100.31239954962076,219.73529761772664,Linear trend
"SWITCH,SOCKET,FUSE&INDICATOR,6&16A",2027-06-01,11,160.23772489462834,97.52812756397456,222.9473222252821,Linear trend
"SWITCH,SOCKET,FUSE&INDICATOR,6&16A",2027-07-01,12,160.45188705720315,94.86630885739557,226.03746525701075,Linear trend
"MCB,415VAC,20A,2P,10KA,MTG:DIN RAIL",2025-06-01,1,323.3189639042561,164.9482200857616,481.68970772275065,Hist gradient boosting
"MCB,415VAC,20A,2P,10KA,MTG:DIN RAIL",2025-07-01,2,323.6284104587747,165.1060909936822,482.1507299238672,Hist gradient boosting
"MCB,415VAC,20A,2P,10KA,MTG:DIN RAIL",2025-08-01,3,333.3187921964235,170.0498505562981,496.58773383654886,Hist gradient boosting
"MCB,415VAC,20A,2P,10KA,MTG:DIN RAIL",2025-09-01,4,343.6541619829293,175.32266483735935,511.9856591284992,Hist gradient boosting
"MCB,415VAC,20A,2P,10KA,MTG:DIN RAIL",2025-10-01,5,348.3313346553636,177.70882647178877,518.9538428389384,Hist gradient boosting
"MCB,415VAC,20A,2P,10KA,MTG:DIN RAIL",2025-11-01,6,364.5939287034328,186.0055434654776,543.182313941388,Hist gradient boosting
"MCB,415VAC,20A,2P,10KA,MTG:DIN RAIL",2025-12-01,7,353.3663848206451,180.2775671134656,526.4552025278247,Hist gradient boosting
"MCB,415VAC,20A,2P,10KA,MTG:DIN RAIL",2026-01-01,8,339.4031281384194,173.153907218849,505.6523490579898,Hist gradient boosting
"MCB,415VAC,20A,2P,10KA,MTG:DIN RAIL",2026-02-01,9,345.2301077930938,176.12666795922766,514.3335476269599,Hist gradient boosting
"MCB,415VAC,20A,2P,10KA,MTG:DIN RAIL",2026-03-01,10,351.5112916392909,179.33115087278935,523.6914324057925,Hist gradient boosting
"MCB,415VAC,20A,2P,10KA,MTG:DIN RAIL",2026-04-01,11,350.51580681014,178.82328257855764,522.2083310417224,Hist gradient boosting
"MCB,415VAC,20A,2P,10KA,MTG:DIN RAIL",2026-05-01,12,347.4972975237416,177.28332424115806,517.7112708063252,Hist gradient boosting
"MCB,415VAC,20A,2P,10KA",2025-12-01,1,261.6084821032456,254.88326470869444,268.3336994977967,Moving average (auto-k)
"MCB,415VAC,20A,2P,10KA",2026-01-01,2,261.6084821032456,254.0894604744054,269.1275037320858,Moving average (auto-k)
"MCB,415VAC,20A,2P,10KA",2026-02-01,3,261.6084821032456,252.39959892544115,270.81736528105006,Moving average (auto-k)
"MCB,415VAC,20A,2P,10KA",2026-03-01,4,261.6084821032456,250.97497973996315,272.24198446652804,Moving average (auto-k)
"MCB,415VAC,20A,2P,10KA",2026-04-01,5,261.6084821032456,249.71986504164343,273.4970991648477,Moving average (auto-k)
"MCB,415VAC,20A,2P,10KA",2026-05-01,6,261.6084821032456,248.58515461888504,274.63180958760614,Moving average (auto-k)
"MCB,415VAC,20A,2P,10KA",2026-06-01,7,261.6084821032456,247.5416806938141,275.6752835126771,Moving average (auto-k)
"MCB,415VAC,20A,2P,10KA",2026-07-01,8,261.6084821032456,246.5704388455652,276.646525360926,Moving average (auto-k)
"MCB,415VAC,20A,2P,10KA",2026-08-01,9,261.6084821032456,245.65822855832192,277.5587356481693,Moving average (auto-k)
"MCB,415VAC,20A,2P,10KA",2026-09-01,10,261.6084821032456,244.7954386168677,278.4215255896235,Moving average (auto-k)
"MCB,415VAC,20A,2P,10KA",2026-10-01,11,261.6084821032456,243.9748133300629,279.24215087642824,Moving average (auto-k)
"MCB,415VAC,20A,2P,10KA",2026-11-01,12,261.6084821032456,243.19071574763663,280.0262484588545,Moving average (auto-k)
"TERMINAL END,TUBULAR,CU,50MM2",2025-10-01,1,28.014276224370107,23.277536071687592,32.75101637705262,Gaussian process
"TERMINAL END,TUBULAR,CU,50MM2",2025-11-01,2,29.71016602218772,24.68667959644392,34.73365244793151,Gaussian process
"TERMINAL END,TUBULAR,CU,50MM2",2025-12-01,3,32.704952615747445,27.061068835466305,38.34883639602859,Gaussian process
"TERMINAL END,TUBULAR,CU,50MM2",2026-01-01,4,35.94133711716614,28.77943903930005,43.10323519503223,Gaussian process
"TERMINAL END,TUBULAR,CU,50MM2",2026-02-01,5,36.61176563846599,28.45515772526273,44.76837355166925,Gaussian process
"TERMINAL END,TUBULAR,CU,50MM2",2026-03-01,6,35.43060191783768,26.78374911064705,44.077454725028296,Gaussian process
"TERMINAL END,TUBULAR,CU,50MM2",2026-04-01,7,32.341967545406604,23.816477188875705,40.86745790193751,Gaussian process
"TERMINAL END,TUBULAR,CU,50MM2",2026-05-01,8,29.114949433655543,20.91020714909213,37.31969171821895,Gaussian process
"TERMINAL END,TUBULAR,CU,50MM2",2026-06-01,9,27.285747455235978,19.13005162167198,35.44144328879998,Gaussian process
"TERMINAL END,TUBULAR,CU,50MM2",2026-07-01,10,27.039340195464337,18.52011692318285,35.55856346774582,Gaussian process
"TERMINAL END,TUBULAR,CU,50MM2",2026-08-01,11,27.490121090259898,18.40612568359458,36.574116496925214,Gaussian process
"TERMINAL END,TUBULAR,CU,50MM2",2026-09-01,12,27.931360654837693,18.29114773582452,37.57157357385088,Gaussian process
"SLING,WEB,POLYESTER,FLAT WOVEN, 4M, 2T",2026-08-01,1,500.5198218351794,460.42611178203225,540.6135318883265,Seasonal naive (12m)
"SLING,WEB,POLYESTER,FLAT WOVEN, 4M, 2T",2026-09-01,2,503.0523936745381,462.7558141313402,543.348973217736,Seasonal naive (12m)
"SLING,WEB,POLYESTER,FLAT WOVEN, 4M, 2T",2026-10-01,3,505.5977800316072,465.09730450243336,546.098255560781,Seasonal naive (12m)
"SLING,WEB,POLYESTER,FLAT WOVEN, 4M, 2T",2026-11-01,4,508.1560457463504,466.6112675686168,549.700823924084,Seasonal naive (12m)
"SLING,WEB,POLYESTER,FLAT WOVEN, 4M, 2T",2026-12-01,5,510.7272559868125,464.0437580753335,557.4107538982915,Seasonal naive (12m)
"SLING,WEB,POLYESTER,FLAT WOVEN, 4M, 2T",2027-01-01,6,513.3114762507826,461.9135080836773,564.7094444178878,Seasonal naive (12m)
"SLING,WEB,POLYESTER,FLAT WOVEN, 4M, 2T",2027-02-01,7,515.9087723674592,460.1117164430932,571.7058282918251,Seasonal naive (12m)
"SLING,WEB,POLYESTER,FLAT WOVEN, 4M, 2T",2027-03-01,8,518.5192104991306,458.5678288374593,578.470592160802,Seasonal naive (12m)
"SLING,WEB,POLYESTER,FLAT WOVEN, 4M, 2T",2027-04-01,9,521.1428571428569,457.2330663016078,585.052647984106,Seasonal naive (12m)
"SLING,WEB,POLYESTER,FLAT WOVEN, 4M, 2T",2027-05-01,10,510.5479692706255,444.5507093308936,576.5452292103573,Seasonal naive (12m)
"SLING,WEB,POLYESTER,FLAT WOVEN, 4M, 2T",2027-06-01,11,500.1684765582555,432.3571858078278,567.9797673086832,Seasonal naive (12m)
"SLING,WEB,POLYESTER,FLAT WOVEN, 4M, 2T",2027-07-01,12,489.99999999999983,420.61332847316646,559.3866715268333,Seasonal naive (12m)
"MCB,415VAC,16A,2P,10KA",2026-07-01,1,257.86983355435035,233.73720268240447,282.0024644262963,Bayesian ridge (lags)
"MCB,415VAC,16A,2P,10KA",2026-08-01,2,263.31700782920825,235.7659646114315,290.86805104698504,Bayesian ridge (lags)
"MCB,415VAC,16A,2P,10KA",2026-09-01,3,266.0313393336652,231.94050995716827,300.122168710162,Bayesian ridge (lags)
"MCB,415VAC,16A,2P,10KA",2026-10-01,4,267.3552933402244,227.79468862324308,306.91589805720577,Bayesian ridge (lags)
"MCB,415VAC,16A,2P,10KA",2026-11-01,5,270.0171531683443,225.3466859290148,314.6876204076739,Bayesian ridge (lags)
"MCB,415VAC,16A,2P,10KA",2026-12-01,6,275.1301864699309,225.269528354992,324.9908445848698,Bayesian ridge (lags)
"MCB,415VAC,16A,2P,10KA",2027-01-01,7,280.8787134441478,225.8977955534261,335.8596313348695,Bayesian ridge (lags)
"MCB,415VAC,16A,2P,10KA",2027-02-01,8,284.00742387513293,224.5756319535989,343.43921579666693,Bayesian ridge (lags)
"MCB,415VAC,16A,2P,10KA",2027-03-01,9,285.1055323572197,221.82486680187893,348.3861979125604,Bayesian ridge (lags)
"MCB,415VAC,16A,2P,10KA",2027-04-01,10,286.88425633933326,219.7644253204925,354.004087358174,Bayesian ridge (lags)
"MCB,415VAC,16A,2P,10KA",2027-05-01,11,290.7792020487737,219.4275847071051,362.1308193904424,Bayesian ridge (lags)
"MCB,415VAC,16A,2P,10KA",2027-06-01,12,296.9185881296635,220.8207798639756,373.01639639535136,Bayesian ridge (lags)
"BOX PANEL,SIZE:175(A) X 175(B) X 100(C)",2026-07-01,1,536.3285297136606,480.523680288572,592.1333791387492,Linear trend
"BOX PANEL,SIZE:175(A) X 175(B) X 100(C)",2026-08-01,2,537.0095994619066,481.13388489979246,592.8853140240208,Linear trend
"BOX PANEL,SIZE:175(A) X 175(B) X 100(C)",2026-09-01,3,537.6915340830366,473.8514236540224,601.5316445120508,Linear trend
"BOX PANEL,SIZE:175(A) X 175(B) X 100(C)",2026-10-01,4,538.3743346753294,464.564514481678,612.1841548689807,Linear trend
"BOX PANEL,SIZE:175(A) X 175(B) X 100(C)",2026-11-01,5,539.0580023384596,456.4313222445485,621.6846824323707,Linear trend
"BOX PANEL,SIZE:175(A) X 175(B) X 100(C)",2026-12-01,6,539.7425381734988,449.1146049828511,630.3704713641466,Linear trend
"BOX PANEL,SIZE:175(A) X 175(B) X 100(C)",2027-01-01,7,540.4279432829152,442.414280277897,638.4416062879334,Linear trend
"BOX PANEL,SIZE:175(A) X 175(B) X 100(C)",2027-02-01,8,541.1142187705786,436.2001468716483,646.028290669509,Linear trend
"BOX PANEL,SIZE:175(A) X 175(B) X 100(C)",2027-03-01,9,541.8013657417591,430.38187893564,653.2208525478782,Linear trend
"BOX PANEL,SIZE:175(A) X 175(B) X 100(C)",2027-04-01,10,542.4893853031319,424.8937917430271,660.0849788632368,Linear trend
"BOX PANEL,SIZE:175(A) X 175(B) X 100(C)",2027-05-01,11,543.178278562776,419.6863592202301,666.6701979053217,Linear trend
"BOX PANEL,SIZE:175(A) X 175(B) X 100(C)",2027-06-01,12,543.8680466301786,414.72115122705736,673.0149420332998,Linear trend
"MCB,240V,25A,2P,10KA",2026-04-01,1,259.54828977340725,256.248807815122,262.8477717316925,Hist gradient boosting
"MCB,240V,25A,2P,10KA",2026-05-01,2,260.0679083068086,256.76182074932,263.3739958642972,Hist gradient boosting
"MCB,240V,25A,2P,10KA",2026-06-01,3,259.6695820044181,255.8493891892076,263.48977481962856,Hist gradient boosting
"MCB,240V,25A,2P,10KA",2026-07-01,4,260.47096204279006,256.0461697703332,264.89575431524696,Hist gradient boosting
"MCB,240V,25A,2P,10KA",2026-08-01,5,262.5356882928734,257.549405243913,267.52197134183376,Hist gradient boosting
"MCB,240V,25A,2P,10KA",2026-09-01,6,265.5976421070378,260.07173706560155,271.1235471484741,Hist gradient boosting
"MCB,240V,25A,2P,10KA",2026-10-01,7,275.1353359592119,268.9523399216015,281.3183319968223,Hist gradient boosting
"MCB,240V,25A,2P,10KA",2026-11-01,8,287.8786252059333,280.96257733396027,294.7946730779063,Hist gradient boosting
"MCB,240V,25A,2P,10KA",2026-12-01,9,289.12294410719005,281.7556604826992,296.4902277316808,Hist gradient boosting
"MCB,240V,25A,2P,10KA",2027-01-01,10,290.2349461207797,282.4392791066073,298.03061313495215,Hist gradient boosting
"MCB,240V,25A,2P,10KA",2027-02-01,11,285.294682209367,277.2576890910796,293.3316753276544,Hist gradient boosting
"MCB,240V,25A,2P,10KA",2027-03-01,12,283.3306694431871,274.9940920175168,291.66724686885743,Hist gradient boosting
"MCB,415VAC,6A,2P,10KA",2021-10-01,1,269.0,227.3102707097414,310.68972929025864,Naive (last price)
"MCB,415VAC,6A,2P,10KA",2021-11-01,2,269.0,227.3102707097414,310.68972929025864,Naive (last price)
"MCB,415VAC,6A,2P,10KA",2021-12-01,3,269.0,227.3102707097414,310.68972929025864,Naive (last price)
"MCB,415VAC,6A,2P,10KA",2022-01-01,4,269.0,227.3102707097414,310.68972929025864,Naive (last price)
"MCB,415VAC,6A,2P,10KA",2022-02-01,5,269.0,227.3102707097414,310.68972929025864,Naive (last price)
"MCB,415VAC,6A,2P,10KA",2022-03-01,6,269.0,227.3102707097414,310.68972929025864,Naive (last price)
"MCB,415VAC,6A,2P,10KA",2022-04-01,7,269.0,227.3102707097414,310.68972929025864,Naive (last price)
"MCB,415VAC,6A,2P,10KA",2022-05-01,8,269.0,224.55859925322693,313.44140074677307,Naive (last price)
"MCB,415VAC,6A,2P,10KA",2022-06-01,9,269.0,221.86277624979172,316.1372237502082,Naive (last price)
"MCB,415VAC,6A,2P,10KA",2022-07-01,10,269.0,219.3130034574528,318.68699654254726,Naive (last price)
"MCB,415VAC,6A,2P,10KA",2022-08-01,11,269.0,216.8878383871768,321.1121616128233,Naive (last price)
"MCB,415VAC,6A,2P,10KA",2022-09-01,12,269.0,214.57062235793137,323.42937764206863,Naive (last price)
"MCB,415VAC,10A,1P,10KA",2026-07-01,1,108.00000000000004,99.15084162895933,116.84915837104074,Naive (last price)
"MCB,415VAC,10A,1P,10KA",2026-08-01,2,108.00000000000004,97.90232571926111,118.09767428073891,Naive (last price)
"MCB,415VAC,10A,1P,10KA",2026-09-01,3,108.00000000000004,95.6329252116823,120.36707478831777,Naive (last price)
"MCB,415VAC,10A,1P,10KA",2026-10-01,4,108.00000000000004,93.71973208375309,122.28026791624696,Naive (last price)
"MCB,415VAC,10A,1P,10KA",2026-11-01,5,108.00000000000004,92.0341751011813,123.96582489881877,Naive (last price)
"MCB,415VAC,10A,1P,10KA",2026-12-01,6,108.00000000000004,90.51031510747872,125.48968489252132,Naive (last price)
"MCB,415VAC,10A,1P,10KA",2027-01-01,7,108.00000000000004,89.10898121911805,126.891018780882,Naive (last price)
"MCB,415VAC,10A,1P,10KA",2027-02-01,8,108.00000000000004,87.80465143852221,128.19534856147783,Naive (last price)
"MCB,415VAC,10A,1P,10KA",2027-03-01,9,108.00000000000004,86.57959812562962,129.42040187437044,Naive (last price)
"MCB,415VAC,10A,1P,10KA",2027-04-01,10,108.00000000000004,85.42091389361654,130.57908610638353,Naive (last price)
"MCB,415VAC,10A,1P,10KA",2027-05-01,11,108.00000000000004,84.31885470802929,131.68114529197078,Naive (last price)
"MCB,415VAC,10A,1P,10KA",2027-06-01,12,108.00000000000004,83.26585042336458,132.73414957663547,Naive (last price)
"CABLE TIE,TYPE:6/6,DIA:76.2MM",2026-07-01,1,1.241339994662547,1.071723229487061,1.4109567598380328,Bayesian ridge (lags)
"CABLE TIE,TYPE:6/6,DIA:76.2MM",2026-08-01,2,1.2284266326301367,1.0605743499533176,1.3962789153069557,Bayesian ridge (lags)
"CABLE TIE,TYPE:6/6,DIA:76.2MM",2026-09-01,3,1.1995654638802202,1.035656772889477,1.3634741548709632,Bayesian ridge (lags)
"CABLE TIE,TYPE:6/6,DIA:76.2MM",2026-10-01,4,1.170004790396721,1.0101352714573406,1.3298743093361012,Bayesian ridge (lags)
"CABLE TIE,TYPE:6/6,DIA:76.2MM",2026-11-01,5,1.1474978851026734,0.9907037109411152,1.3042920592642313,Bayesian ridge (lags)
"CABLE TIE,TYPE:6/6,DIA:76.2MM",2026-12-01,6,1.1318916040763063,0.976188368106702,1.287594840045911,Bayesian ridge (lags)
"CABLE TIE,TYPE:6/6,DIA:76.2MM",2027-01-01,7,1.1202135764370535,0.9537700047493296,1.2866571481247775,Bayesian ridge (lags)
"CABLE TIE,TYPE:6/6,DIA:76.2MM",2027-02-01,8,1.1092103086259018,0.9330224141903528,1.2853982030614506,Bayesian ridge (lags)
"CABLE TIE,TYPE:6/6,DIA:76.2MM",2027-03-01,9,1.0959648677413167,0.9113209262495467,1.280608809233087,Bayesian ridge (lags)
"CABLE TIE,TYPE:6/6,DIA:76.2MM",2027-04-01,10,1.0804483998699987,0.8885721571905785,1.272324642549419,Bayesian ridge (lags)
"CABLE TIE,TYPE:6/6,DIA:76.2MM",2027-05-01,11,1.064640959614345,0.8663437111336488,1.2629382080950404,Bayesian ridge (lags)
"CABLE TIE,TYPE:6/6,DIA:76.2MM",2027-06-01,12,1.051490424018928,0.8469340014656195,1.2560468465722368,Bayesian ridge (lags)
"MCB,415VAC,10A,3P,10KA",2025-09-01,1,405.7934180799125,394.6196354053116,416.9672007545132,Random forest
"MCB,415VAC,10A,3P,10KA",2025-10-01,2,406.8120255762856,395.3792050062691,418.24484614630217,Random forest
"MCB,415VAC,10A,3P,10KA",2025-11-01,3,407.0120825061264,393.0029082772194,421.0212567350334,Random forest
"MCB,415VAC,10A,3P,10KA",2025-12-01,4,407.646516073057,391.4448999451504,423.8481322009636,Random forest
"MCB,415VAC,10A,3P,10KA",2026-01-01,5,408.9910316767615,390.8173300135033,427.1647333400196,Random forest
"MCB,415VAC,10A,3P,10KA",2026-02-01,6,410.5180045489119,390.5353839930691,430.5006251047546,Random forest
"MCB,415VAC,10A,3P,10KA",2026-03-01,7,410.79022824978426,389.1922185664157,432.38823793315294,Random forest
"MCB,415VAC,10A,3P,10KA",2026-04-01,8,410.95967084055343,387.8609034352518,434.058438245855,Random forest
"MCB,415VAC,10A,3P,10KA",2026-05-01,9,411.6019365957882,387.06370440947614,436.1401687821003,Random forest
"MCB,415VAC,10A,3P,10KA",2026-06-01,10,411.8322449139568,385.95220423735,437.71228559056345,Random forest
"MCB,415VAC,10A,3P,10KA",2026-07-01,11,411.6423543818088,384.5116541155497,438.7730546480679,Random forest
"MCB,415VAC,10A,3P,10KA",2026-08-01,12,407.5534047239572,379.4977921278558,435.6090173200586,Random forest
ELMEX TB UBT-10,2026-05-01,1,16.06724191615718,14.063010792947798,18.07147303936656,Linear trend
ELMEX TB UBT-10,2026-06-01,2,16.02434406470577,14.025464028474874,18.023224100936662,Linear trend
ELMEX TB UBT-10,2026-07-01,3,15.981560746020394,13.674482748844005,18.28863874319678,Linear trend
ELMEX TB UBT-10,2026-08-01,4,15.938891654310565,13.282020007428567,18.59576330119256,Linear trend
ELMEX TB UBT-10,2026-09-01,5,15.896336484602244,12.933794530611742,18.858878438592743,Linear trend
ELMEX TB UBT-10,2026-10-01,6,15.853894932735628,12.617257437628863,19.0905324278424,Linear trend
ELMEX TB UBT-10,2026-11-01,7,15.81156669536299,12.32493250680744,19.298200883918536,Linear trend
ELMEX TB UBT-10,2026-12-01,8,15.7693514699465,12.051934420382189,19.48676851951081,Linear trend
ELMEX TB UBT-10,2027-01-01,9,15.727248954756105,11.794859921289763,19.659637988222443,Linear trend
ELMEX TB UBT-10,2027-02-01,10,15.6852588488673,11.551223839426534,19.819293858308068,Linear trend
ELMEX TB UBT-10,2027-03-01,11,15.64338085215904,11.319144520418307,19.96761718389977,Linear trend
ELMEX TB UBT-10,2027-04-01,12,15.601614665311567,11.097155747088854,20.106073583534283,Linear trend
"MCB,415VAC,6A,1P,10KA",2026-07-01,1,108.99541274750976,101.93195634716378,116.05886914785576,Moving average (auto-k)
"MCB,415VAC,6A,1P,10KA",2026-08-01,2,108.99541274750976,100.93538273829364,117.05544275672592,Moving average (auto-k)
"MCB,415VAC,6A,1P,10KA",2026-09-01,3,108.99541274750976,99.12393233046,118.86689316455954,Moving average (auto-k)
"MCB,415VAC,6A,1P,10KA",2026-10-01,4,108.99541274750976,97.59680899534216,120.3940164996774,Moving average (auto-k)
"MCB,415VAC,6A,1P,10KA",2026-11-01,5,108.99541274750976,96.25138632829432,121.73943916672523,Moving average (auto-k)
"MCB,415VAC,6A,1P,10KA",2026-12-01,6,108.99541274750976,95.03503126101758,122.95579423400196,Moving average (auto-k)
"MCB,415VAC,6A,1P,10KA",2027-01-01,7,108.99541274750976,93.91647733670816,124.07434815831138,Moving average (auto-k)
"MCB,415VAC,6A,1P,10KA",2027-02-01,8,108.99541274750976,92.87535272907748,125.11547276594206,Moving average (auto-k)
"MCB,415VAC,6A,1P,10KA",2027-03-01,9,108.99541274750976,91.89750711925838,126.09331837576116,Moving average (auto-k)
"MCB,415VAC,6A,1P,10KA",2027-04-01,10,108.99541274750976,90.97263774621425,127.01818774880532,Moving average (auto-k)
"MCB,415VAC,6A,1P,10KA",2027-05-01,11,108.99541274750976,90.0929668575712,127.89785863744837,Moving average (auto-k)
"MCB,415VAC,6A,1P,10KA",2027-06-01,12,108.99541274750976,89.25245191341024,128.7383735816093,Moving average (auto-k)
"CABLE TIE,TYPE:6/6,DIA:50.8MM",2026-07-01,1,0.8665635669098688,0.7630985636672899,0.9700285701524476,Holt trend (damped-auto)
"CABLE TIE,TYPE:6/6,DIA:50.8MM",2026-08-01,2,0.8834689970643794,0.7779855378740264,0.9889524562547324,Holt trend (damped-auto)
"CABLE TIE,TYPE:6/6,DIA:50.8MM",2026-09-01,3,0.8989656817038395,0.7916319664126115,1.0062993969950675,Holt trend (damped-auto)
"CABLE TIE,TYPE:6/6,DIA:50.8MM",2026-10-01,4,0.9131449713481102,0.8041182928340531,1.0221716498621671,Holt trend (damped-auto)
"CABLE TIE,TYPE:6/6,DIA:50.8MM",2026-11-01,5,0.926097451324609,0.815524286858521,1.0366706157906969,Holt trend (damped-auto)
"CABLE TIE,TYPE:6/6,DIA:50.8MM",2026-12-01,6,0.9379116934246609,0.8251738372440964,1.050649549605225,Holt trend (damped-auto)
"CABLE TIE,TYPE:6/6,DIA:50.8MM",2027-01-01,7,0.948673317609302,0.8255053139926,1.071841321226004,Holt trend (damped-auto)
"CABLE TIE,TYPE:6/6,DIA:50.8MM",2027-02-01,8,0.958464313811596,0.8254332275109963,1.0914954001121957,Holt trend (damped-auto)
"CABLE TIE,TYPE:6/6,DIA:50.8MM",2027-03-01,9,0.9673625786560022,0.8249518415632765,1.1097733157487275,Holt trend (damped-auto)
"CABLE TIE,TYPE:6/6,DIA:50.8MM",2027-04-01,10,0.9754416271028572,0.8240738331240433,1.1268094210816713,Holt trend (damped-auto)
"CABLE TIE,TYPE:6/6,DIA:50.8MM",2027-05-01,11,0.9827704442456926,0.8228217768896493,1.142719111601736,Holt trend (damped-auto)
"CABLE TIE,TYPE:6/6,DIA:50.8MM",2027-06-01,12,0.98941344749006,0.8212232702908636,1.1576036246892565,Holt trend (damped-auto)
"TERMINAL END,TUBULAR,CU,35MM2",2025-10-01,1,16.13503553985612,15.084222878746044,17.185848200966195,K-nearest neighbours
"TERMINAL END,TUBULAR,CU,35MM2",2025-11-01,2,16.114416889356654,15.064947041464828,17.163886737248482,K-nearest neighbours
"TERMINAL END,TUBULAR,CU,35MM2",2025-12-01,3,16.246463558361093,15.188394019981784,17.3045330967404,K-nearest neighbours
"TERMINAL END,TUBULAR,CU,35MM2",2026-01-01,4,16.22258865540809,15.166073997415864,17.279103313400316,K-nearest neighbours
"TERMINAL END,TUBULAR,CU,35MM2",2026-02-01,5,16.18942733559579,15.120433806194445,17.25842086499714,K-nearest neighbours
"TERMINAL END,TUBULAR,CU,35MM2",2026-03-01,6,16.15791501472036,14.989170643777385,17.326659385663337,K-nearest neighbours
"TERMINAL END,TUBULAR,CU,35MM2",2026-04-01,7,16.215158605069547,14.948298066768594,17.482019143370504,K-nearest neighbours
"TERMINAL END,TUBULAR,CU,35MM2",2026-05-01,8,16.459815541993905,15.085050295289804,17.834580788698005,K-nearest neighbours
"TERMINAL END,TUBULAR,CU,35MM2",2026-06-01,9,16.4266850575952,14.97146131164069,17.881908803549713,K-nearest neighbours
"TERMINAL END,TUBULAR,CU,35MM2",2026-07-01,10,16.461393488572284,14.924211865952785,17.998575111191784,K-nearest neighbours
"TERMINAL END,TUBULAR,CU,35MM2",2026-08-01,11,16.363904662840607,14.761242917729271,17.96656640795194,K-nearest neighbours
"TERMINAL END,TUBULAR,CU,35MM2",2026-09-01,12,16.181929709888824,14.526619015704012,17.837240404073636,K-nearest neighbours
"MCB,415VAC,63A,2P,10KA",2026-05-01,1,399.0256448196423,379.8994738903674,418.1518157489171,Linear trend
"MCB,415VAC,63A,2P,10KA",2026-06-01,2,398.5935340432172,379.4880751275124,417.698992958922,Linear trend
"MCB,415VAC,63A,2P,10KA",2026-07-01,3,398.1618912059476,376.0755623976879,420.2482200142072,Linear trend
"MCB,415VAC,63A,2P,10KA",2026-08-01,4,397.73071580109456,372.255237715231,423.2061938869582,Linear trend
"MCB,415VAC,63A,2P,10KA",2026-09-01,5,397.3000073224693,368.848401009882,425.7516136350565,Linear trend
"MCB,415VAC,63A,2P,10KA",2026-10-01,6,396.86976526443,365.7363435081922,428.0031870206678,Linear trend
"MCB,415VAC,63A,2P,10KA",2026-11-01,7,396.43998912188266,362.8484664052359,430.0315118385294,Linear trend
"MCB,415VAC,63A,2P,10KA",2026-12-01,8,396.01067839028127,360.1387184634877,431.8826383170749,Linear trend
"MCB,415VAC,63A,2P,10KA",2027-01-01,9,395.5818325656246,357.57507608570324,433.588589045546,Linear trend
"MCB,415VAC,63A,2P,10KA",2027-02-01,10,395.1534511444588,355.13419658517694,435.1727057037407,Linear trend
"MCB,415VAC,63A,2P,10KA",2027-03-01,11,394.7255336238738,352.79843803865765,436.65262920908987,Linear trend
"MCB,415VAC,63A,2P,10KA",2027-04-01,12,394.2980795015054,350.5540787586966,438.0420802443142,Linear trend
"TERMINAL,RING TONGUE,CU,4-6MM2",2025-10-01,1,3.302752204899773,2.9934871285498894,3.6120172812496567,Linear trend
"TERMINAL,RING TONGUE,CU,4-6MM2",2025-11-01,2,3.308831476966307,2.9989971461210305,3.618665807811584,Linear trend
"TERMINAL,RING TONGUE,CU,4-6MM2",2025-12-01,3,3.3149219389576574,3.0045173058081494,3.625326572107166,Linear trend
"TERMINAL,RING TONGUE,CU,4-6MM2",2026-01-01,4,3.3210236114707663,3.0100476262795186,3.6319995966620144,Linear trend
"TERMINAL,RING TONGUE,CU,4-6MM2",2026-02-01,5,3.3271365151404884,2.99800345709681,3.6562695731841663,Linear trend
"TERMINAL,RING TONGUE,CU,4-6MM2",2026-03-01,6,3.3332606706396604,2.9720498221292884,3.694471519150032,Linear trend
"TERMINAL,RING TONGUE,CU,4-6MM2",2026-04-01,7,3.339396098679171,2.9485256498273107,3.730266547531032,Linear trend
"TERMINAL,RING TONGUE,CU,4-6MM2",2026-05-01,8,3.34554282000803,2.9269155954278188,3.764170044588241,Linear trend
"TERMINAL,RING TONGUE,CU,4-6MM2",2026-06-01,9,3.35170085541344,2.9068623355821663,3.796539375244714,Linear trend
"TERMINAL,RING TONGUE,CU,4-6MM2",2026-07-01,10,3.3578702257208657,2.888106163241606,3.827634288200125,Linear trend
"TERMINAL,RING TONGUE,CU,4-6MM2",2026-08-01,11,3.364050951794105,2.87045136255286,3.8576505410353503,Linear trend
"TERMINAL,RING TONGUE,CU,4-6MM2",2026-09-01,12,3.370243054535358,2.8537461447773884,3.886739964293328,Linear trend
"TERMINAL END,RING TORQUE,CU,16MM2",2025-10-01,1,5.50846167577824,5.170310948141056,5.846612403415424,Ensemble: inverse-error
"TERMINAL END,RING TORQUE,CU,16MM2",2025-11-01,2,5.521128223092577,5.182199927698168,5.860056518486987,Ensemble: inverse-error
"TERMINAL END,RING TORQUE,CU,16MM2",2025-12-01,3,5.539726105426137,5.199656132406692,5.879796078445582,Ensemble: inverse-error
"TERMINAL END,RING TORQUE,CU,16MM2",2026-01-01,4,5.559337921927984,5.218064028393026,5.900611815462942,Ensemble: inverse-error
"TERMINAL END,RING TORQUE,CU,16MM2",2026-02-01,5,5.574538039316199,5.206381934736647,5.942694143895751,Ensemble: inverse-error
"TERMINAL END,RING TORQUE,CU,16MM2",2026-03-01,6,5.583870357256117,5.179900396269352,5.987840318242883,Ensemble: inverse-error
"TERMINAL END,RING TORQUE,CU,16MM2",2026-04-01,7,5.586472944291421,5.149932143859113,6.023013744723729,Ensemble: inverse-error
"TERMINAL END,RING TORQUE,CU,16MM2",2026-05-01,8,5.579307618348736,5.113224448149096,6.045390788548375,Ensemble: inverse-error
"TERMINAL END,RING TORQUE,CU,16MM2",2026-06-01,9,5.562869254662294,5.069969924350624,6.055768584973964,Ensemble: inverse-error
"TERMINAL END,RING TORQUE,CU,16MM2",2026-07-01,10,5.54328335261806,5.025551125337081,6.061015579899038,Ensemble: inverse-error
"TERMINAL END,RING TORQUE,CU,16MM2",2026-08-01,11,5.52630195452801,4.98496325650602,6.067640652549999,Ensemble: inverse-error
"TERMINAL END,RING TORQUE,CU,16MM2",2026-09-01,12,5.512977610369456,4.948931027699725,6.077024193039186,Ensemble: inverse-error
"TERMINAL,AL,TUBE,LONG BARREL,240MM2",2025-10-01,1,49.08622884090648,27.80727498804886,70.3651826937641,Linear trend
"TERMINAL,AL,TUBE,LONG BARREL,240MM2",2025-11-01,2,49.4450599885637,28.01055229479657,70.87956768233083,Linear trend
"TERMINAL,AL,TUBE,LONG BARREL,240MM2",2025-12-01,3,49.80651427096911,28.215315603443315,71.3977129384949,Linear trend
"TERMINAL,AL,TUBE,LONG BARREL,240MM2",2026-01-01,4,50.17061086381563,28.421575776990352,71.91964595064091,Linear trend
"TERMINAL,AL,TUBE,LONG BARREL,240MM2",2026-02-01,5,50.53736908297473,26.96808651839172,74.10665164755774,Linear trend
"TERMINAL,AL,TUBE,LONG BARREL,240MM2",2026-03-01,6,50.90680838552119,24.89921141402312,76.91440535701925,Linear trend
"TERMINAL,AL,TUBE,LONG BARREL,240MM2",2026-04-01,7,51.2789483707653,22.982178575131968,79.57571816639863,Linear trend
"TERMINAL,AL,TUBE,LONG BARREL,240MM2",2026-05-01,8,51.65380878129258,21.18215146918645,82.1254660933987,Linear trend
"TERMINAL,AL,TUBE,LONG BARREL,240MM2",2026-06-01,9,52.0314095040112,20.812563801604483,83.25025520641793,Linear trend
"TERMINAL,AL,TUBE,LONG BARREL,240MM2",2026-07-01,10,52.411770571207086,20.964708228482834,83.85883291393134,Linear trend
"TERMINAL,AL,TUBE,LONG BARREL,240MM2",2026-08-01,11,52.79491216160647,21.117964864642587,84.47185945857035,Linear trend
"TERMINAL,AL,TUBE,LONG BARREL,240MM2",2026-09-01,12,53.18085460144665,21.27234184057866,85.08936736231465,Linear trend
"TERMINAL END,TUBULAR,CU,16MM2",2025-10-01,1,6.5277545711471285,6.0008898888662445,7.0546192534280125,Random forest
"TERMINAL END,TUBULAR,CU,16MM2",2025-11-01,2,6.523561169713348,5.997034943036149,7.050087396390548,Random forest
"TERMINAL END,TUBULAR,CU,16MM2",2025-12-01,3,6.519141930353738,5.99297238699172,7.045311473715756,Random forest
"TERMINAL END,TUBULAR,CU,16MM2",2026-01-01,4,6.516245037348607,5.990309306486141,7.042180768211072,Random forest
"TERMINAL END,TUBULAR,CU,16MM2",2026-02-01,5,6.51580279580222,5.92782867986751,7.103776911736931,Random forest
"TERMINAL END,TUBULAR,CU,16MM2",2026-03-01,6,6.482525164789308,5.841721317567086,7.123329012011531,Random forest
"TERMINAL END,TUBULAR,CU,16MM2",2026-04-01,7,6.449421102519808,5.760808402293175,7.138033802746442,Random forest
"TERMINAL END,TUBULAR,CU,16MM2",2026-05-01,8,6.410866104202976,5.679108955515872,7.142623252890081,Random forest
"TERMINAL END,TUBULAR,CU,16MM2",2026-06-01,9,6.398418863286936,5.623780152970055,7.173057573603816,Random forest
"TERMINAL END,TUBULAR,CU,16MM2",2026-07-01,10,6.403780552524318,5.586555418848377,7.221005686200259,Random forest
"TERMINAL END,TUBULAR,CU,16MM2",2026-08-01,11,6.438085358889659,5.576380886597135,7.299789831182184,Random forest
"TERMINAL END,TUBULAR,CU,16MM2",2026-09-01,12,6.463693561410796,5.560092659656658,7.367294463164935,Random forest
"TERMINAL END,TUBULAR,CU,10MM2",2025-10-01,1,5.777852484200405,5.582612100316331,5.973092868084478,Support vector (RBF)
"TERMINAL END,TUBULAR,CU,10MM2",2025-11-01,2,5.751592062150064,5.5572390485988405,5.945945075701287,Support vector (RBF)
"TERMINAL END,TUBULAR,CU,10MM2",2025-12-01,3,5.729509497336556,5.5359026794424775,5.923116315230634,Support vector (RBF)
"TERMINAL END,TUBULAR,CU,10MM2",2026-01-01,4,5.717354552002512,5.524158463908061,5.910550640096964,Support vector (RBF)
"TERMINAL END,TUBULAR,CU,10MM2",2026-02-01,5,5.726990340216727,5.522545737828279,5.931434942605176,Support vector (RBF)
"TERMINAL END,TUBULAR,CU,10MM2",2026-03-01,6,5.757002785152051,5.531871287163448,5.982134283140653,Support vector (RBF)
"TERMINAL END,TUBULAR,CU,10MM2",2026-04-01,7,5.781536757076953,5.537330657367271,6.0257428567866365,Support vector (RBF)
"TERMINAL END,TUBULAR,CU,10MM2",2026-05-01,8,5.767028687097925,5.506616502076927,6.027440872118923,Support vector (RBF)
"TERMINAL END,TUBULAR,CU,10MM2",2026-06-01,9,5.7162963275353285,5.442517294554345,5.990075360516312,Support vector (RBF)
"TERMINAL END,TUBULAR,CU,10MM2",2026-07-01,10,5.683124885929529,5.396211113298282,5.970038658560777,Support vector (RBF)
"TERMINAL END,TUBULAR,CU,10MM2",2026-08-01,11,5.71366520372694,5.411130410704055,6.016199996749826,Support vector (RBF)
"TERMINAL END,TUBULAR,CU,10MM2",2026-09-01,12,5.767239001224845,5.448288882006211,6.086189120443479,Support vector (RBF)
"TERMINAL,RING TONGUE,CU,10MM2",2025-10-01,1,3.090689563442968,2.7470542329450955,3.43432489394084,Autoregressive (ridge)
"TERMINAL,RING TONGUE,CU,10MM2",2025-11-01,2,3.087440158517859,2.744166109964498,3.43071420707122,Autoregressive (ridge)
"TERMINAL,RING TONGUE,CU,10MM2",2025-12-01,3,3.0820944200299465,2.73941473224118,3.4247741078187137,Autoregressive (ridge)
"TERMINAL,RING TONGUE,CU,10MM2",2026-01-01,4,3.076260227658992,2.7342292089074824,3.4182912464105017,Autoregressive (ridge)
"TERMINAL,RING TONGUE,CU,10MM2",2026-02-01,5,3.07020103049246,2.7029590124541127,3.4374430485308074,Autoregressive (ridge)
"TERMINAL,RING TONGUE,CU,10MM2",2026-03-01,6,3.0642910312977985,2.662771953495203,3.465810109100394,Autoregressive (ridge)
"TERMINAL,RING TONGUE,CU,10MM2",2026-04-01,7,3.0585181923719365,2.625645052815017,3.491391331928856,Autoregressive (ridge)
"TERMINAL,RING TONGUE,CU,10MM2",2026-05-01,8,3.05261657633348,2.590748652967505,3.514484499699454,Autoregressive (ridge)
"TERMINAL,RING TONGUE,CU,10MM2",2026-06-01,9,3.046880779610872,2.5579163512161487,3.535845208005596,Autoregressive (ridge)
"TERMINAL,RING TONGUE,CU,10MM2",2026-07-01,10,3.041281920735236,2.526815267125845,3.555748574344628,Autoregressive (ridge)
"TERMINAL,RING TONGUE,CU,10MM2",2026-08-01,11,3.0358185018827943,2.497210630578884,3.5744263731867045,Autoregressive (ridge)
"TERMINAL,RING TONGUE,CU,10MM2",2026-09-01,12,3.030492126295596,2.468921565199027,3.592062687392165,Autoregressive (ridge)
"CABLE TIE,TYPE:6/6,DIA:25.4MM",2026-07-01,1,0.252787415756972,0.2100109704819899,0.2955638610319542,Extra trees
"CABLE TIE,TYPE:6/6,DIA:25.4MM",2026-08-01,2,0.2418003311354206,0.2008831098358013,0.2827175524350398,Extra trees
"CABLE TIE,TYPE:6/6,DIA:25.4MM",2026-09-01,3,0.2412927265031146,0.2004614015749984,0.2821240514312307,Extra trees
"CABLE TIE,TYPE:6/6,DIA:25.4MM",2026-10-01,4,0.2386755121885886,0.1982870697693306,0.2790639546078466,Extra trees
"CABLE TIE,TYPE:6/6,DIA:25.4MM",2026-11-01,5,0.2368514837567777,0.1967717016881931,0.2769312658253623,Extra trees
"CABLE TIE,TYPE:6/6,DIA:25.4MM",2026-12-01,6,0.2366625424951681,0.1957889179713453,0.277536167018991,Extra trees
"CABLE TIE,TYPE:6/6,DIA:25.4MM",2027-01-01,7,0.2366781727006687,0.1925266966172802,0.2808296487840573,Extra trees
"CABLE TIE,TYPE:6/6,DIA:25.4MM",2027-02-01,8,0.2367837304518592,0.1895627661116229,0.2840046947920955,Extra trees
"CABLE TIE,TYPE:6/6,DIA:25.4MM",2027-03-01,9,0.2363370788436476,0.1863461601435857,0.2863279975437096,Extra trees
"CABLE TIE,TYPE:6/6,DIA:25.4MM",2027-04-01,10,0.2362451919435761,0.1835706244289849,0.2889197594581673,Extra trees
"CABLE TIE,TYPE:6/6,DIA:25.4MM",2027-05-01,11,0.2367040009182653,0.1813511567056674,0.2920568451308632,Extra trees
"CABLE TIE,TYPE:6/6,DIA:25.4MM",2027-06-01,12,0.2366878369265097,0.1788776247013525,0.2944980491516669,Extra trees
"TERMINAL END,TYPE:PIN,6MM2",2025-10-01,1,2.54,2.377377973568282,2.702622026431718,Naive (last price)
"TERMINAL END,TYPE:PIN,6MM2",2025-11-01,2,2.54,2.377377973568282,2.702622026431718,Naive (last price)
"TERMINAL END,TYPE:PIN,6MM2",2025-12-01,3,2.54,2.377377973568282,2.702622026431718,Naive (last price)
"TERMINAL END,TYPE:PIN,6MM2",2026-01-01,4,2.54,2.377377973568282,2.702622026431718,Naive (last price)
"TERMINAL END,TYPE:PIN,6MM2",2026-02-01,5,2.54,2.368199128060825,2.7118008719391744,Naive (last price)
"TERMINAL END,TYPE:PIN,6MM2",2026-03-01,6,2.54,2.351801574079716,2.7281984259202847,Naive (last price)
"TERMINAL END,TYPE:PIN,6MM2",2026-04-01,7,2.54,2.336722466960352,2.743277533039648,Naive (last price)
"TERMINAL END,TYPE:PIN,6MM2",2026-05-01,8,2.54,2.32268717626772,2.75731282373228,Naive (last price)
"TERMINAL END,TYPE:PIN,6MM2",2026-06-01,9,2.54,2.309504943050161,2.7704950569498386,Naive (last price)
"TERMINAL END,TYPE:PIN,6MM2",2026-07-01,10,2.54,2.297036876876096,2.7829631231239045,Naive (last price)
"TERMINAL END,TYPE:PIN,6MM2",2026-08-01,11,2.54,2.285178126688596,2.7948218733114047,Naive (last price)
"TERMINAL END,TYPE:PIN,6MM2",2026-09-01,12,2.54,2.273847233646265,2.8061527663537347,Naive (last price)
"LINING,TUNDISH F/BLOOM CASTER",2026-07-01,1,145376.67925970306,104778.23988383374,185975.1186355724,Support vector (RBF)
"LINING,TUNDISH F/BLOOM CASTER",2026-08-01,2,145523.456833955,104884.02779949427,186162.8858684157,Support vector (RBF)
"LINING,TUNDISH F/BLOOM CASTER",2026-09-01,3,144756.24985466083,104331.07393284676,185181.42577647496,Support vector (RBF)
"LINING,TUNDISH F/BLOOM CASTER",2026-10-01,4,143853.20064062614,103680.21364592267,184026.1876353296,Support vector (RBF)
"LINING,TUNDISH F/BLOOM CASTER",2026-11-01,5,143886.37369400894,103704.12266738832,184068.6247206296,Support vector (RBF)
"LINING,TUNDISH F/BLOOM CASTER",2026-12-01,6,144126.07673976058,103876.88533714076,184375.2681423804,Support vector (RBF)
"LINING,TUNDISH F/BLOOM CASTER",2027-01-01,7,144171.87695329316,101345.0588396665,186998.69506691984,Support vector (RBF)
"LINING,TUNDISH F/BLOOM CASTER",2027-02-01,8,144109.59961672642,98345.5822704818,189873.61696297105,Support vector (RBF)
"LINING,TUNDISH F/BLOOM CASTER",2027-03-01,9,143836.9521754936,95388.71682098486,192285.1875300024,Support vector (RBF)
"LINING,TUNDISH F/BLOOM CASTER",2027-04-01,10,143560.30481349298,92589.60360538017,194531.0060216058,Support vector (RBF)
"LINING,TUNDISH F/BLOOM CASTER",2027-05-01,11,143451.98456487237,90033.7980845361,196870.17104520864,Support vector (RBF)
"LINING,TUNDISH F/BLOOM CASTER",2027-06-01,12,143412.9190046187,87634.63683503617,199191.20117420127,Support vector (RBF)
"GRAPHITE ELECTRODE ,IS:9050,457MM,1800MM",2026-07-01,1,271.20546112939707,267.78545300329785,274.6254692554963,Ensemble: top-5 mean
"GRAPHITE ELECTRODE ,IS:9050,457MM,1800MM",2026-08-01,2,271.0506746475818,267.632618440236,274.4687308549276,Ensemble: top-5 mean
"GRAPHITE ELECTRODE ,IS:9050,457MM,1800MM",2026-09-01,3,270.8988999734774,267.48275770479864,274.3150422421561,Ensemble: top-5 mean
"GRAPHITE ELECTRODE ,IS:9050,457MM,1800MM",2026-10-01,4,270.7498628179386,267.3355999667351,274.1641256691421,Ensemble: top-5 mean
"GRAPHITE ELECTRODE ,IS:9050,457MM,1800MM",2026-11-01,5,270.6893242641064,267.24351241583093,274.1351361123819,Ensemble: top-5 mean
"GRAPHITE ELECTRODE ,IS:9050,457MM,1800MM",2026-12-01,6,270.6307900487156,266.85690853788344,274.4046715595477,Ensemble: top-5 mean
"GRAPHITE ELECTRODE ,IS:9050,457MM,1800MM",2027-01-01,7,270.57406161680467,266.4986581476307,274.64946508597865,Ensemble: top-5 mean
"GRAPHITE ELECTRODE ,IS:9050,457MM,1800MM",2027-02-01,8,270.5189604886689,266.1630581583995,274.87486281893825,Ensemble: top-5 mean
"GRAPHITE ELECTRODE ,IS:9050,457MM,1800MM",2027-03-01,9,270.46532621002734,265.8461101038564,275.0845423161983,Ensemble: top-5 mean
"GRAPHITE ELECTRODE ,IS:9050,457MM,1800MM",2027-04-01,10,270.41301451524447,265.5448749621786,275.2811540683104,Ensemble: top-5 mean
"GRAPHITE ELECTRODE ,IS:9050,457MM,1800MM",2027-05-01,11,270.36189568075827,265.257113033158,275.4666783283585,Ensemble: top-5 mean
"GRAPHITE ELECTRODE ,IS:9050,457MM,1800MM",2027-06-01,12,270.31185304844746,264.9810683479089,275.64263774898603,Ensemble: top-5 mean
"BRICK,FIRE,230X113X50",2023-06-01,1,25.01755701561195,23.11086826007879,26.924245771145102,Theta method
"BRICK,FIRE,230X113X50",2023-07-01,2,25.0622298165068,23.15213636693851,26.972323266075072,Theta method
"BRICK,FIRE,230X113X50",2023-08-01,3,25.106982387746072,23.19347816452352,27.020486610968625,Theta method
"BRICK,FIRE,230X113X50",2023-09-01,4,25.15181487177232,23.23489378442021,27.06873595912441,Theta method
"BRICK,FIRE,230X113X50",2023-10-01,5,25.19672741128246,23.27638335845004,27.11707146411488,Theta method
"BRICK,FIRE,230X113X50",2023-11-01,6,25.2417201492282,23.278277419751195,27.205162878705192,Theta method
"BRICK,FIRE,230X113X50",2023-12-01,7,25.286793228816503,23.162245741477328,27.411340716155685,Theta method
"BRICK,FIRE,230X113X50",2024-01-01,8,25.33194679351009,23.056654341469443,27.60723924555075,Theta method
"BRICK,FIRE,230X113X50",2024-02-01,9,25.377180987027835,22.959559553962805,27.794802420092868,Theta method
"BRICK,FIRE,230X113X50",2024-03-01,10,25.42249595334524,22.869548638786625,27.97544326790385,Theta method
"BRICK,FIRE,230X113X50",2024-04-01,11,25.46789183669489,22.785556909023423,28.150226764366355,Theta method
"BRICK,FIRE,230X113X50",2024-05-01,12,25.51336878156693,22.706758608602147,28.31997895453171,Theta method
"BACK UP LINING,TUNDISH F/ BILLET CASTER",2026-08-01,1,371540.3402835965,341132.5320036631,401948.14856353,Support vector (RBF)
"BACK UP LINING,TUNDISH F/ BILLET CASTER",2026-09-01,2,386588.6472895138,354949.24721520283,418228.04736382485,Support vector (RBF)
"BACK UP LINING,TUNDISH F/ BILLET CASTER",2026-10-01,3,387036.3747555365,355360.3315244203,418712.4179866527,Support vector (RBF)
"BACK UP LINING,TUNDISH F/ BILLET CASTER",2026-11-01,4,394979.4754986473,362653.3486605657,427305.60233672895,Support vector (RBF)
"BACK UP LINING,TUNDISH F/ BILLET CASTER",2026-12-01,5,401466.65657470375,368298.5752493894,434634.73790001817,Support vector (RBF)
"BACK UP LINING,TUNDISH F/ BILLET CASTER",2027-01-01,6,403869.25084702455,367317.9969385439,440420.5047555053,Support vector (RBF)
"BACK UP LINING,TUNDISH F/ BILLET CASTER",2027-02-01,7,407240.3811739771,367430.9729715013,447049.7893764529,Support vector (RBF)
"BACK UP LINING,TUNDISH F/ BILLET CASTER",2027-03-01,8,411284.2510483759,368303.6049658509,454264.8971309008,Support vector (RBF)
"BACK UP LINING,TUNDISH F/ BILLET CASTER",2027-04-01,9,414059.2927787483,368163.8401860767,459954.74537142,Support vector (RBF)
"BACK UP LINING,TUNDISH F/ BILLET CASTER",2027-05-01,10,416800.2880908196,368101.97957623296,465498.5966054062,Support vector (RBF)
"BACK UP LINING,TUNDISH F/ BILLET CASTER",2027-06-01,11,420478.7353397643,368952.7570557819,472004.7136237466,Support vector (RBF)
"BACK UP LINING,TUNDISH F/ BILLET CASTER",2027-07-01,12,425024.0171084928,370625.1367688706,479422.897448115,Support vector (RBF)
COLLER FOR TRUMPET,2025-06-01,1,386.0916792740695,382.2307624813288,389.9525960668102,Theta method
COLLER FOR TRUMPET,2025-07-01,2,386.18896720078806,382.3270775287802,390.0508568727959,Theta method
COLLER FOR TRUMPET,2025-08-01,3,386.2862796422558,382.4234168458332,390.1491424386784,Theta method
COLLER FOR TRUMPET,2025-09-01,4,386.38361660465,382.5197804386035,390.2474527706965,Theta method
COLLER FOR TRUMPET,2025-10-01,5,386.4809780941495,382.6161683132081,390.345787875091,Theta method
COLLER FOR TRUMPET,2025-11-01,6,386.57836411693467,382.7125804757653,390.444147758104,Theta method
COLLER FOR TRUMPET,2025-12-01,7,386.6757746791877,382.8090169323958,390.5425324259796,Theta method
COLLER FOR TRUMPET,2026-01-01,8,386.7732097870912,382.9054776892202,390.6409418849621,Theta method
COLLER FOR TRUMPET,2026-02-01,9,386.8706694468314,383.0019627523631,390.7393761412997,Theta method
COLLER FOR TRUMPET,2026-03-01,10,386.9681536645937,383.0984721279478,390.83783520123967,Theta method
COLLER FOR TRUMPET,2026-04-01,11,387.0656624465676,383.195005822102,390.93631907103327,Theta method
COLLER FOR TRUMPET,2026-05-01,12,387.16319579894144,383.2915638409521,391.0348277569309,Theta method
"FERRO SILICON,25-50MM",2026-04-01,1,139267.3067294805,128110.93194072618,150423.68151823487,Naive (last price)
"FERRO SILICON,25-50MM",2026-05-01,2,139267.3067294805,128110.93194072618,150423.68151823487,Naive (last price)
"FERRO SILICON,25-50MM",2026-06-01,3,139267.3067294805,127374.57124501004,151160.042213951,Naive (last price)
"FERRO SILICON,25-50MM",2026-07-01,4,139267.3067294805,125534.75866276042,152999.8547962006,Naive (last price)
"FERRO SILICON,25-50MM",2026-08-01,5,139267.3067294805,123913.8512387458,154620.76222021523,Naive (last price)
"FERRO SILICON,25-50MM",2026-09-01,6,139267.3067294805,122448.43891362661,156086.17454533442,Naive (last price)
"FERRO SILICON,25-50MM",2026-10-01,7,139267.3067294805,121100.85320358943,157433.7602553716,Naive (last price)
"FERRO SILICON,25-50MM",2026-11-01,8,139267.3067294805,119846.55100758452,158688.0624513765,Naive (last price)
"FERRO SILICON,25-50MM",2026-12-01,9,139267.3067294805,118668.48462940038,159866.12882956062,Naive (last price)
"FERRO SILICON,25-50MM",2027-01-01,10,139267.3067294805,117554.24174519182,160980.37171376921,Naive (last price)
"FERRO SILICON,25-50MM",2027-02-01,11,139267.3067294805,116494.45205306503,162040.16140589598,Naive (last price)
"FERRO SILICON,25-50MM",2027-03-01,12,139267.3067294805,115481.83576053956,163052.77769842144,Naive (last price)
