mape,smape,rmse,mase,coverage,n_scored,mean_h,commodity,model,kind
0.0609972619126905,0.0602759266011624,5094.122794587475,1.0797683292518496,1.0,9,4.333333333333333,"SILICO MANGANESE,25 TO 50 MM",Naive (last price),single
0.0801214586153889,0.0766866497810378,7044.8267110345805,1.4121219260803606,1.0,9,4.333333333333333,"SILICO MANGANESE,25 TO 50 MM",Seasonal naive (12m),single
0.0639815687276049,0.0623171509756323,5407.067288097374,1.1233935237097408,1.0,9,4.333333333333333,"SILICO MANGANESE,25 TO 50 MM",Drift,single
0.0546744258452523,0.053567865481398,4946.493387046038,0.9666282973001228,1.0,9,4.333333333333333,"SILICO MANGANESE,25 TO 50 MM",Moving average (auto-k),single
0.060400858982383,0.0596322181726404,5066.623236705572,1.0691853973561587,1.0,9,4.333333333333333,"SILICO MANGANESE,25 TO 50 MM",Simple exp. smoothing,single
0.0818270586979359,0.0836181042022566,6865.434609951842,1.453843627949185,1.0,9,4.333333333333333,"SILICO MANGANESE,25 TO 50 MM",Holt trend (damped-auto),single
0.0962377668126193,0.0941259791145773,7663.168359904635,1.6959299169494384,1.0,9,4.333333333333333,"SILICO MANGANESE,25 TO 50 MM",Holt-Winters seasonal,single
0.0600061340279398,0.0584669530053565,5180.877537411007,1.0556260657041885,1.0,9,4.333333333333333,"SILICO MANGANESE,25 TO 50 MM",Theta method,single
0.1984634350342135,0.1768715521456786,14632.52930616369,3.483158246922662,1.0,9,4.333333333333333,"SILICO MANGANESE,25 TO 50 MM",Linear trend,single
0.0597034311671814,0.0592771654504142,4784.484605057236,1.0574390163159515,1.0,9,4.333333333333333,"SILICO MANGANESE,25 TO 50 MM",Autoregressive (ridge),single
0.0648265241255422,0.0630249801787409,6006.210565142271,1.145563926685589,1.0,9,4.333333333333333,"SILICO MANGANESE,25 TO 50 MM",Random forest,single
0.062202306375291,0.0596970577656751,5944.423382896069,1.093453828849821,1.0,9,4.333333333333333,"SILICO MANGANESE,25 TO 50 MM",Extra trees,single
0.0553054027027666,0.0532110119785467,5818.603079677759,0.974164377040653,1.0,9,4.333333333333333,"SILICO MANGANESE,25 TO 50 MM",Gradient boosting,single
0.0772080800049178,0.072759115621033,7615.599279178592,1.350472581775935,1.0,9,4.333333333333333,"SILICO MANGANESE,25 TO 50 MM",Hist gradient boosting,single
0.0865210484752942,0.0841115122480025,7258.682847864253,1.5552310413945174,1.0,9,4.333333333333333,"SILICO MANGANESE,25 TO 50 MM",Support vector (RBF),single
0.0748497946035409,0.0745925369583184,5939.860707417235,1.3299543956711086,1.0,9,4.333333333333333,"SILICO MANGANESE,25 TO 50 MM",K-nearest neighbours,single
127827486041.95032,1.8456897600968527,1.3548959903015246e+16,2512391524537.3604,0.2222222222222222,2,2.0,"SILICO MANGANESE,25 TO 50 MM",Neural net (MLP),single
0.082179855148373,0.0780171182474715,6716.489101681589,1.447466559305867,1.0,9,4.333333333333333,"SILICO MANGANESE,25 TO 50 MM",Bayesian ridge (lags),single
0.0593835990478754,0.0599231202874515,5012.761616249583,1.074580218477318,1.0,9,4.333333333333333,"SILICO MANGANESE,25 TO 50 MM",Gaussian process,single
0.0667910520414571,0.0655972529459267,5189.639442171162,1.1782293068596157,1.0,9,4.333333333333333,"SILICO MANGANESE,25 TO 50 MM",Ensemble: top-5 mean,ensemble
0.0624235429752773,0.0612692662633016,5111.060893001895,1.100181478273899,1.0,9,4.333333333333333,"SILICO MANGANESE,25 TO 50 MM",Ensemble: inverse-error,ensemble
0.073449376864942,0.0726821395199313,5487.150438996462,1.298764573275326,1.0,9,4.333333333333333,"SILICO MANGANESE,25 TO 50 MM",Ensemble: annealed weights,ensemble
0.068811648328585,0.0689647259691531,5552.939653062645,1.2204667235564244,1.0,9,4.333333333333333,"SILICO MANGANESE,25 TO 50 MM",Ensemble: greedy selection,ensemble
0.2801587087572049,0.2535671252187832,1387997.4027352082,0.9669003867279214,1.0,7,5.428571428571429,BOF STEEL LADLE SET,Naive (last price),single
0.266344866837427,0.2517445386199129,891594.7732975472,0.7882243873669095,1.0,7,5.428571428571429,BOF STEEL LADLE SET,Seasonal naive (12m),single
0.3025028485858218,0.2663363947512537,1379624.1636595442,1.0047044818271162,1.0,7,5.428571428571429,BOF STEEL LADLE SET,Drift,single
0.3563638049129329,0.3054393984291656,1443558.175056569,1.1339685345823072,1.0,7,5.428571428571429,BOF STEEL LADLE SET,Moving average (auto-k),single
0.290136485114447,0.2619053344357937,1384752.0378913016,0.9894150056758882,1.0,7,5.428571428571429,BOF STEEL LADLE SET,Simple exp. smoothing,single
0.3905987999462471,0.3122351445735236,1719281.5911821134,1.2645287252518156,1.0,7,5.428571428571429,BOF STEEL LADLE SET,Holt trend (damped-auto),single
0.5038583541571838,0.4202820352125523,1963450.5534601973,1.57731841640295,1.0,7,5.428571428571429,BOF STEEL LADLE SET,Holt-Winters seasonal,single
0.3234086938923594,0.2843667866602029,1384100.3584849597,1.0560177897020695,1.0,7,5.428571428571429,BOF STEEL LADLE SET,Theta method,single
0.7198494150966317,0.521046811616671,1691272.552830208,1.7532852725525063,1.0,7,5.428571428571429,BOF STEEL LADLE SET,Linear trend,single
0.3770844616673633,0.3270215877699197,1382003.0757782618,1.140584099634043,1.0,7,5.428571428571429,BOF STEEL LADLE SET,Autoregressive (ridge),single
0.3575142304039295,0.3358914416536672,1415772.1866193973,1.1543294642320163,1.0,7,5.428571428571429,BOF STEEL LADLE SET,Random forest,single
0.3505622289711568,0.3242508873135787,1407664.625341124,1.1361392032162665,1.0,7,5.428571428571429,BOF STEEL LADLE SET,Extra trees,single
0.4604328248862335,0.3740465599083021,1451069.5439388582,1.3183076607857098,1.0,7,5.428571428571429,BOF STEEL LADLE SET,Gradient boosting,single
0.325278736311867,0.2976425433594434,1457230.935181983,1.0950627293505322,1.0,7,5.428571428571429,BOF STEEL LADLE SET,Hist gradient boosting,single
0.367778222534798,0.3116190845701259,1387578.330877016,1.1386187420330554,1.0,7,5.428571428571429,BOF STEEL LADLE SET,Support vector (RBF),single
0.3109312666955894,0.2973567864996566,1335552.7525202536,1.022105588838722,1.0,7,5.428571428571429,BOF STEEL LADLE SET,K-nearest neighbours,single
8.42824411194642e+60,1.3487033998081392,3.2115923445065766e+67,1.9571295028370728e+61,0.4285714285714285,3,1.3333333333333333,BOF STEEL LADLE SET,Neural net (MLP),single
0.4259849619905594,0.3541942365217631,1769937.0685840196,1.3638977724762025,1.0,7,5.428571428571429,BOF STEEL LADLE SET,Bayesian ridge (lags),single
0.3975532292551063,0.3398504497002673,1401797.6345876572,1.2042478416362294,1.0,7,5.428571428571429,BOF STEEL LADLE SET,Gaussian process,single
0.355643575977823,0.3211018974754676,1393822.2214777402,1.132946847693183,1.0,7,5.428571428571429,BOF STEEL LADLE SET,Ensemble: top-5 mean,ensemble
0.3535150998198769,0.319372062380128,1369780.3263421634,1.1221560081248774,1.0,7,5.428571428571429,BOF STEEL LADLE SET,Ensemble: inverse-error,ensemble
0.3270911894810759,0.3120291447173984,1356271.7847530884,1.0679463365347268,1.0,7,5.428571428571429,BOF STEEL LADLE SET,Ensemble: annealed weights,ensemble
0.3342227485497594,0.3180797077778045,1368141.1121401235,1.0882175265353693,1.0,7,5.428571428571429,BOF STEEL LADLE SET,Ensemble: greedy selection,ensemble
0.1847322125528078,0.1820673911807193,267.0170014439531,0.9610977870983652,1.0,7,5.0,"FERRO VANADIUM,IS:1466-1985",Naive (last price),single
0.0822582326825961,0.0772069335986391,129.23301305654795,0.3820732459082679,1.0,7,5.0,"FERRO VANADIUM,IS:1466-1985",Seasonal naive (12m),single
0.220905202426863,0.2074228329136781,320.5054795293343,1.1288715612787696,1.0,7,5.0,"FERRO VANADIUM,IS:1466-1985",Drift,single
0.1745922181389622,0.1710804410510536,246.2659573600459,0.8862102613560491,1.0,7,5.0,"FERRO VANADIUM,IS:1466-1985",Moving average (auto-k),single
0.1827293492550459,0.1802648407647087,263.0704698188901,0.9495912298337468,1.0,7,5.0,"FERRO VANADIUM,IS:1466-1985",Simple exp. smoothing,single
0.2122735653203201,0.2080332883797466,315.708374261286,1.1129041690090198,1.0,7,5.0,"FERRO VANADIUM,IS:1466-1985",Holt trend (damped-auto),single
0.2795818307355894,0.2602511557109654,440.1760865446464,1.472176329623745,1.0,7,5.0,"FERRO VANADIUM,IS:1466-1985",Holt-Winters seasonal,single
0.1948179971302754,0.1874403017257001,277.16212603285646,0.9972672422621848,1.0,7,5.0,"FERRO VANADIUM,IS:1466-1985",Theta method,single
0.3345872571301331,0.2703805132956509,484.9751131353577,1.564060786910435,1.0,7,5.0,"FERRO VANADIUM,IS:1466-1985",Linear trend,single
0.1721035740142703,0.1714504330768388,250.5307382397452,0.8961799967072711,1.0,7,5.0,"FERRO VANADIUM,IS:1466-1985",Autoregressive (ridge),single
0.1922995933533201,0.1829904490502225,279.846992744932,0.9652688300702388,1.0,7,5.0,"FERRO VANADIUM,IS:1466-1985",Random forest,single
0.179048119007096,0.1694646597771352,274.3100942327469,0.871275901558711,1.0,7,5.0,"FERRO VANADIUM,IS:1466-1985",Extra trees,single
0.1907282728234205,0.1803951188958423,295.3358298326047,0.9465671296046316,1.0,7,5.0,"FERRO VANADIUM,IS:1466-1985",Gradient boosting,single
0.1633315040025534,0.1653998445574045,266.04521940868165,0.8521694108234819,1.0,7,5.0,"FERRO VANADIUM,IS:1466-1985",Hist gradient boosting,single
0.1578926789696517,0.1586389822826264,248.54685547797945,0.8255691532936479,1.0,7,5.0,"FERRO VANADIUM,IS:1466-1985",Support vector (RBF),single
0.1090025579832354,0.1018496126459639,164.44247618009547,0.5196348518812182,1.0,7,5.0,"FERRO VANADIUM,IS:1466-1985",K-nearest neighbours,single
2054634440621412.8,1.5279670201236863,3.8309211321119386e+18,8335075162298672.0,0.4285714285714285,3,2.6666666666666665,"FERRO VANADIUM,IS:1466-1985",Neural net (MLP),single
0.1988529618779778,0.1909722589572557,316.0111469798353,1.00191891479052,1.0,7,5.0,"FERRO VANADIUM,IS:1466-1985",Bayesian ridge (lags),single
0.2299403752548076,0.2181497475878599,356.69170276763674,1.170788691271882,1.0,7,5.0,"FERRO VANADIUM,IS:1466-1985",Gaussian process,single
0.1527162744232146,0.1473190868190377,231.46584647447537,0.763611565865298,1.0,7,5.0,"FERRO VANADIUM,IS:1466-1985",Ensemble: top-5 mean,ensemble
0.1614666082520277,0.157598270883832,236.44318569463024,0.8174355693847651,1.0,7,5.0,"FERRO VANADIUM,IS:1466-1985",Ensemble: inverse-error,ensemble
0.1647430006724513,0.1661872990381894,261.0950408983613,0.8565384395055594,1.0,7,5.0,"FERRO VANADIUM,IS:1466-1985",Ensemble: annealed weights,ensemble
0.1633315040025534,0.1653998445574045,266.04521940868165,0.8521694108234819,1.0,7,5.0,"FERRO VANADIUM,IS:1466-1985",Ensemble: greedy selection,ensemble
0.114259361843661,0.1081950063022182,29314.30728279686,1.6159516039144777,1.0,4,9.25,"LINING,TUNDISH FOR BILLET CASTER",Naive (last price),single
0.1071580184924999,0.1021364044935044,24561.14146841445,1.5135492840973093,1.0,4,9.25,"LINING,TUNDISH FOR BILLET CASTER",Seasonal naive (12m),single
0.1306855418692282,0.1212983839003376,31577.08724293023,1.8394002231941735,1.0,4,9.25,"LINING,TUNDISH FOR BILLET CASTER",Drift,single
0.1023727496090811,0.0958111443840334,26130.319706252183,1.4300547226279612,1.0,4,9.25,"LINING,TUNDISH FOR BILLET CASTER",Moving average (auto-k),single
0.1125569260752231,0.1063626260527393,28844.502428927648,1.589045701005769,1.0,4,9.25,"LINING,TUNDISH FOR BILLET CASTER",Simple exp. smoothing,single
0.1662736919140205,0.1574088480338535,38051.52298448736,2.3970786155455777,1.0,4,9.25,"LINING,TUNDISH FOR BILLET CASTER",Holt trend (damped-auto),single
0.1649784628951824,0.1536439401309859,36717.932586766765,2.359677994589657,1.0,4,9.25,"LINING,TUNDISH FOR BILLET CASTER",Holt-Winters seasonal,single
0.1141621940643017,0.1058764112794786,28774.880998514152,1.5933105210999694,1.0,4,9.25,"LINING,TUNDISH FOR BILLET CASTER",Theta method,single
0.0973700942905158,0.0886717620841946,26840.575788630365,1.320811141915869,1.0,4,9.25,"LINING,TUNDISH FOR BILLET CASTER",Linear trend,single
0.1185919803303449,0.1113125248690124,29050.27753611484,1.6725161802797546,1.0,4,9.25,"LINING,TUNDISH FOR BILLET CASTER",Autoregressive (ridge),single
0.0984789900228086,0.0924591907006704,24676.0682230293,1.3762357944207972,1.0,4,9.25,"LINING,TUNDISH FOR BILLET CASTER",Random forest,single
0.0972722450273612,0.0910618861609257,24907.766365982032,1.3555831241358665,1.0,4,9.25,"LINING,TUNDISH FOR BILLET CASTER",Extra trees,single
0.1096868350500758,0.1053628777844351,27691.92709910411,1.5643730641957796,1.0,4,9.25,"LINING,TUNDISH FOR BILLET CASTER",Gradient boosting,single
0.098965878557024,0.0952782046068174,22000.022386527395,1.4075804150929438,1.0,4,9.25,"LINING,TUNDISH FOR BILLET CASTER",Hist gradient boosting,single
0.1585400498742805,0.1678017362460895,37622.66533080811,2.38995750739126,1.0,4,9.25,"LINING,TUNDISH FOR BILLET CASTER",Support vector (RBF),single
0.0933498948669642,0.0883753535090489,22997.25973233197,1.310417076671733,1.0,4,9.25,"LINING,TUNDISH FOR BILLET CASTER",K-nearest neighbours,single
17.547631646434002,1.795371630059864,3620543.450905111,251.95022880481625,0.25,1,1.0,"LINING,TUNDISH FOR BILLET CASTER",Neural net (MLP),single
0.1232041621565698,0.1137793525766439,31578.644395907035,1.7207023410551094,1.0,4,9.25,"LINING,TUNDISH FOR BILLET CASTER",Bayesian ridge (lags),single
0.1380837276741075,0.1281749193307585,35926.44667200548,1.943171793392112,1.0,4,9.25,"LINING,TUNDISH FOR BILLET CASTER",Gaussian process,single
0.1055361457287199,0.0977889915207489,27425.4599527825,1.4650582608865876,1.0,4,9.25,"LINING,TUNDISH FOR BILLET CASTER",Ensemble: top-5 mean,ensemble
0.10710773124549,0.0996504359826982,27542.023820086142,1.4926390832163725,1.0,4,9.25,"LINING,TUNDISH FOR BILLET CASTER",Ensemble: inverse-error,ensemble
0.1622487183364653,0.151172214976473,36206.84039246496,2.318768770270893,1.0,4,9.25,"LINING,TUNDISH FOR BILLET CASTER",Ensemble: annealed weights,ensemble
0.157081460978148,0.1465034398471197,35215.061387881724,2.241713310938749,1.0,4,9.25,"LINING,TUNDISH FOR BILLET CASTER",Ensemble: greedy selection,ensemble
0.0426134884996247,0.0431776179425047,3498.159256850356,0.4400458433018357,1.0,6,4.166666666666667,"FERRO MANGANESE,25-50MM",Naive (last price),single
0.0546626229920704,0.0564633487393488,4273.535401134638,0.5612788818008968,1.0,6,4.166666666666667,"FERRO MANGANESE,25-50MM",Seasonal naive (12m),single
0.0419670073463912,0.0420279643191522,3187.10141659498,0.4290964236990139,1.0,6,4.166666666666667,"FERRO MANGANESE,25-50MM",Drift,single
0.0375782472545862,0.0383873751283558,3343.8576154558027,0.3906010296756463,1.0,6,4.166666666666667,"FERRO MANGANESE,25-50MM",Moving average (auto-k),single
0.0420085260968122,0.0426033630869555,3473.916840327668,0.4341241413566645,1.0,6,4.166666666666667,"FERRO MANGANESE,25-50MM",Simple exp. smoothing,single
0.0547516312628288,0.0546442050919813,4155.37004170997,0.5576023916212487,1.0,6,4.166666666666667,"FERRO MANGANESE,25-50MM",Holt trend (damped-auto),single
0.0290318901560388,0.0290197832460372,2274.732866737993,0.2970255391590962,1.0,6,4.166666666666667,"FERRO MANGANESE,25-50MM",Holt-Winters seasonal,single
0.0403184222507385,0.0407853329141368,3232.501840885019,0.4155593264622751,1.0,6,4.166666666666667,"FERRO MANGANESE,25-50MM",Theta method,single
0.1277037430065736,0.1176793958119004,9961.30189086495,1.252951316579584,1.0,6,4.166666666666667,"FERRO MANGANESE,25-50MM",Linear trend,single
0.043755252814329,0.0438486471496769,3254.816197416206,0.4460909871757036,1.0,6,4.166666666666667,"FERRO MANGANESE,25-50MM",Autoregressive (ridge),single
0.0489466243076241,0.0498373133919161,3888.699272480072,0.5033781762888746,1.0,6,4.166666666666667,"FERRO MANGANESE,25-50MM",Random forest,single
0.0404532541352004,0.0409331502550175,3419.799673494388,0.416963383320839,1.0,6,4.166666666666667,"FERRO MANGANESE,25-50MM",Extra trees,single
0.0477901745266725,0.0484434576325323,3940.822122373487,0.4938904905657498,1.0,6,4.166666666666667,"FERRO MANGANESE,25-50MM",Gradient boosting,single
0.0586900851399726,0.0611088000624794,5194.121393018184,0.6085184486640433,1.0,6,4.166666666666667,"FERRO MANGANESE,25-50MM",Hist gradient boosting,single
0.0458980251881411,0.0467479645218388,4049.356918730805,0.4783564520980764,1.0,6,4.166666666666667,"FERRO MANGANESE,25-50MM",Support vector (RBF),single
0.0495870723122578,0.0512354955814808,4178.811851695278,0.5104426160194754,1.0,6,4.166666666666667,"FERRO MANGANESE,25-50MM",K-nearest neighbours,single
0.9317712107120282,1.7445161936388185,66924.06654777077,9.638115447107545,0.1666666666666666,1,1.0,"FERRO MANGANESE,25-50MM",Neural net (MLP),single
0.0701169560436914,0.0674843004917469,5492.662871534031,0.6959206174820668,1.0,6,4.166666666666667,"FERRO MANGANESE,25-50MM",Bayesian ridge (lags),single
0.0468350572039084,0.0470772857691461,3982.53190677191,0.4816753521261767,1.0,6,4.166666666666667,"FERRO MANGANESE,25-50MM",Gaussian process,single
0.0407440475187341,0.0407650041540375,3366.916480685204,0.4175693862683408,1.0,6,4.166666666666667,"FERRO MANGANESE,25-50MM",Ensemble: top-5 mean,ensemble
0.0405279464466379,0.0407551942306043,3247.4540502237287,0.4166510834632778,1.0,6,4.166666666666667,"FERRO MANGANESE,25-50MM",Ensemble: inverse-error,ensemble
0.0403721059702315,0.0407501195426225,3485.65749132271,0.418104618432689,1.0,6,4.166666666666667,"FERRO MANGANESE,25-50MM",Ensemble: annealed weights,ensemble
0.0395650902595442,0.0396239126335575,3380.8777386635984,0.4064883918093383,1.0,6,4.166666666666667,"FERRO MANGANESE,25-50MM",Ensemble: greedy selection,ensemble
0.2582401917364357,0.2388784209582336,90.8509828380644,1.835433033204528,1.0,6,4.833333333333333,"CASTABLE,LOW CEMENT GEL BONDED",Naive (last price),single
0.2507402934007257,0.2446094086556566,79.64095905498576,1.7905743143992188,1.0,6,4.833333333333333,"CASTABLE,LOW CEMENT GEL BONDED",Seasonal naive (12m),single
0.2805077455040132,0.2488052685278014,96.44718884548428,1.9509726425054768,1.0,6,4.833333333333333,"CASTABLE,LOW CEMENT GEL BONDED",Drift,single
0.179039785882603,0.1969743010319302,70.26210208476611,1.4002652794528971,1.0,6,4.833333333333333,"CASTABLE,LOW CEMENT GEL BONDED",Moving average (auto-k),single
0.2415053682285741,0.2281766566755989,87.4540569734482,1.743084996486156,1.0,6,4.833333333333333,"CASTABLE,LOW CEMENT GEL BONDED",Simple exp. smoothing,single
0.7666577692330584,0.3962632218128345,263.30844930990287,4.628303167406967,1.0,6,4.833333333333333,"CASTABLE,LOW CEMENT GEL BONDED",Holt trend (damped-auto),single
0.2468346856111404,0.2419616423791228,85.40890699920148,1.7853954998061576,1.0,6,4.833333333333333,"CASTABLE,LOW CEMENT GEL BONDED",Holt-Winters seasonal,single
0.2198118652210912,0.2171340579369653,80.96672912968536,1.620637018998972,1.0,6,4.833333333333333,"CASTABLE,LOW CEMENT GEL BONDED",Theta method,single
0.1331477155211991,0.1549048232060436,62.37031023424634,1.1214438505720794,1.0,6,4.833333333333333,"CASTABLE,LOW CEMENT GEL BONDED",Linear trend,single
0.201569456072146,0.2181239340559793,72.15378764411726,1.5325536497835606,1.0,6,4.833333333333333,"CASTABLE,LOW CEMENT GEL BONDED",Autoregressive (ridge),single
0.255184935818548,0.2632490457493781,73.70433221950047,1.8094685841972884,1.0,6,4.833333333333333,"CASTABLE,LOW CEMENT GEL BONDED",Random forest,single
0.1565511186240596,0.1804253629294693,66.51862000213939,1.26778406321476,1.0,6,4.833333333333333,"CASTABLE,LOW CEMENT GEL BONDED",Extra trees,single
0.2580232892938836,0.2641181612693508,74.5550195795673,1.830965352350783,1.0,6,4.833333333333333,"CASTABLE,LOW CEMENT GEL BONDED",Gradient boosting,single
0.2005076667119648,0.2118885120065274,73.94374334515537,1.5258912405077594,1.0,6,4.833333333333333,"CASTABLE,LOW CEMENT GEL BONDED",Hist gradient boosting,single
0.151886108810219,0.1787824417072272,64.77608209219332,1.2363743286827695,1.0,6,4.833333333333333,"CASTABLE,LOW CEMENT GEL BONDED",Support vector (RBF),single
0.1488196839462269,0.1720695899066395,65.93837973618758,1.2238346103662698,1.0,6,4.833333333333333,"CASTABLE,LOW CEMENT GEL BONDED",K-nearest neighbours,single
0.9426989781388432,0.7709889395495795,193.43698355588805,6.203587917078994,0.5,3,2.6666666666666665,"CASTABLE,LOW CEMENT GEL BONDED",Neural net (MLP),single
0.2053571950001614,0.2199899792687925,71.63895295141197,1.5470109919205026,1.0,6,4.833333333333333,"CASTABLE,LOW CEMENT GEL BONDED",Bayesian ridge (lags),single
0.1359620464841728,0.1627203360758546,65.69987308573722,1.156075923691953,1.0,6,4.833333333333333,"CASTABLE,LOW CEMENT GEL BONDED",Gaussian process,single
0.1488523133471234,0.1700664970950123,65.86758027648662,1.2239410365470205,1.0,6,4.833333333333333,"CASTABLE,LOW CEMENT GEL BONDED",Ensemble: top-5 mean,ensemble
0.150509023697929,0.1728343266181922,65.74050442535422,1.2342317201389017,1.0,6,4.833333333333333,"CASTABLE,LOW CEMENT GEL BONDED",Ensemble: inverse-error,ensemble
0.2504259459344267,0.2444075121450889,79.58270224305113,1.788832779715054,1.0,6,4.833333333333333,"CASTABLE,LOW CEMENT GEL BONDED",Ensemble: annealed weights,ensemble
0.2507402934007257,0.2446094086556566,79.64095905498576,1.7905743143992188,1.0,6,4.833333333333333,"CASTABLE,LOW CEMENT GEL BONDED",Ensemble: greedy selection,ensemble
0.2166918729986443,0.2102899936484319,10.185922161986268,1.078433164367948,1.0,6,4.666666666666667,"TAP HOLE MASS,TYPE:HP ANHUDROUS",Naive (last price),single
0.1363786517499655,0.1441047992795287,7.189246449339557,0.7383784977103641,1.0,6,4.666666666666667,"TAP HOLE MASS,TYPE:HP ANHUDROUS",Seasonal naive (12m),single
0.2312860238530657,0.2211576077237006,10.540066616623132,1.1479316130872916,1.0,6,4.666666666666667,"TAP HOLE MASS,TYPE:HP ANHUDROUS",Drift,single
0.1874415659449901,0.1830002400267095,8.847415236240705,0.9512502976309688,1.0,6,4.666666666666667,"TAP HOLE MASS,TYPE:HP ANHUDROUS",Moving average (auto-k),single
0.2126163685884498,0.2057963408308454,9.960567379822326,1.0586352711801312,1.0,6,4.666666666666667,"TAP HOLE MASS,TYPE:HP ANHUDROUS",Simple exp. smoothing,single
0.2428172065334556,0.2341512093919451,10.821972797067854,1.2312742814396864,1.0,6,4.666666666666667,"TAP HOLE MASS,TYPE:HP ANHUDROUS",Holt trend (damped-auto),single
0.2340970119303929,0.2243862237168732,11.216401730072931,1.1632099820918247,1.0,6,4.666666666666667,"TAP HOLE MASS,TYPE:HP ANHUDROUS",Holt-Winters seasonal,single
0.1884845886788183,0.1801189905413112,9.075717934408354,0.9340983169802786,1.0,6,4.666666666666667,"TAP HOLE MASS,TYPE:HP ANHUDROUS",Theta method,single
0.1348464065093157,0.1340176377090607,6.2485274200219285,0.6981879982323341,1.0,6,4.666666666666667,"TAP HOLE MASS,TYPE:HP ANHUDROUS",Linear trend,single
0.2133272431081546,0.2189354904762285,10.168793067155349,1.1192161013894537,1.0,6,4.666666666666667,"TAP HOLE MASS,TYPE:HP ANHUDROUS",Autoregressive (ridge),single
0.1946256339768291,0.1949328387702809,8.928151570977276,1.0102548995174112,1.0,6,4.666666666666667,"TAP HOLE MASS,TYPE:HP ANHUDROUS",Random forest,single
0.1960875076630389,0.1964974700518489,9.097215751211278,1.0203058867370844,1.0,6,4.666666666666667,"TAP HOLE MASS,TYPE:HP ANHUDROUS",Extra trees,single
0.220900471813324,0.2232934043774133,10.12084643865531,1.1508119977821716,1.0,6,4.666666666666667,"TAP HOLE MASS,TYPE:HP ANHUDROUS",Gradient boosting,single
0.3196097427195105,0.4034901870959588,16.500058750504326,1.6830443791163052,1.0,6,4.666666666666667,"TAP HOLE MASS,TYPE:HP ANHUDROUS",Hist gradient boosting,single
0.2074128052280009,0.2170246095734887,10.26377414556558,1.1056816462286752,1.0,6,4.666666666666667,"TAP HOLE MASS,TYPE:HP ANHUDROUS",Support vector (RBF),single
0.1575772980817827,0.165481170422009,7.928618022197335,0.84599420989162,1.0,6,4.666666666666667,"TAP HOLE MASS,TYPE:HP ANHUDROUS",K-nearest neighbours,single
4.0218732782085306e+17,1.7770467562797452,4.15788213009446e+19,2.442591308973697e+18,0.6666666666666666,4,3.0,"TAP HOLE MASS,TYPE:HP ANHUDROUS",Neural net (MLP),single
0.2469254673953634,0.2726570343907079,13.578391463425584,1.2353422881457377,1.0,6,4.666666666666667,"TAP HOLE MASS,TYPE:HP ANHUDROUS",Bayesian ridge (lags),single
0.1778749142402761,0.1803719830262361,8.159703878334803,0.9227180752859032,1.0,6,4.666666666666667,"TAP HOLE MASS,TYPE:HP ANHUDROUS",Gaussian process,single
0.1731274598824088,0.1794381585301389,8.24758467401855,0.9176889158090832,1.0,6,4.666666666666667,"TAP HOLE MASS,TYPE:HP ANHUDROUS",Ensemble: top-5 mean,ensemble
0.1751276105102122,0.1790723091126999,8.108464446597317,0.9203288515880969,1.0,6,4.666666666666667,"TAP HOLE MASS,TYPE:HP ANHUDROUS",Ensemble: inverse-error,ensemble
0.1848694615154981,0.1889423728155238,8.671289871272016,0.9724908772449348,1.0,6,4.666666666666667,"TAP HOLE MASS,TYPE:HP ANHUDROUS",Ensemble: annealed weights,ensemble
0.1704140346088681,0.1763609618974352,8.184385747468074,0.9040981021734416,1.0,6,4.666666666666667,"TAP HOLE MASS,TYPE:HP ANHUDROUS",Ensemble: greedy selection,ensemble
0.3634516116746252,0.3549136842744338,21852.582837987244,4.653576975582533,1.0,6,9.333333333333334,"CALCINED PETROLEUM COKE, SIZE : 2-10MM",Naive (last price),single
0.5291628538404048,0.5442367466479312,34629.10766571204,6.772191000279531,1.0,6,9.333333333333334,"CALCINED PETROLEUM COKE, SIZE : 2-10MM",Seasonal naive (12m),single
0.3931739078793386,0.3499289750826406,23436.444964921884,4.76837533713644,1.0,6,9.333333333333334,"CALCINED PETROLEUM COKE, SIZE : 2-10MM",Drift,single
0.3861411259092888,0.379101134503147,23213.445206042117,4.951983047908196,1.0,6,9.333333333333334,"CALCINED PETROLEUM COKE, SIZE : 2-10MM",Moving average (auto-k),single
0.3660007593349881,0.3576253367671119,21994.80822256686,4.687517445952699,1.0,6,9.333333333333334,"CALCINED PETROLEUM COKE, SIZE : 2-10MM",Simple exp. smoothing,single
0.515691140108803,0.439612080061567,49845.58948499215,7.96124821056914,1.0,6,9.333333333333334,"CALCINED PETROLEUM COKE, SIZE : 2-10MM",Holt trend (damped-auto),single
0.3781879332091974,0.3547821676260489,29087.67597290697,5.00172350702371,1.0,6,9.333333333333334,"CALCINED PETROLEUM COKE, SIZE : 2-10MM",Holt-Winters seasonal,single
0.3933163904959718,0.3653516401217116,23377.799047833694,4.915317153154708,1.0,6,9.333333333333334,"CALCINED PETROLEUM COKE, SIZE : 2-10MM",Theta method,single
0.4231565935995023,0.3977530832817418,28364.420921283283,5.267282261458261,1.0,6,9.333333333333334,"CALCINED PETROLEUM COKE, SIZE : 2-10MM",Linear trend,single
0.3418246663958744,0.385878558248866,29455.513122362918,5.222106831495803,1.0,6,9.333333333333334,"CALCINED PETROLEUM COKE, SIZE : 2-10MM",Autoregressive (ridge),single
0.4599420942689849,0.4174265036844904,27671.886203016024,5.61802291206502,1.0,6,9.333333333333334,"CALCINED PETROLEUM COKE, SIZE : 2-10MM",Random forest,single
0.5440878729927779,0.5591764729545913,35067.3556180784,6.955656544986452,1.0,6,9.333333333333334,"CALCINED PETROLEUM COKE, SIZE : 2-10MM",Extra trees,single
0.4669735628615916,0.4238469488651424,28083.145488131435,5.732250817297175,1.0,6,9.333333333333334,"CALCINED PETROLEUM COKE, SIZE : 2-10MM",Gradient boosting,single
0.3589934109818657,0.3254912900354104,25179.334884592216,4.471604901182795,1.0,6,9.333333333333334,"CALCINED PETROLEUM COKE, SIZE : 2-10MM",Hist gradient boosting,single
0.4329530207837974,0.4711955696846539,30703.209716417958,5.743159188110311,1.0,6,9.333333333333334,"CALCINED PETROLEUM COKE, SIZE : 2-10MM",Support vector (RBF),single
0.4906688207902444,0.4805401569310391,33973.84438399563,6.296548940231149,1.0,6,9.333333333333334,"CALCINED PETROLEUM COKE, SIZE : 2-10MM",K-nearest neighbours,single
0.9754362694946072,1.9041007219989088,56965.8893896132,13.0691568144851,0.1666666666666666,1,1.0,"CALCINED PETROLEUM COKE, SIZE : 2-10MM",Neural net (MLP),single
0.1845392576524825,0.2107010554265413,20770.56842447119,3.036634731658973,1.0,6,9.333333333333334,"CALCINED PETROLEUM COKE, SIZE : 2-10MM",Bayesian ridge (lags),single
0.2958699518870258,0.402267684130467,29276.687518387604,4.732202532529792,1.0,6,9.333333333333334,"CALCINED PETROLEUM COKE, SIZE : 2-10MM",Gaussian process,single
0.3303529028455979,0.3143951695015897,20108.55832945933,4.035471667627318,1.0,6,9.333333333333334,"CALCINED PETROLEUM COKE, SIZE : 2-10MM",Ensemble: top-5 mean,ensemble
0.3001389422732408,0.2772655776997753,18273.68381033861,3.665539900614627,1.0,6,9.333333333333334,"CALCINED PETROLEUM COKE, SIZE : 2-10MM",Ensemble: inverse-error,ensemble
0.4166324625421053,0.3581037663519801,38994.67366012056,6.3530017116846365,1.0,6,9.333333333333334,"CALCINED PETROLEUM COKE, SIZE : 2-10MM",Ensemble: annealed weights,ensemble
0.515691140108803,0.439612080061567,49845.58948499215,7.96124821056914,1.0,6,9.333333333333334,"CALCINED PETROLEUM COKE, SIZE : 2-10MM",Ensemble: greedy selection,ensemble
0.0549442142649585,0.0588670920876525,7.740304248865136,0.9339608540317332,1.0,7,5.285714285714286,"CASTABLE,90% HIGH ALUMINA",Naive (last price),single
0.0804957813825647,0.0856908029895248,8.466727849790004,1.3375754544858791,1.0,7,5.285714285714286,"CASTABLE,90% HIGH ALUMINA",Seasonal naive (12m),single
0.0674293048056172,0.0702088737565293,7.895934224358167,1.1418621225080317,1.0,7,5.285714285714286,"CASTABLE,90% HIGH ALUMINA",Drift,single
0.0529582667710989,0.0572550923825898,7.517269310059976,0.8921343248759833,1.0,7,5.285714285714286,"CASTABLE,90% HIGH ALUMINA",Moving average (auto-k),single
0.0545608373362996,0.0585448916810297,7.684214574552535,0.9265074693392108,1.0,7,5.285714285714286,"CASTABLE,90% HIGH ALUMINA",Simple exp. smoothing,single
0.1147629131420778,0.1096345798688252,13.584855893862128,1.9148047440447395,1.0,7,5.285714285714286,"CASTABLE,90% HIGH ALUMINA",Holt trend (damped-auto),single
0.0788305522097325,0.0798262563760707,7.22685528937498,1.25967667120115,1.0,7,5.285714285714286,"CASTABLE,90% HIGH ALUMINA",Holt-Winters seasonal,single
0.0557569773663853,0.0592626121034075,7.370797305205722,0.9480125756431323,1.0,7,5.285714285714286,"CASTABLE,90% HIGH ALUMINA",Theta method,single
0.0972198127773307,0.1049605339290017,10.257429191968,1.6392214418216975,1.0,7,5.285714285714286,"CASTABLE,90% HIGH ALUMINA",Linear trend,single
0.0761747739753846,0.0806886270420713,8.788009964550778,1.2741689464888242,1.0,7,5.285714285714286,"CASTABLE,90% HIGH ALUMINA",Autoregressive (ridge),single
0.0618030071065326,0.0666203537793986,7.937717631394945,1.0291252653063918,1.0,7,5.285714285714286,"CASTABLE,90% HIGH ALUMINA",Random forest,single
0.0593467116290224,0.0639520726774688,7.796614963024022,0.9957668484115836,1.0,7,5.285714285714286,"CASTABLE,90% HIGH ALUMINA",Extra trees,single
0.0647597656690633,0.0697043135319274,8.220544622539963,1.082081976267286,1.0,7,5.285714285714286,"CASTABLE,90% HIGH ALUMINA",Gradient boosting,single
0.1163267129580535,0.1284834462858608,12.739761099573416,1.9552501638592508,1.0,7,5.285714285714286,"CASTABLE,90% HIGH ALUMINA",Hist gradient boosting,single
0.1131974649439958,0.122232033847072,11.266284485532443,1.904089731543636,1.0,7,5.285714285714286,"CASTABLE,90% HIGH ALUMINA",Support vector (RBF),single
0.077937267495029,0.0829979046983134,8.356454277319193,1.2961395794779422,1.0,7,5.285714285714286,"CASTABLE,90% HIGH ALUMINA",K-nearest neighbours,single
2271.158396287008,1.642827525719364,330930.9389799674,29438.86887771204,0.7142857142857143,5,3.6,"CASTABLE,90% HIGH ALUMINA",Neural net (MLP),single
0.0821998797175713,0.0836172035850915,8.78199060977971,1.3754152736026075,1.0,7,5.285714285714286,"CASTABLE,90% HIGH ALUMINA",Bayesian ridge (lags),single
0.0802984646249881,0.0848854403130646,8.705679306998704,1.3573585448563927,1.0,7,5.285714285714286,"CASTABLE,90% HIGH ALUMINA",Gaussian process,single
0.0560315577660872,0.0598850375050569,7.58160175974039,0.9483387490163948,1.0,7,5.285714285714286,"CASTABLE,90% HIGH ALUMINA",Ensemble: top-5 mean,ensemble
0.0640565764513129,0.0686979049691903,8.081293680594332,1.0822209310624662,1.0,7,5.285714285714286,"CASTABLE,90% HIGH ALUMINA",Ensemble: inverse-error,ensemble
0.0652242537442068,0.0687513765719724,8.094325432887315,1.1006859986990172,1.0,7,5.285714285714286,"CASTABLE,90% HIGH ALUMINA",Ensemble: annealed weights,ensemble
0.0681746901733525,0.0710357927617761,8.08720011852359,1.1529187892801085,1.0,7,5.285714285714286,"CASTABLE,90% HIGH ALUMINA",Ensemble: greedy selection,ensemble
0.1600944378401308,0.1612787817996709,617.7203473579289,1.314082163449762,1.0,5,4.4,"BELT,CONVY,M24,1250KN/M,4,6X3MM,1200MM",Naive (last price),single
0.2213905893152038,0.1922966757233652,610.6001978271976,1.5043913276692007,1.0,5,4.4,"BELT,CONVY,M24,1250KN/M,4,6X3MM,1200MM",Seasonal naive (12m),single
0.1668994625217799,0.1674889894686825,629.8650961204796,1.3645766670304695,1.0,5,4.4,"BELT,CONVY,M24,1250KN/M,4,6X3MM,1200MM",Drift,single
0.1328241094381135,0.1311700445437769,524.3542700706605,1.0375327742399876,1.0,5,4.4,"BELT,CONVY,M24,1250KN/M,4,6X3MM,1200MM",Moving average (auto-k),single
0.1560016579660296,0.1572805234543745,600.8215346352686,1.27467595710112,1.0,5,4.4,"BELT,CONVY,M24,1250KN/M,4,6X3MM,1200MM",Simple exp. smoothing,single
0.1799495131965914,0.186047808796665,659.1976375474906,1.4593441178604962,1.0,5,4.4,"BELT,CONVY,M24,1250KN/M,4,6X3MM,1200MM",Holt trend (damped-auto),single
0.1830925728557915,0.1838449290766171,612.6107912338837,1.4072811527504698,1.0,5,4.4,"BELT,CONVY,M24,1250KN/M,4,6X3MM,1200MM",Holt-Winters seasonal,single
0.1509257748591956,0.1510814181649712,568.5676423439681,1.2104788465773335,1.0,5,4.4,"BELT,CONVY,M24,1250KN/M,4,6X3MM,1200MM",Theta method,single
0.24699723131589,0.2167825329061855,641.2287881084598,1.6872350889214276,1.0,5,4.4,"BELT,CONVY,M24,1250KN/M,4,6X3MM,1200MM",Linear trend,single
0.2143520261019122,0.2142002058736961,690.0319044283921,1.6582958320951222,1.0,5,4.4,"BELT,CONVY,M24,1250KN/M,4,6X3MM,1200MM",Autoregressive (ridge),single
0.1631508079323968,0.1669437845725636,602.7682296522266,1.313959125111169,1.0,5,4.4,"BELT,CONVY,M24,1250KN/M,4,6X3MM,1200MM",Random forest,single
0.1764833268388494,0.1753380375050506,583.9393579431984,1.3606364525581591,1.0,5,4.4,"BELT,CONVY,M24,1250KN/M,4,6X3MM,1200MM",Extra trees,single
0.187555229174595,0.1889761986171912,644.2784717358251,1.4553759089345075,1.0,5,4.4,"BELT,CONVY,M24,1250KN/M,4,6X3MM,1200MM",Gradient boosting,single
0.2415839846278238,0.2261403437470646,725.4883487080975,1.7829725847367002,1.0,5,4.4,"BELT,CONVY,M24,1250KN/M,4,6X3MM,1200MM",Hist gradient boosting,single
0.2782560316295535,0.2440426386044084,741.8312122108332,1.9472429702191445,1.0,5,4.4,"BELT,CONVY,M24,1250KN/M,4,6X3MM,1200MM",Support vector (RBF),single
0.1826637482626548,0.1588246083221326,535.4211636831989,1.2103582009259453,1.0,5,4.4,"BELT,CONVY,M24,1250KN/M,4,6X3MM,1200MM",K-nearest neighbours,single
5.038487235529016e+44,2.0,2.4415372900010186e+48,4.95942183743784e+45,0.4,2,2.0,"BELT,CONVY,M24,1250KN/M,4,6X3MM,1200MM",Neural net (MLP),single
0.2794858036236568,0.2641032664593557,952.8415939122214,2.191588892593599,1.0,5,4.4,"BELT,CONVY,M24,1250KN/M,4,6X3MM,1200MM",Bayesian ridge (lags),single
0.2614504807462423,0.2324850009494261,705.5958752387528,1.8389729715468996,1.0,5,4.4,"BELT,CONVY,M24,1250KN/M,4,6X3MM,1200MM",Gaussian process,single
0.2212942764689027,0.2076209397864932,622.5601996381902,1.6184092443093203,1.0,5,4.4,"BELT,CONVY,M24,1250KN/M,4,6X3MM,1200MM",Ensemble: top-5 mean,ensemble
0.201283732727178,0.1892805003903855,581.7531543734591,1.4738466867824391,1.0,5,4.4,"BELT,CONVY,M24,1250KN/M,4,6X3MM,1200MM",Ensemble: inverse-error,ensemble
0.2414424703106292,0.2260156090802441,725.010485947982,1.7819161084646182,1.0,5,4.4,"BELT,CONVY,M24,1250KN/M,4,6X3MM,1200MM",Ensemble: annealed weights,ensemble
0.2415839846278238,0.2261403437470646,725.4883487080975,1.7829725847367002,1.0,5,4.4,"BELT,CONVY,M24,1250KN/M,4,6X3MM,1200MM",Ensemble: greedy selection,ensemble
0.1446698026663918,0.1436395646102829,314.9159297439804,2.225057814145233,1.0,4,4.25,"COMPUND,NOZZLE FILLING, F/FREE OPENING",Naive (last price),single
0.1183029125025364,0.122486522676587,253.6249652046396,1.8626347466954536,1.0,4,4.25,"COMPUND,NOZZLE FILLING, F/FREE OPENING",Seasonal naive (12m),single
0.1472449184283965,0.1462605147726088,321.2230358915533,2.264747100398318,1.0,4,4.25,"COMPUND,NOZZLE FILLING, F/FREE OPENING",Drift,single
0.1149097752739499,0.1142725631109934,262.70769634917366,1.7612996798768772,1.0,4,4.25,"COMPUND,NOZZLE FILLING, F/FREE OPENING",Moving average (auto-k),single
0.1413913226164496,0.1403997969188317,308.9157142550395,2.1740409607396765,1.0,4,4.25,"COMPUND,NOZZLE FILLING, F/FREE OPENING",Simple exp. smoothing,single
0.1674372130299973,0.167127823522554,363.2492479329552,2.582667785712097,1.0,4,4.25,"COMPUND,NOZZLE FILLING, F/FREE OPENING",Holt trend (damped-auto),single
0.1505288059285504,0.1441275094363782,339.2054895152364,2.275031392478573,1.0,4,4.25,"COMPUND,NOZZLE FILLING, F/FREE OPENING",Holt-Winters seasonal,single
0.1326954513038904,0.1315349842674927,292.7723245887884,2.036437069620072,1.0,4,4.25,"COMPUND,NOZZLE FILLING, F/FREE OPENING",Theta method,single
0.1103561137470157,0.1166992140147558,259.228121390291,1.7729704517782898,1.0,4,4.25,"COMPUND,NOZZLE FILLING, F/FREE OPENING",Linear trend,single
0.1423756605193858,0.1471897495917127,331.8862449186184,2.228957620667747,1.0,4,4.25,"COMPUND,NOZZLE FILLING, F/FREE OPENING",Autoregressive (ridge),single
0.1134909043822943,0.1136561590654394,258.9525843431494,1.7504964401141632,1.0,4,4.25,"COMPUND,NOZZLE FILLING, F/FREE OPENING",Random forest,single
0.1103801262708218,0.1134898912574328,271.41087047395166,1.7257507380438293,1.0,4,4.25,"COMPUND,NOZZLE FILLING, F/FREE OPENING",Extra trees,single
0.1247071154049963,0.1269518325034417,295.13154612817374,1.934551133807796,1.0,4,4.25,"COMPUND,NOZZLE FILLING, F/FREE OPENING",Gradient boosting,single
0.1111983063183392,0.1160016112857831,275.96756641129934,1.7503272962238503,1.0,4,4.25,"COMPUND,NOZZLE FILLING, F/FREE OPENING",Hist gradient boosting,single
0.1172933121175641,0.1253145929169767,282.3757904570978,1.8923911024278992,1.0,4,4.25,"COMPUND,NOZZLE FILLING, F/FREE OPENING",Support vector (RBF),single
0.1282871041382617,0.1348900048027352,336.01956106074687,2.0127891187650944,1.0,4,4.25,"COMPUND,NOZZLE FILLING, F/FREE OPENING",K-nearest neighbours,single
1.2098016988378795e+98,2.0,2.4679954656292743e+101,1.8573516640839136e+99,0.25,1,2.0,"COMPUND,NOZZLE FILLING, F/FREE OPENING",Neural net (MLP),single
0.1997900242987268,0.2055080653159225,442.78081099919297,3.112427779299489,1.0,4,4.25,"COMPUND,NOZZLE FILLING, F/FREE OPENING",Bayesian ridge (lags),single
0.1104894940309606,0.1208693150735714,314.22185401884565,1.8034453545869789,1.0,4,4.25,"COMPUND,NOZZLE FILLING, F/FREE OPENING",Gaussian process,single
0.1148191600879819,0.121935371371686,293.9191449258349,1.835546105586199,1.0,4,4.25,"COMPUND,NOZZLE FILLING, F/FREE OPENING",Ensemble: top-5 mean,ensemble
0.110673985652816,0.1167112788193317,286.30192332764227,1.7602884995124657,1.0,4,4.25,"COMPUND,NOZZLE FILLING, F/FREE OPENING",Ensemble: inverse-error,ensemble
0.1144381849314643,0.1238820794172589,310.4191625754876,1.8517899570426417,1.0,4,4.25,"COMPUND,NOZZLE FILLING, F/FREE OPENING",Ensemble: annealed weights,ensemble
0.1104894940309606,0.1208693150735714,314.22185401884565,1.8034453545869789,1.0,4,4.25,"COMPUND,NOZZLE FILLING, F/FREE OPENING",Ensemble: greedy selection,ensemble
0.1462530341636044,0.1529695735963811,13.1347290070948,0.872982764063527,1.0,5,7.2,ANHYDROUS TROUGH MASS,Naive (last price),single
0.0557316518551285,0.059845246417844,6.456465299578389,0.3304430456138598,1.0,5,7.2,ANHYDROUS TROUGH MASS,Seasonal naive (12m),single
0.1470203127819814,0.15225738738612,13.03812879694814,0.8742918690105534,1.0,5,7.2,ANHYDROUS TROUGH MASS,Drift,single
0.0919883226308998,0.0972355750440532,8.188409606679306,0.5677893026454623,1.0,5,7.2,ANHYDROUS TROUGH MASS,Moving average (auto-k),single
0.1417192136822557,0.1478293191067215,12.75191013989171,0.8452802745001616,1.0,5,7.2,ANHYDROUS TROUGH MASS,Simple exp. smoothing,single
0.1549307758596854,0.161220192961318,13.354815138444865,0.9270934388756804,1.0,5,7.2,ANHYDROUS TROUGH MASS,Holt trend (damped-auto),single
0.1163587875650864,0.1211085421501289,11.3880556652767,0.6899980579088385,1.0,5,7.2,ANHYDROUS TROUGH MASS,Holt-Winters seasonal,single
0.1117012503057857,0.1122190831885125,9.982422928651314,0.6555951267687472,1.0,5,7.2,ANHYDROUS TROUGH MASS,Theta method,single
0.0888325805801926,0.0925983191669731,7.3343617547381585,0.5454153800605107,1.0,5,7.2,ANHYDROUS TROUGH MASS,Linear trend,single
0.1071652007036532,0.1143791537890834,9.513966526983904,0.6619670950367786,1.0,5,7.2,ANHYDROUS TROUGH MASS,Autoregressive (ridge),single
0.1174091246601941,0.1287329216889318,11.677054313342111,0.7201987732615069,1.0,5,7.2,ANHYDROUS TROUGH MASS,Random forest,single
0.0779202531790069,0.0835149215428161,7.817806794410504,0.4861662001840912,1.0,5,7.2,ANHYDROUS TROUGH MASS,Extra trees,single
0.1740888616177074,0.1987792550416436,16.391831917071894,1.0838023609234582,1.0,5,7.2,ANHYDROUS TROUGH MASS,Gradient boosting,single
0.0707629837882461,0.0742455552773454,6.322700600402616,0.443898734588719,1.0,5,7.2,ANHYDROUS TROUGH MASS,Hist gradient boosting,single
0.0850195514085953,0.0924096519893974,8.869504757953722,0.520970474711498,1.0,5,7.2,ANHYDROUS TROUGH MASS,Support vector (RBF),single
0.079524228880785,0.0849040961129044,7.682798662371347,0.4937013759975878,1.0,5,7.2,ANHYDROUS TROUGH MASS,K-nearest neighbours,single
2.044645198784833e+233,2.0,inf,1.2759916503033939e+234,0.4,2,3.0,ANHYDROUS TROUGH MASS,Neural net (MLP),single
0.1667890671877426,0.1914268916399881,16.313916512157768,1.036661034771911,1.0,5,7.2,ANHYDROUS TROUGH MASS,Bayesian ridge (lags),single
0.0903568822886539,0.0994184137750645,9.838203594645076,0.5680850615833566,1.0,5,7.2,ANHYDROUS TROUGH MASS,Gaussian process,single
0.0701649843712827,0.0743401728245549,6.826177433500058,0.4401305564159189,1.0,5,7.2,ANHYDROUS TROUGH MASS,Ensemble: top-5 mean,ensemble
0.0874480638657634,0.0932583860575888,8.194525466820618,0.5455702213372212,1.0,5,7.2,ANHYDROUS TROUGH MASS,Ensemble: inverse-error,ensemble
0.0888346971753217,0.0926058592876827,7.336589782021118,0.54544985384151,1.0,5,7.2,ANHYDROUS TROUGH MASS,Ensemble: annealed weights,ensemble
0.0888325805801926,0.0925983191669731,7.3343617547381585,0.5454153800605107,1.0,5,7.2,ANHYDROUS TROUGH MASS,Ensemble: greedy selection,ensemble
0.2107632643266273,0.1934259233831349,9.54987538298886,3.0801123339525205,1.0,6,3.333333333333333,"CASTABLE,WHYTHEAT-C OR EQVLT",Naive (last price),single
0.2085843156345349,0.1971299889975772,9.221702884666076,3.149143630340549,1.0,6,3.333333333333333,"CASTABLE,WHYTHEAT-C OR EQVLT",Seasonal naive (12m),single
0.2183186118358947,0.1993181048452759,9.698012452931652,3.201571912777492,1.0,6,3.333333333333333,"CASTABLE,WHYTHEAT-C OR EQVLT",Drift,single
0.2488880425871968,0.2338395208540353,9.904205056845392,3.8662145725300783,1.0,6,3.333333333333333,"CASTABLE,WHYTHEAT-C OR EQVLT",Moving average (auto-k),single
0.2434953748118647,0.2276888927763299,9.777120386899322,3.750040827447884,1.0,6,3.333333333333333,"CASTABLE,WHYTHEAT-C OR EQVLT",Simple exp. smoothing,single
0.253397626666319,0.2437652948892774,10.54448369207668,3.9300536016241514,1.0,6,3.333333333333333,"CASTABLE,WHYTHEAT-C OR EQVLT",Holt trend (damped-auto),single
0.2501286404182547,0.2333339357614262,10.123394301114256,3.8401215931419177,1.0,6,3.333333333333333,"CASTABLE,WHYTHEAT-C OR EQVLT",Holt-Winters seasonal,single
0.235860718104429,0.2158927610053046,9.589496991539225,3.568276475351478,1.0,6,3.333333333333333,"CASTABLE,WHYTHEAT-C OR EQVLT",Theta method,single
0.1576430364378054,0.1132741010463154,7.325613328198433,1.8922185588669944,1.0,6,3.333333333333333,"CASTABLE,WHYTHEAT-C OR EQVLT",Linear trend,single
0.2583977217821327,0.2515632849789613,10.100281536205578,4.120352006594922,1.0,6,3.333333333333333,"CASTABLE,WHYTHEAT-C OR EQVLT",Autoregressive (ridge),single
0.2319546059799085,0.2144516600972786,9.86474392281657,3.4787929083319185,1.0,6,3.333333333333333,"CASTABLE,WHYTHEAT-C OR EQVLT",Random forest,single
0.2794195501852216,0.2725078722691755,10.98239220471097,4.455406401481266,1.0,6,3.333333333333333,"CASTABLE,WHYTHEAT-C OR EQVLT",Extra trees,single
0.2596816120893747,0.2500062806797997,10.34447732287798,4.084401011085349,1.0,6,3.333333333333333,"CASTABLE,WHYTHEAT-C OR EQVLT",Gradient boosting,single
0.3076476904481658,0.2991376461827706,11.22579608277463,5.00489640739104,1.0,6,3.333333333333333,"CASTABLE,WHYTHEAT-C OR EQVLT",Hist gradient boosting,single
0.2691006133333032,0.2592442645993514,10.015504068228896,4.327442023424188,1.0,6,3.333333333333333,"CASTABLE,WHYTHEAT-C OR EQVLT",Support vector (RBF),single
0.2834859245600126,0.2759518876085077,11.01097935529672,4.532267477780139,1.0,6,3.333333333333333,"CASTABLE,WHYTHEAT-C OR EQVLT",K-nearest neighbours,single
1044.7258592090168,1.3961900945964032,77268.91777055155,21373.70067944359,0.6666666666666666,4,2.25,"CASTABLE,WHYTHEAT-C OR EQVLT",Neural net (MLP),single
10.75417188707688,0.5637942287978639,951.0868654789982,218.64456566107563,1.0,6,3.333333333333333,"CASTABLE,WHYTHEAT-C OR EQVLT",Bayesian ridge (lags),single
0.2831739319907871,0.2730454102035669,10.641628465509474,4.530997014525342,1.0,6,3.333333333333333,"CASTABLE,WHYTHEAT-C OR EQVLT",Gaussian process,single
0.2362737320587558,0.2185319027220659,9.721578798878522,3.585222784560219,1.0,6,3.333333333333333,"CASTABLE,WHYTHEAT-C OR EQVLT",Ensemble: top-5 mean,ensemble
0.2390065142804467,0.2220681385829596,9.783173614613707,3.6438093975066432,1.0,6,3.333333333333333,"CASTABLE,WHYTHEAT-C OR EQVLT",Ensemble: inverse-error,ensemble
0.2319551302392626,0.2118142055412474,9.565514703611695,3.4871931825439946,1.0,6,3.333333333333333,"CASTABLE,WHYTHEAT-C OR EQVLT",Ensemble: annealed weights,ensemble
0.235860718104429,0.2158927610053046,9.589496991539225,3.568276475351478,1.0,6,3.333333333333333,"CASTABLE,WHYTHEAT-C OR EQVLT",Ensemble: greedy selection,ensemble
0.118044473096086,0.1221765224046391,16.487082208583978,0.9504837256952848,1.0,4,2.5,"FERRO CHROME, HIGH CARBON, SIZE:20-50 MM",Naive (last price),single
0.125320909953025,0.1361495656590774,18.035559700309378,1.0519837886173593,1.0,4,2.5,"FERRO CHROME, HIGH CARBON, SIZE:20-50 MM",Seasonal naive (12m),single
0.1233241182461139,0.1258394565800706,16.77380067967762,0.9878549293375092,1.0,4,2.5,"FERRO CHROME, HIGH CARBON, SIZE:20-50 MM",Drift,single
0.0893697187259835,0.0955941305665921,13.714205916729354,0.7500981283180714,1.0,4,2.5,"FERRO CHROME, HIGH CARBON, SIZE:20-50 MM",Moving average (auto-k),single
0.11495351547613,0.1193891955344492,15.531526242106844,0.9312644909583938,1.0,4,2.5,"FERRO CHROME, HIGH CARBON, SIZE:20-50 MM",Simple exp. smoothing,single
0.137576966232491,0.1391474637632512,18.32600545718985,1.098269496995473,1.0,4,2.5,"FERRO CHROME, HIGH CARBON, SIZE:20-50 MM",Holt trend (damped-auto),single
0.0875841195229886,0.094812817783117,14.610704089903065,0.7354251309487162,1.0,4,2.5,"FERRO CHROME, HIGH CARBON, SIZE:20-50 MM",Holt-Winters seasonal,single
0.1020626770939462,0.1070467454655737,14.380359559257595,0.8325118564333492,1.0,4,2.5,"FERRO CHROME, HIGH CARBON, SIZE:20-50 MM",Theta method,single
0.0424781688664582,0.0396992710566649,8.601153121705671,0.3140609208434373,1.0,4,2.5,"FERRO CHROME, HIGH CARBON, SIZE:20-50 MM",Linear trend,single
0.1195563005816134,0.1254874692550559,16.013057755200027,0.9757027189343682,1.0,4,2.5,"FERRO CHROME, HIGH CARBON, SIZE:20-50 MM",Autoregressive (ridge),single
0.0936798988104282,0.1003994830767769,14.365164031113222,0.7804726089623626,1.0,4,2.5,"FERRO CHROME, HIGH CARBON, SIZE:20-50 MM",Random forest,single
0.0921917506772095,0.099427622450559,14.717243908759714,0.7749174836062837,1.0,4,2.5,"FERRO CHROME, HIGH CARBON, SIZE:20-50 MM",Extra trees,single
0.0855016517566632,0.0912382653638031,12.977302594484447,0.7023525412338696,1.0,4,2.5,"FERRO CHROME, HIGH CARBON, SIZE:20-50 MM",Gradient boosting,single
0.0990525073289625,0.1045476852188091,14.045556921394391,0.8140729508323185,1.0,4,2.5,"FERRO CHROME, HIGH CARBON, SIZE:20-50 MM",Hist gradient boosting,single
0.1794647375328877,0.198479148508993,22.509186245522304,1.4484598484365607,1.0,4,2.5,"FERRO CHROME, HIGH CARBON, SIZE:20-50 MM",Support vector (RBF),single
0.0992071476243998,0.1064987039494492,14.862691843816243,0.8353666354187057,1.0,4,2.5,"FERRO CHROME, HIGH CARBON, SIZE:20-50 MM",K-nearest neighbours,single
0.5500178110645347,0.7639984371779891,70.56824022389438,4.623091182591229,0.5,2,1.5,"FERRO CHROME, HIGH CARBON, SIZE:20-50 MM",Neural net (MLP),single
0.1067262481949571,0.1132645633051807,14.61669016138741,0.8775837539210612,1.0,4,2.5,"FERRO CHROME, HIGH CARBON, SIZE:20-50 MM",Bayesian ridge (lags),single
0.1015754905647083,0.1083815114981303,14.638684910282311,0.8445420786751988,1.0,4,2.5,"FERRO CHROME, HIGH CARBON, SIZE:20-50 MM",Gaussian process,single
0.0984697585609902,0.1059471794767663,15.004317276926225,0.8257953568693949,1.0,4,2.5,"FERRO CHROME, HIGH CARBON, SIZE:20-50 MM",Ensemble: top-5 mean,ensemble
0.0969768946168359,0.1037738952313416,14.487759204891756,0.8077588867717781,1.0,4,2.5,"FERRO CHROME, HIGH CARBON, SIZE:20-50 MM",Ensemble: inverse-error,ensemble
0.1143382417222042,0.1229878092602851,16.034011658175626,0.9493634019663728,1.0,4,2.5,"FERRO CHROME, HIGH CARBON, SIZE:20-50 MM",Ensemble: annealed weights,ensemble
0.1146916398124732,0.1233734523453326,16.061978639104698,0.9521427202704436,1.0,4,2.5,"FERRO CHROME, HIGH CARBON, SIZE:20-50 MM",Ensemble: greedy selection,ensemble
0.3562175956180421,0.289687899796517,35.154016715091885,1.0461990984848295,1.0,4,9.25,"CASTABLE,HIGH ALUMINA,AL203:90%",Naive (last price),single
0.1982037966216144,0.2023266396867871,20.7438531798469,0.6466604328973735,1.0,4,9.25,"CASTABLE,HIGH ALUMINA,AL203:90%",Seasonal naive (12m),single
0.3851919215255874,0.3058989778367797,36.820810354915935,1.135688737572382,1.0,4,9.25,"CASTABLE,HIGH ALUMINA,AL203:90%",Drift,single
0.3025176137405984,0.2326999027261558,29.768363664016224,0.8630566516412209,1.0,4,9.25,"CASTABLE,HIGH ALUMINA,AL203:90%",Moving average (auto-k),single
0.3507057788265044,0.2834875395563782,34.53154370773239,1.0277136054187068,1.0,4,9.25,"CASTABLE,HIGH ALUMINA,AL203:90%",Simple exp. smoothing,single
0.5422801149902113,0.5133102733359012,51.67801271787229,1.6875927038568868,1.0,4,9.25,"CASTABLE,HIGH ALUMINA,AL203:90%",Holt trend (damped-auto),single
0.3566014813408711,0.2712294166587686,35.16073868434959,1.0244819688188156,1.0,4,9.25,"CASTABLE,HIGH ALUMINA,AL203:90%",Holt-Winters seasonal,single
0.3257126924162017,0.2505617198311854,32.86472699016569,0.9277972537118032,1.0,4,9.25,"CASTABLE,HIGH ALUMINA,AL203:90%",Theta method,single
0.1250295954587227,0.1055255269129507,13.19919900176772,0.340663784929458,1.0,4,9.25,"CASTABLE,HIGH ALUMINA,AL203:90%",Linear trend,single
0.3805267006558153,0.3631402232839018,31.143678526272325,1.2541002756947548,1.0,4,9.25,"CASTABLE,HIGH ALUMINA,AL203:90%",Autoregressive (ridge),single
0.308330025463661,0.2817731816634107,28.70599144429104,0.9589898183908844,1.0,4,9.25,"CASTABLE,HIGH ALUMINA,AL203:90%",Random forest,single
0.2998321561369267,0.2447139101742002,28.08295524924905,0.8844381328408817,1.0,4,9.25,"CASTABLE,HIGH ALUMINA,AL203:90%",Extra trees,single
0.3324133450711696,0.3038327390111616,28.86761114063989,1.0527341668465495,1.0,4,9.25,"CASTABLE,HIGH ALUMINA,AL203:90%",Gradient boosting,single
0.3216866157277018,0.3629579548901984,30.07560068707838,1.1680457321335276,1.0,4,9.25,"CASTABLE,HIGH ALUMINA,AL203:90%",Hist gradient boosting,single
0.2939350630774624,0.248582899261565,27.859471720728187,0.8782851769556019,1.0,4,9.25,"CASTABLE,HIGH ALUMINA,AL203:90%",Support vector (RBF),single
0.334717978235235,0.2871511845839795,31.75534509941952,1.010992272118263,1.0,4,9.25,"CASTABLE,HIGH ALUMINA,AL203:90%",K-nearest neighbours,single
641834872301463.6,1.9999999999999984,5.446149487276394e+16,1623434956599239.8,0.5,2,7.5,"CASTABLE,HIGH ALUMINA,AL203:90%",Neural net (MLP),single
0.1886226103924299,0.1637128405551358,17.021032942130432,0.5626199247881668,1.0,4,9.25,"CASTABLE,HIGH ALUMINA,AL203:90%",Bayesian ridge (lags),single
0.3640715535156775,0.2979503487202952,32.59749478534934,1.0969921974585572,1.0,4,9.25,"CASTABLE,HIGH ALUMINA,AL203:90%",Gaussian process,single
0.2748441285897873,0.2278248757033635,24.976385230202443,0.8182838865027224,1.0,4,9.25,"CASTABLE,HIGH ALUMINA,AL203:90%",Ensemble: top-5 mean,ensemble
0.2861862214591227,0.2380676889112193,26.56484250970239,0.8513203751185705,1.0,4,9.25,"CASTABLE,HIGH ALUMINA,AL203:90%",Ensemble: inverse-error,ensemble
0.2063033190549622,0.1638025963298171,21.29235752700068,0.5709768652003893,1.0,4,9.25,"CASTABLE,HIGH ALUMINA,AL203:90%",Ensemble: annealed weights,ensemble
0.3025176137405984,0.2326999027261558,29.768363664016224,0.8630566516412209,1.0,4,9.25,"CASTABLE,HIGH ALUMINA,AL203:90%",Ensemble: greedy selection,ensemble
0.0557903911520593,0.0533964562458016,0.6348718085060705,0.3375986132218476,1.0,4,5.25,"CALCINED BAUXITE,10-40MM",Naive (last price),single
0.0785196841851243,0.0743781013233769,0.8356572980876936,0.4713664436026926,1.0,4,5.25,"CALCINED BAUXITE,10-40MM",Seasonal naive (12m),single
0.0760899089589179,0.072563776180717,0.784905528323241,0.4675177884742625,1.0,4,5.25,"CALCINED BAUXITE,10-40MM",Drift,single
0.068437829103864,0.0661247883417903,0.7025960036957533,0.4198175626150481,1.0,4,5.25,"CALCINED BAUXITE,10-40MM",Moving average (auto-k),single
0.0645145608729579,0.0625355232634137,0.6957783463955973,0.3966486119518786,1.0,4,5.25,"CALCINED BAUXITE,10-40MM",Simple exp. smoothing,single
0.0774835740269853,0.0752169140439955,0.7700420164266182,0.477756246140976,1.0,4,5.25,"CALCINED BAUXITE,10-40MM",Holt trend (damped-auto),single
0.0424116697552017,0.0412119465396308,0.4885821777759443,0.2667292214594812,1.0,4,5.25,"CALCINED BAUXITE,10-40MM",Holt-Winters seasonal,single
0.0673162883708742,0.0642467767243264,0.7288597095727758,0.4065616472307944,1.0,4,5.25,"CALCINED BAUXITE,10-40MM",Theta method,single
0.2026023742566556,0.1810793370259201,1.979811727819647,1.2325562429719976,1.0,4,5.25,"CALCINED BAUXITE,10-40MM",Linear trend,single
0.0583397487401566,0.0565121393452029,0.6193088691905885,0.3564538426646199,1.0,4,5.25,"CALCINED BAUXITE,10-40MM",Autoregressive (ridge),single
0.0451077947750319,0.043410706367223,0.5202072412996867,0.2673997591172452,1.0,4,5.25,"CALCINED BAUXITE,10-40MM",Random forest,single
0.066290263189632,0.063353262509842,0.7013703466823793,0.3974234560926731,1.0,4,5.25,"CALCINED BAUXITE,10-40MM",Extra trees,single
0.0673713737814367,0.0638457163315017,0.7559126680954147,0.4000689346825273,1.0,4,5.25,"CALCINED BAUXITE,10-40MM",Gradient boosting,single
0.0811439468014968,0.0764387636087841,0.9497821340510588,0.4963588616488096,1.0,4,5.25,"CALCINED BAUXITE,10-40MM",Hist gradient boosting,single
0.0977418601573902,0.0919908338463585,1.0255693674131263,0.6027048508520453,1.0,4,5.25,"CALCINED BAUXITE,10-40MM",Support vector (RBF),single
0.1368360273187037,0.1261027589637781,1.4144158013478954,0.8336484984762988,1.0,4,5.25,"CALCINED BAUXITE,10-40MM",K-nearest neighbours,single
529883948749.522,1.6295906343733435,8360743575332.793,3309394137864.8306,0.75,3,5.0,"CALCINED BAUXITE,10-40MM",Neural net (MLP),single
0.0647626886307053,0.0621690462249758,0.7070343242745026,0.4089558464779665,1.0,4,5.25,"CALCINED BAUXITE,10-40MM",Bayesian ridge (lags),single
0.0666326017586331,0.0637750742519995,0.7121798197762799,0.4016190573742174,1.0,4,5.25,"CALCINED BAUXITE,10-40MM",Gaussian process,single
0.1072600444710982,0.099955094411307,1.1257855634054286,0.6466125619940339,1.0,4,5.25,"CALCINED BAUXITE,10-40MM",Ensemble: top-5 mean,ensemble
0.0954090356713866,0.0895737885293338,1.003159425485006,0.5753943483956621,1.0,4,5.25,"CALCINED BAUXITE,10-40MM",Ensemble: inverse-error,ensemble
0.1914607248579451,0.1719560979219588,1.8781149284706709,1.1637938826505636,1.0,4,5.25,"CALCINED BAUXITE,10-40MM",Ensemble: annealed weights,ensemble
0.1916605054399578,0.1721173569941685,1.880080720106145,1.1650107499026856,1.0,4,5.25,"CALCINED BAUXITE,10-40MM",Ensemble: greedy selection,ensemble
0.0551043431815637,0.057400895415869,166.081895536692,0.509324267713134,1.0,5,6.6,"QUARTZITE,25-75MM",Naive (last price),single
0.0736190572344347,0.0759069179043232,174.1775675207929,0.6682214469642984,1.0,5,6.6,"QUARTZITE,25-75MM",Seasonal naive (12m),single
0.0657668856356055,0.0655129297795136,143.60967593998828,0.5847166585096686,1.0,5,6.6,"QUARTZITE,25-75MM",Drift,single
0.0557576697970223,0.0579688886246407,165.79133386286512,0.5140110515920973,1.0,5,6.6,"QUARTZITE,25-75MM",Moving average (auto-k),single
0.0543024039142518,0.0565908709841147,165.92739239453326,0.5024112014591412,1.0,5,6.6,"QUARTZITE,25-75MM",Simple exp. smoothing,single
0.0664005620971703,0.0688617741751554,172.49632394355075,0.6070618290212104,1.0,5,6.6,"QUARTZITE,25-75MM",Holt trend (damped-auto),single
0.0841001290815831,0.0864493377457479,212.4071196787206,0.7590556516287066,1.0,5,6.6,"QUARTZITE,25-75MM",Holt-Winters seasonal,single
0.061381569359626,0.0621129142112893,149.21118742393085,0.5524962003911191,1.0,5,6.6,"QUARTZITE,25-75MM",Theta method,single
0.1943226259695834,0.1752046995747796,360.05768230917283,1.6500669321799128,1.0,5,6.6,"QUARTZITE,25-75MM",Linear trend,single
0.0516710593599999,0.0542545661741306,165.71874567633716,0.4819066334768816,1.0,5,6.6,"QUARTZITE,25-75MM",Autoregressive (ridge),single
0.0544967583380014,0.0566852268180148,163.59476205475406,0.5026195253935474,1.0,5,6.6,"QUARTZITE,25-75MM",Random forest,single
0.0795115033242585,0.080972846742491,178.79073010110014,0.7138977318968975,1.0,5,6.6,"QUARTZITE,25-75MM",Extra trees,single
0.0544904298616397,0.05665663430979,165.2730514419848,0.5037132870367859,1.0,5,6.6,"QUARTZITE,25-75MM",Gradient boosting,single
0.0653751321865645,0.0661706406033065,174.5132299545913,0.5915278278925139,1.0,5,6.6,"QUARTZITE,25-75MM",Hist gradient boosting,single
0.074825152260961,0.0805416441605179,199.80585253032297,0.6749619680797533,1.0,5,6.6,"QUARTZITE,25-75MM",Support vector (RBF),single
0.0789558453330247,0.080630429118839,178.21264083427866,0.7102254172191964,1.0,5,6.6,"QUARTZITE,25-75MM",K-nearest neighbours,single
inf,inf,inf,inf,0.0,0,,"QUARTZITE,25-75MM",Neural net (MLP),single
0.0808241015325102,0.0810348670431575,155.3001908137332,0.7058408035131765,1.0,5,6.6,"QUARTZITE,25-75MM",Bayesian ridge (lags),single
0.0636567939385707,0.0668351421411568,167.70929062523035,0.5761169716726912,1.0,5,6.6,"QUARTZITE,25-75MM",Gaussian process,single
0.0532737396511195,0.0547671251244363,152.994326446984,0.4870689111382912,1.0,5,6.6,"QUARTZITE,25-75MM",Ensemble: top-5 mean,ensemble
0.0528231221488391,0.0543184843138962,152.61779408918989,0.4838832843843109,1.0,5,6.6,"QUARTZITE,25-75MM",Ensemble: inverse-error,ensemble
0.067732687879958,0.067772588139326,142.08676477754508,0.5960743931696162,1.0,5,6.6,"QUARTZITE,25-75MM",Ensemble: annealed weights,ensemble
0.0646501943887887,0.064606025862001,139.4897422055764,0.5695323744850664,1.0,5,6.6,"QUARTZITE,25-75MM",Ensemble: greedy selection,ensemble
0.1556430416822809,0.1584135735822144,6.307011305790944,1.5173018222559964,1.0,4,6.75,CASTING POWDER,Naive (last price),single
0.1401597755195054,0.1330118666782851,5.588313527131939,1.2714930906695914,1.0,4,6.75,CASTING POWDER,Seasonal naive (12m),single
0.1568256201379854,0.1607705766710805,6.484867585701547,1.5360958907500455,1.0,4,6.75,CASTING POWDER,Drift,single
0.1534509318097868,0.1541806695008296,6.01701398593496,1.478209001364603,1.0,4,6.75,CASTING POWDER,Moving average (auto-k),single
0.1553932671879531,0.1579453518193011,6.270685756208122,1.5129091899517373,1.0,4,6.75,CASTING POWDER,Simple exp. smoothing,single
0.197839322810006,0.2079277189087723,9.406884150409764,2.006178757300173,1.0,4,6.75,CASTING POWDER,Holt trend (damped-auto),single
0.2291288793784113,0.2233474265268291,8.482103838827141,2.173024257530626,1.0,4,6.75,CASTING POWDER,Holt-Winters seasonal,single
0.1558916781868273,0.1574001556126973,6.178178616589792,1.5097184165329969,1.0,4,6.75,CASTING POWDER,Theta method,single
0.1175642464831003,0.1225318827137625,5.030898413633366,1.142946606565649,1.0,4,6.75,CASTING POWDER,Linear trend,single
0.1458250102826744,0.1524592960076147,7.046395960083635,1.4691623251491708,1.0,4,6.75,CASTING POWDER,Autoregressive (ridge),single
0.1362559012098307,0.1394806452740241,5.940136081591081,1.2989210486420737,1.0,4,6.75,CASTING POWDER,Random forest,single
0.1331409250085092,0.1360875867745282,5.993635236279399,1.2751628505087638,1.0,4,6.75,CASTING POWDER,Extra trees,single
0.1433925742747329,0.1493294789084653,6.360398736299305,1.3883694846907997,1.0,4,6.75,CASTING POWDER,Gradient boosting,single
0.0982370617938729,0.0918458381529561,4.146651266108411,0.8746144762084009,1.0,4,6.75,CASTING POWDER,Hist gradient boosting,single
0.1296669253381362,0.1382365788932344,5.7044164398546044,1.2852686611940307,1.0,4,6.75,CASTING POWDER,Support vector (RBF),single
0.1660251408253693,0.1521319479354199,6.253470107473494,1.4898370746838296,1.0,4,6.75,CASTING POWDER,K-nearest neighbours,single
inf,inf,inf,inf,0.0,0,,CASTING POWDER,Neural net (MLP),single
0.2062884570236497,0.2159335871265942,8.710632700301643,2.048749177094352,1.0,4,6.75,CASTING POWDER,Bayesian ridge (lags),single
0.2021750797957104,0.2085519019650772,9.594995391643906,2.048470124611406,1.0,4,6.75,CASTING POWDER,Gaussian process,single
0.1564230089080732,0.1592801458829007,6.304583752665751,1.5148530788550187,1.0,4,6.75,CASTING POWDER,Ensemble: top-5 mean,ensemble
0.1477452912692783,0.1494791973034264,5.878418664608003,1.4277805358339135,1.0,4,6.75,CASTING POWDER,Ensemble: inverse-error,ensemble
0.1535163125513695,0.1605794729007544,7.3419151505134,1.547120292545619,1.0,4,6.75,CASTING POWDER,Ensemble: annealed weights,ensemble
0.1544940623705629,0.1617118639928045,7.423784644002456,1.5586650638410042,1.0,4,6.75,CASTING POWDER,Ensemble: greedy selection,ensemble
0.1068590582162227,0.1073930097326237,294.6109486084998,0.9956234829735208,1.0,5,4.4,"BELT,CONVY,M24,1000KN/M,4,6X3MM,1000MM",Naive (last price),single
0.1500434049396281,0.137383870874649,299.22530779762604,1.255196203766712,1.0,5,4.4,"BELT,CONVY,M24,1000KN/M,4,6X3MM,1000MM",Seasonal naive (12m),single
0.1111586276611106,0.1117319071248798,297.95748324958146,1.032808510769498,1.0,5,4.4,"BELT,CONVY,M24,1000KN/M,4,6X3MM,1000MM",Drift,single
0.0969066830083315,0.0961421587372046,246.06712691859585,0.8796360634610318,1.0,5,4.4,"BELT,CONVY,M24,1000KN/M,4,6X3MM,1000MM",Moving average (auto-k),single
0.1039820788815305,0.1043473448760696,287.8778761878438,0.9643453026652424,1.0,5,4.4,"BELT,CONVY,M24,1000KN/M,4,6X3MM,1000MM",Simple exp. smoothing,single
0.127561703814149,0.1318341684256699,336.4260009983593,1.180904712017452,1.0,5,4.4,"BELT,CONVY,M24,1000KN/M,4,6X3MM,1000MM",Holt trend (damped-auto),single
0.1254330722993288,0.1255221841349812,304.32748471783816,1.123459061059238,1.0,5,4.4,"BELT,CONVY,M24,1000KN/M,4,6X3MM,1000MM",Holt-Winters seasonal,single
0.0990226386254379,0.0984807991767414,274.2126408316528,0.9043110454410586,1.0,5,4.4,"BELT,CONVY,M24,1000KN/M,4,6X3MM,1000MM",Theta method,single
0.1658660789537098,0.1492510128801256,332.66592261456964,1.354734643878227,1.0,5,4.4,"BELT,CONVY,M24,1000KN/M,4,6X3MM,1000MM",Linear trend,single
0.1200873059899271,0.1219361708279735,298.96940825361406,1.0881587584920014,1.0,5,4.4,"BELT,CONVY,M24,1000KN/M,4,6X3MM,1000MM",Autoregressive (ridge),single
0.1078821084056737,0.1086026033001175,261.4436918529982,0.974064209093378,1.0,5,4.4,"BELT,CONVY,M24,1000KN/M,4,6X3MM,1000MM",Random forest,single
0.1038177473129738,0.1043456730713427,258.20156988883963,0.9315491535386512,1.0,5,4.4,"BELT,CONVY,M24,1000KN/M,4,6X3MM,1000MM",Extra trees,single
0.1167620801945557,0.1168651940621065,289.5481944912852,1.0444465258456783,1.0,5,4.4,"BELT,CONVY,M24,1000KN/M,4,6X3MM,1000MM",Gradient boosting,single
0.0991403480540506,0.0996868721941834,241.5028964575595,0.8926648122341884,1.0,5,4.4,"BELT,CONVY,M24,1000KN/M,4,6X3MM,1000MM",Hist gradient boosting,single
0.1491336092648875,0.1372997310853623,300.3799960673389,1.2367764689579617,1.0,5,4.4,"BELT,CONVY,M24,1000KN/M,4,6X3MM,1000MM",Support vector (RBF),single
0.1353483827078832,0.1273586356456119,268.360778199063,1.1481301299030484,1.0,5,4.4,"BELT,CONVY,M24,1000KN/M,4,6X3MM,1000MM",K-nearest neighbours,single
6.398969525489818e+16,1.975646355374857,1.5284621525501942e+20,5.0876384121840646e+17,0.4,2,2.0,"BELT,CONVY,M24,1000KN/M,4,6X3MM,1000MM",Neural net (MLP),single
0.1886265733611108,0.195109103227579,434.3037959080584,1.7110881696800515,1.0,5,4.4,"BELT,CONVY,M24,1000KN/M,4,6X3MM,1000MM",Bayesian ridge (lags),single
0.1580458590629029,0.1455265617443847,304.7764442779999,1.319702195045591,1.0,5,4.4,"BELT,CONVY,M24,1000KN/M,4,6X3MM,1000MM",Gaussian process,single
0.1380127355637694,0.128710363358548,278.59693352478223,1.1549112827492105,1.0,5,4.4,"BELT,CONVY,M24,1000KN/M,4,6X3MM,1000MM",Ensemble: top-5 mean,ensemble
0.1291276058318397,0.1230127063768411,265.03320709203723,1.1018460216922663,1.0,5,4.4,"BELT,CONVY,M24,1000KN/M,4,6X3MM,1000MM",Ensemble: inverse-error,ensemble
0.1520917665507812,0.1401397527627216,300.4844638751071,1.264917306681139,1.0,5,4.4,"BELT,CONVY,M24,1000KN/M,4,6X3MM,1000MM",Ensemble: annealed weights,ensemble
0.1619559690083063,0.1474216804531161,317.41490260632406,1.337218419461909,1.0,5,4.4,"BELT,CONVY,M24,1000KN/M,4,6X3MM,1000MM",Ensemble: greedy selection,ensemble
0.5773619571541861,0.4635206055745965,49.2031888566986,1.2247416750288278,1.0,4,5.5,"BRICK,B-11,230X113X65MM",Naive (last price),single
0.2389610693705958,0.2908671210031301,29.136794126318,0.7782644279914458,1.0,4,5.5,"BRICK,B-11,230X113X65MM",Seasonal naive (12m),single
0.6140643155372398,0.4893077191452981,49.424442798008485,1.3471108017108504,1.0,4,5.5,"BRICK,B-11,230X113X65MM",Drift,single
0.5279675050612381,0.4304011045194081,40.342729429643256,1.216054782474611,1.0,4,5.5,"BRICK,B-11,230X113X65MM",Moving average (auto-k),single
0.5622256192110788,0.444297577433512,47.24730397282772,1.1867321364306735,1.0,4,5.5,"BRICK,B-11,230X113X65MM",Simple exp. smoothing,single
0.6560576131260705,0.4704731977132648,52.21677672548246,1.3292488849897022,1.0,4,5.5,"BRICK,B-11,230X113X65MM",Holt trend (damped-auto),single
0.553724090900727,0.3828951578549359,40.47007654100933,1.2072355967313124,1.0,4,5.5,"BRICK,B-11,230X113X65MM",Holt-Winters seasonal,single
0.5815192607122526,0.4687905729809603,44.82651801129207,1.322290529707566,1.0,4,5.5,"BRICK,B-11,230X113X65MM",Theta method,single
0.4592199327855754,0.6424584927083705,56.637715424891695,1.7490375743885145,1.0,4,5.5,"BRICK,B-11,230X113X65MM",Linear trend,single
0.7220109902118581,0.7049679291013464,60.409999674354246,1.80952947260851,1.0,4,5.5,"BRICK,B-11,230X113X65MM",Autoregressive (ridge),single
0.4717005041759629,0.4739013028398589,41.86528603130508,1.284371894086764,1.0,4,5.5,"BRICK,B-11,230X113X65MM",Random forest,single
0.6124496094718297,0.5827074380985664,51.39932662923955,1.567713836367589,1.0,4,5.5,"BRICK,B-11,230X113X65MM",Extra trees,single
0.6551981919063343,0.5811842097889475,52.29954859530188,1.6070499806692722,1.0,4,5.5,"BRICK,B-11,230X113X65MM",Gradient boosting,single
0.4651609028274098,0.5990742158584567,52.66022435742982,1.4797582845623598,1.0,4,5.5,"BRICK,B-11,230X113X65MM",Hist gradient boosting,single
0.7410406066630119,0.7350087613827925,59.656013534042415,1.967724220556785,1.0,4,5.5,"BRICK,B-11,230X113X65MM",Support vector (RBF),single
0.560560625868597,0.620460350469227,53.590948697250056,1.5441924878131974,1.0,4,5.5,"BRICK,B-11,230X113X65MM",K-nearest neighbours,single
4.282501008208195e+128,1.9484782493650787,8.323928969768619e+130,1.692799610792724e+129,0.75,3,3.6666666666666665,"BRICK,B-11,230X113X65MM",Neural net (MLP),single
0.8890466556505591,0.7656059936357703,76.36367812775079,2.4836186401896496,1.0,4,5.5,"BRICK,B-11,230X113X65MM",Bayesian ridge (lags),single
0.778393253342367,0.7277651462403554,61.2719089285617,2.006533020104964,1.0,4,5.5,"BRICK,B-11,230X113X65MM",Gaussian process,single
0.5547503202245486,0.5969001887340343,50.036428654238826,1.5761815708239186,1.0,4,5.5,"BRICK,B-11,230X113X65MM",Ensemble: top-5 mean,ensemble
0.5488360567901929,0.580207453902977,49.40108948641191,1.5309034211129866,1.0,4,5.5,"BRICK,B-11,230X113X65MM",Ensemble: inverse-error,ensemble
0.4347164355975408,0.5847006863951538,52.326571916156446,1.6071292523376042,1.0,4,5.5,"BRICK,B-11,230X113X65MM",Ensemble: annealed weights,ensemble
0.4592199327855754,0.6424584927083705,56.637715424891695,1.7490375743885145,1.0,4,5.5,"BRICK,B-11,230X113X65MM",Ensemble: greedy selection,ensemble
0.116348774333093,0.139088970837771,57.72083652758715,7.605209402735072,1.0,4,5.0,"BRICK,HM-13,250/235X120X80MM",Naive (last price),single
0.1409628628144273,0.1651536770933063,59.059406636396346,8.732032916523526,1.0,4,5.0,"BRICK,HM-13,250/235X120X80MM",Seasonal naive (12m),single
0.1167483191685922,0.1380770422355552,56.62829427197819,7.588574880912297,1.0,4,5.0,"BRICK,HM-13,250/235X120X80MM",Drift,single
0.1189564270364324,0.1417102945448123,57.72934148388448,7.720021322287645,1.0,4,5.0,"BRICK,HM-13,250/235X120X80MM",Moving average (auto-k),single
0.1166399538763218,0.1393803284413758,57.72094747302248,7.6180296998023485,1.0,4,5.0,"BRICK,HM-13,250/235X120X80MM",Simple exp. smoothing,single
0.1314128462056075,0.1535730232380356,57.97256351944641,8.268321792861952,1.0,4,5.0,"BRICK,HM-13,250/235X120X80MM",Holt trend (damped-auto),single
0.1235205417792931,0.1445653261738002,56.53501515526547,7.8747342202275155,1.0,4,5.0,"BRICK,HM-13,250/235X120X80MM",Holt-Winters seasonal,single
0.1151976974886594,0.1370449443408125,56.9519683242601,7.530987389607879,1.0,4,5.0,"BRICK,HM-13,250/235X120X80MM",Theta method,single
0.1113310423119182,0.1327083809168112,56.47081928971419,7.345561055863999,1.0,4,5.0,"BRICK,HM-13,250/235X120X80MM",Linear trend,single
0.1185189607918296,0.1397461542936856,56.49998368636616,7.658596041635455,1.0,4,5.0,"BRICK,HM-13,250/235X120X80MM",Autoregressive (ridge),single
0.1283241914786135,0.1514924603829694,58.09428208306908,8.143024905539063,1.0,4,5.0,"BRICK,HM-13,250/235X120X80MM",Random forest,single
0.123559306429156,0.1463884919232668,57.78739130262485,7.923763616226493,1.0,4,5.0,"BRICK,HM-13,250/235X120X80MM",Extra trees,single
0.1207790394779293,0.1435820091009571,57.77589623192922,7.801794534736167,1.0,4,5.0,"BRICK,HM-13,250/235X120X80MM",Gradient boosting,single
0.1501711294726731,0.1759517027365585,60.50699040748819,9.186815551012083,1.0,4,5.0,"BRICK,HM-13,250/235X120X80MM",Hist gradient boosting,single
0.2888916524436318,0.3457869312929547,79.40486614840816,15.74453673475497,1.0,4,5.0,"BRICK,HM-13,250/235X120X80MM",Support vector (RBF),single
0.1670191827708927,0.1957785250608498,62.7550624711488,9.986509881320217,1.0,4,5.0,"BRICK,HM-13,250/235X120X80MM",K-nearest neighbours,single
4.657115146985751e+98,2.0,1.4165391905414988e+101,3.282556586724913e+100,0.25,1,2.0,"BRICK,HM-13,250/235X120X80MM",Neural net (MLP),single
0.1162387101074581,0.1376460405848749,56.85081668829144,7.577194382485304,1.0,4,5.0,"BRICK,HM-13,250/235X120X80MM",Bayesian ridge (lags),single
0.1224606678320693,0.1446853636667751,57.68152113985642,7.88054266679843,1.0,4,5.0,"BRICK,HM-13,250/235X120X80MM",Gaussian process,single
0.1166104923779265,0.1383163260609877,56.9013320021237,7.592112419475203,1.0,4,5.0,"BRICK,HM-13,250/235X120X80MM",Ensemble: top-5 mean,ensemble
0.1170589516238786,0.1388048954528652,56.95460110194074,7.613922929021839,1.0,4,5.0,"BRICK,HM-13,250/235X120X80MM",Ensemble: inverse-error,ensemble
0.1167763997117362,0.1382917874241835,56.74607387915389,7.593628945411119,1.0,4,5.0,"BRICK,HM-13,250/235X120X80MM",Ensemble: annealed weights,ensemble
0.1176336399802109,0.138911116510412,56.563552793961605,7.623585461273877,1.0,4,5.0,"BRICK,HM-13,250/235X120X80MM",Ensemble: greedy selection,ensemble
0.8070154576901359,0.5966510203056778,236.5226592583948,3.042717515755456,1.0,4,5.0,"SAND,RIVER, 16-60 BS SIEVE 70%",Naive (last price),single
1.1538457551976893,0.5593021132858557,321.0715501417551,3.8177924489357817,1.0,4,5.0,"SAND,RIVER, 16-60 BS SIEVE 70%",Seasonal naive (12m),single
0.8110824498100324,0.5923067344948624,244.45640252088697,3.0047564788273773,1.0,4,5.0,"SAND,RIVER, 16-60 BS SIEVE 70%",Drift,single
0.7389150414008309,0.4319972890550809,213.896318792001,2.497140368608163,1.0,4,5.0,"SAND,RIVER, 16-60 BS SIEVE 70%",Moving average (auto-k),single
0.8000944551230204,0.574659646140879,232.6787882235112,2.986195306326755,1.0,4,5.0,"SAND,RIVER, 16-60 BS SIEVE 70%",Simple exp. smoothing,single
0.8035260655328791,0.6222659415604288,245.46685283498587,3.184483131182827,1.0,4,5.0,"SAND,RIVER, 16-60 BS SIEVE 70%",Holt trend (damped-auto),single
0.7943333734452135,0.5447440605895786,230.7029638075645,3.027094726977045,1.0,4,5.0,"SAND,RIVER, 16-60 BS SIEVE 70%",Holt-Winters seasonal,single
0.787134402725699,0.5192936838264495,230.6670487358014,2.7954058861704367,1.0,4,5.0,"SAND,RIVER, 16-60 BS SIEVE 70%",Theta method,single
1.541040428725024,0.7090859120053532,437.7175232008195,5.736513829373755,1.0,4,5.0,"SAND,RIVER, 16-60 BS SIEVE 70%",Linear trend,single
0.8077627053351993,0.6163654765957616,240.56428738120675,3.087667677880409,1.0,4,5.0,"SAND,RIVER, 16-60 BS SIEVE 70%",Autoregressive (ridge),single
0.7301136847120702,0.4306450908223038,208.7701888789097,2.4556092133474547,1.0,4,5.0,"SAND,RIVER, 16-60 BS SIEVE 70%",Random forest,single
0.7071215000816614,0.407020813260085,205.2137780099192,2.313814758740922,1.0,4,5.0,"SAND,RIVER, 16-60 BS SIEVE 70%",Extra trees,single
0.8148568823515021,0.5782812975772212,236.39675174540568,3.015318715648176,1.0,4,5.0,"SAND,RIVER, 16-60 BS SIEVE 70%",Gradient boosting,single
0.5206843426096565,0.3712837147480234,147.21305359963043,1.8707935684843684,1.0,4,5.0,"SAND,RIVER, 16-60 BS SIEVE 70%",Hist gradient boosting,single
0.6604810094997364,0.3949520490564647,181.7343648362869,2.172009614067034,1.0,4,5.0,"SAND,RIVER, 16-60 BS SIEVE 70%",Support vector (RBF),single
0.6987783332443512,0.3764386263176182,208.70945456175275,2.1677499525891686,1.0,4,5.0,"SAND,RIVER, 16-60 BS SIEVE 70%",K-nearest neighbours,single
85208498.44552732,1.344509656144229,48832547307.294014,482253338.83257145,0.5,2,1.0,"SAND,RIVER, 16-60 BS SIEVE 70%",Neural net (MLP),single
0.9794049990778336,0.9265482587928728,327.8997039514209,4.518090953223706,1.0,4,5.0,"SAND,RIVER, 16-60 BS SIEVE 70%",Bayesian ridge (lags),single
0.6736732238137064,0.4092475960394559,193.27625540256668,2.2641677149701205,1.0,4,5.0,"SAND,RIVER, 16-60 BS SIEVE 70%",Gaussian process,single
0.7781991042555119,0.512989331284887,222.28008866282363,2.799396223937201,1.0,4,5.0,"SAND,RIVER, 16-60 BS SIEVE 70%",Ensemble: top-5 mean,ensemble
0.7756356678061906,0.5130918928256498,221.9880531601536,2.804793222587383,1.0,4,5.0,"SAND,RIVER, 16-60 BS SIEVE 70%",Ensemble: inverse-error,ensemble
0.792621165071621,0.5618657748884666,230.36430249871088,2.9426041536200995,1.0,4,5.0,"SAND,RIVER, 16-60 BS SIEVE 70%",Ensemble: annealed weights,ensemble
0.8113097938433508,0.5967226136683758,238.27229493485208,3.051493196764292,1.0,4,5.0,"SAND,RIVER, 16-60 BS SIEVE 70%",Ensemble: greedy selection,ensemble
0.0246176759015832,0.0257298617273974,83.71529131526702,0.6872110303830943,1.0,4,17.25,"ROLLER,IDLER,DIA:152.4MM,3/10/30X70268A",Naive (last price),single
0.0334416039156537,0.0346825123001344,88.56053549257517,0.9310730844925816,1.0,4,17.25,"ROLLER,IDLER,DIA:152.4MM,3/10/30X70268A",Seasonal naive (12m),single
0.0266414405735864,0.0277301844022254,84.2149139091188,0.7435154589402595,1.0,4,17.25,"ROLLER,IDLER,DIA:152.4MM,3/10/30X70268A",Drift,single
0.0262643641486644,0.0273793015633483,83.81192626077444,0.7308060512915228,1.0,4,17.25,"ROLLER,IDLER,DIA:152.4MM,3/10/30X70268A",Moving average (auto-k),single
0.0248009131436847,0.0259131329908785,83.71648857683829,0.692062080615029,1.0,4,17.25,"ROLLER,IDLER,DIA:152.4MM,3/10/30X70268A",Simple exp. smoothing,single
0.0445398555272162,0.0452615948576168,96.90534960533022,1.2167764467794564,1.0,4,17.25,"ROLLER,IDLER,DIA:152.4MM,3/10/30X70268A",Holt trend (damped-auto),single
0.0416967861466462,0.0415272568167897,81.11601078915382,1.14411356914507,1.0,4,17.25,"ROLLER,IDLER,DIA:152.4MM,3/10/30X70268A",Holt-Winters seasonal,single
0.0227473430924825,0.0232315133546565,59.47034839322251,0.6300150283564225,1.0,4,17.25,"ROLLER,IDLER,DIA:152.4MM,3/10/30X70268A",Theta method,single
0.0231787298637516,0.0232508368216273,46.610219864825225,0.6392959655415276,1.0,4,17.25,"ROLLER,IDLER,DIA:152.4MM,3/10/30X70268A",Linear trend,single
0.0597152269587487,0.0629786420867615,140.1588654073127,1.6277825306808995,1.0,4,17.25,"ROLLER,IDLER,DIA:152.4MM,3/10/30X70268A",Autoregressive (ridge),single
0.0276372342731318,0.0287605880232912,84.09979308178367,0.7666028887590391,1.0,4,17.25,"ROLLER,IDLER,DIA:152.4MM,3/10/30X70268A",Random forest,single
0.0265598527626247,0.02767623957591,83.85726970755702,0.7380831445130229,1.0,4,17.25,"ROLLER,IDLER,DIA:152.4MM,3/10/30X70268A",Extra trees,single
0.0251659064038051,0.0262942562001532,84.30770300210968,0.7020707064656491,1.0,4,17.25,"ROLLER,IDLER,DIA:152.4MM,3/10/30X70268A",Gradient boosting,single
0.1095926221735137,0.1197949266535314,242.91067604062215,2.988300315002783,1.0,4,17.25,"ROLLER,IDLER,DIA:152.4MM,3/10/30X70268A",Hist gradient boosting,single
0.1295013503199565,0.140740373644138,261.26085619383275,3.604819597400848,1.0,4,17.25,"ROLLER,IDLER,DIA:152.4MM,3/10/30X70268A",Support vector (RBF),single
0.0313536536846355,0.0325145231089793,85.51422220545098,0.8687275612038359,1.0,4,17.25,"ROLLER,IDLER,DIA:152.4MM,3/10/30X70268A",K-nearest neighbours,single
1.0,2.0,1829.0000000000005,28.08735138705419,0.25,1,12.0,"ROLLER,IDLER,DIA:152.4MM,3/10/30X70268A",Neural net (MLP),single
0.027222025830937,0.0269322865191921,50.494174977741295,0.7464394133246941,1.0,4,17.25,"ROLLER,IDLER,DIA:152.4MM,3/10/30X70268A",Bayesian ridge (lags),single
0.0348449027001356,0.034467739584377,74.70246898300223,0.9652681606103796,1.0,4,17.25,"ROLLER,IDLER,DIA:152.4MM,3/10/30X70268A",Gaussian process,single
0.0239547809192972,0.0246799790083743,70.76023314656088,0.6664100259431049,1.0,4,17.25,"ROLLER,IDLER,DIA:152.4MM,3/10/30X70268A",Ensemble: top-5 mean,ensemble
0.0251416754174592,0.0260072296524861,75.64989984064445,0.6984792922922208,1.0,4,17.25,"ROLLER,IDLER,DIA:152.4MM,3/10/30X70268A",Ensemble: inverse-error,ensemble
0.0252889572493316,0.0263988798909622,83.66727191919765,0.7050300203294227,1.0,4,17.25,"ROLLER,IDLER,DIA:152.4MM,3/10/30X70268A",Ensemble: annealed weights,ensemble
0.0246176759015832,0.0257298617273974,83.71529131526702,0.6872110303830943,1.0,4,17.25,"ROLLER,IDLER,DIA:152.4MM,3/10/30X70268A",Ensemble: greedy selection,ensemble
0.0261728101122164,0.0268335867169573,1.5152215128160198,0.8525627940485019,1.0,4,7.0,"GLOVE,CANVAS",Naive (last price),single
0.0305535998604339,0.0313100509767018,1.6533598532601343,0.9912479861121316,1.0,4,7.0,"GLOVE,CANVAS",Seasonal naive (12m),single
0.0223969892638764,0.0228419939546872,1.2619971693079788,0.7285872076019689,1.0,4,7.0,"GLOVE,CANVAS",Drift,single
0.0277329127353157,0.0284496607276246,1.5778898274379536,0.9025785172152374,1.0,4,7.0,"GLOVE,CANVAS",Moving average (auto-k),single
0.0263461276565152,0.0270128735257275,1.522052123460628,0.8581196148071967,1.0,4,7.0,"GLOVE,CANVAS",Simple exp. smoothing,single
0.0214004088924001,0.0217393836060364,1.0940772626305462,0.6900341136821462,1.0,4,7.0,"GLOVE,CANVAS",Holt trend (damped-auto),single
0.0221177467070316,0.0224728667591561,1.1471685648354386,0.7154661771907911,1.0,4,7.0,"GLOVE,CANVAS",Holt-Winters seasonal,single
0.0239878567500071,0.0245491478572863,1.4013747889680035,0.7820945477462984,1.0,4,7.0,"GLOVE,CANVAS",Theta method,single
0.034321754532967,0.0352182946830039,1.7550122112594813,1.1090281794864023,1.0,4,7.0,"GLOVE,CANVAS",Linear trend,single
0.0369563864381337,0.0379171283024583,1.803425486986309,1.1882485421419646,1.0,4,7.0,"GLOVE,CANVAS",Autoregressive (ridge),single
0.0312249852819737,0.0321224460832467,1.7633601614339216,1.015946949692364,1.0,4,7.0,"GLOVE,CANVAS",Random forest,single
0.0299393713041396,0.0307169429398287,1.6427605018888205,0.9724571894926128,1.0,4,7.0,"GLOVE,CANVAS",Extra trees,single
0.0341836282407342,0.0350536631797461,1.727918738098397,1.1032554845420164,1.0,4,7.0,"GLOVE,CANVAS",Gradient boosting,single
0.0314042701163765,0.0323387880609625,1.800686386364483,1.0231859151014622,1.0,4,7.0,"GLOVE,CANVAS",Hist gradient boosting,single
0.0457566109885941,0.0471043609834107,2.127439267155528,1.4676197428898448,1.0,4,7.0,"GLOVE,CANVAS",Support vector (RBF),single
0.0311678519827842,0.0319608120088894,1.65666436571085,1.010030028284075,1.0,4,7.0,"GLOVE,CANVAS",K-nearest neighbours,single
inf,inf,inf,inf,0.0,0,,"GLOVE,CANVAS",Neural net (MLP),single
0.0324824590936439,0.0331630288324069,1.546705732900635,1.0431308340719525,1.0,4,7.0,"GLOVE,CANVAS",Bayesian ridge (lags),single
0.0382226090869685,0.0392086321092349,1.8240931297065768,1.2272143483217524,1.0,4,7.0,"GLOVE,CANVAS",Gaussian process,single
0.033015049670447,0.0338992940429546,1.7462083882185315,1.0692879229412535,1.0,4,7.0,"GLOVE,CANVAS",Ensemble: top-5 mean,ensemble
0.0300726425113305,0.0308565387112418,1.648901975769289,0.9766674601122352,1.0,4,7.0,"GLOVE,CANVAS",Ensemble: inverse-error,ensemble
0.0325694154925714,0.0334079267289863,1.7007321925469043,1.0540753589739655,1.0,4,7.0,"GLOVE,CANVAS",Ensemble: annealed weights,ensemble
0.0327448032578757,0.0335870391714464,1.704324564503426,1.05952910388524,1.0,4,7.0,"GLOVE,CANVAS",Ensemble: greedy selection,ensemble
0.1404704428953346,0.1270224962332636,26.296534291189584,0.9338176950895152,1.0,4,14.75,"CORED WIRE,CALCIUM SILICATE",Naive (last price),single
0.1730404115640047,0.1651073616998599,30.8437708011584,1.1760398457096883,1.0,4,14.75,"CORED WIRE,CALCIUM SILICATE",Seasonal naive (12m),single
0.1498844631783308,0.1348142023673307,29.208056458167544,1.0169338074357972,1.0,4,14.75,"CORED WIRE,CALCIUM SILICATE",Drift,single
0.1276896402518701,0.1157000466986419,23.685646129345013,0.8264818158249865,1.0,4,14.75,"CORED WIRE,CALCIUM SILICATE",Moving average (auto-k),single
0.1390003718822288,0.1257670907954945,25.928077495146155,0.9214870899280004,1.0,4,14.75,"CORED WIRE,CALCIUM SILICATE",Simple exp. smoothing,single
0.6471158449910795,0.3371560010492251,221.6203382070766,5.063750297935279,1.0,4,14.75,"CORED WIRE,CALCIUM SILICATE",Holt trend (damped-auto),single
0.7401287630465164,0.3649722702044947,253.4802481003264,5.817776016928723,1.0,4,14.75,"CORED WIRE,CALCIUM SILICATE",Holt-Winters seasonal,single
0.1628405176195611,0.1472194676073576,28.40796805078697,1.0899236848953169,1.0,4,14.75,"CORED WIRE,CALCIUM SILICATE",Theta method,single
0.2788774869456755,0.2506102164509451,47.227849646826456,1.8777379262796323,1.0,4,14.75,"CORED WIRE,CALCIUM SILICATE",Linear trend,single
0.1671820014489765,0.1762711862375114,38.72047029162745,1.1718278052879645,1.0,4,14.75,"CORED WIRE,CALCIUM SILICATE",Autoregressive (ridge),single
0.1121428096576722,0.1014758310351306,22.077029194392733,0.7048730607912874,1.0,4,14.75,"CORED WIRE,CALCIUM SILICATE",Random forest,single
0.1242327066320608,0.113567142867322,23.04175692605929,0.7999811026319155,1.0,4,14.75,"CORED WIRE,CALCIUM SILICATE",Extra trees,single
0.1108309082713495,0.1001081564093472,21.995244800202645,0.6928995101014519,1.0,4,14.75,"CORED WIRE,CALCIUM SILICATE",Gradient boosting,single
0.2008760559590856,0.1915937892382134,36.07241951173511,1.3655204393587104,1.0,4,14.75,"CORED WIRE,CALCIUM SILICATE",Hist gradient boosting,single
0.1441264991715556,0.1385769088972936,28.06290396074469,0.9689872500532754,1.0,4,14.75,"CORED WIRE,CALCIUM SILICATE",Support vector (RBF),single
0.2135952489952999,0.2178164999148917,41.89574397348163,1.4984823296562928,1.0,4,14.75,"CORED WIRE,CALCIUM SILICATE",K-nearest neighbours,single
inf,inf,inf,inf,0.0,0,,"CORED WIRE,CALCIUM SILICATE",Neural net (MLP),single
0.1861954813990184,0.1830683343572586,35.45083537389542,1.2783161798240623,1.0,4,14.75,"CORED WIRE,CALCIUM SILICATE",Bayesian ridge (lags),single
0.1877386939165142,0.1945208775445458,40.147575237487786,1.3186961490246267,1.0,4,14.75,"CORED WIRE,CALCIUM SILICATE",Gaussian process,single
0.164761554173656,0.1534169600911346,29.693479313583143,1.0916938965437548,1.0,4,14.75,"CORED WIRE,CALCIUM SILICATE",Ensemble: top-5 mean,ensemble
0.1565075224873959,0.1464829427456001,28.39178474029053,1.0390525973840548,1.0,4,14.75,"CORED WIRE,CALCIUM SILICATE",Ensemble: inverse-error,ensemble
0.1668855607061514,0.1757887552119134,38.626062062757526,1.1691219052850477,1.0,4,14.75,"CORED WIRE,CALCIUM SILICATE",Ensemble: annealed weights,ensemble
0.1671820014489765,0.1762711862375114,38.72047029162745,1.1718278052879645,1.0,4,14.75,"CORED WIRE,CALCIUM SILICATE",Ensemble: greedy selection,ensemble
0.1615473767076704,0.1427360368873263,282.2980334327537,1.2106241803914335,1.0,5,5.6,"BELT,CONVY,M24,630KN/M,4,5X2MM,800MM",Naive (last price),single
0.1583535573139533,0.1376628054772996,265.80441918256366,1.1749950324553051,1.0,5,5.6,"BELT,CONVY,M24,630KN/M,4,5X2MM,800MM",Seasonal naive (12m),single
0.1696644105918274,0.1495710763663699,294.10236729296537,1.271471924937455,1.0,5,5.6,"BELT,CONVY,M24,630KN/M,4,5X2MM,800MM",Drift,single
0.1387211270906129,0.1235533011909948,236.09332004884024,1.0298048972508749,1.0,5,5.6,"BELT,CONVY,M24,630KN/M,4,5X2MM,800MM",Moving average (auto-k),single
0.1590074433378117,0.1406216199839675,276.96045556680104,1.1905521817262923,1.0,5,5.6,"BELT,CONVY,M24,630KN/M,4,5X2MM,800MM",Simple exp. smoothing,single
0.2170234908699007,0.1963323923515069,350.1934472933507,1.639641289496666,1.0,5,5.6,"BELT,CONVY,M24,630KN/M,4,5X2MM,800MM",Holt trend (damped-auto),single
0.1880088164951223,0.1802097622030867,307.1765940864662,1.4398338766837369,1.0,5,5.6,"BELT,CONVY,M24,630KN/M,4,5X2MM,800MM",Holt-Winters seasonal,single
0.1541577558285567,0.1359783046237718,266.6161947464689,1.1490479978802612,1.0,5,5.6,"BELT,CONVY,M24,630KN/M,4,5X2MM,800MM",Theta method,single
0.2650373387277926,0.2321881900794942,324.9615377854552,1.950943951515853,1.0,5,5.6,"BELT,CONVY,M24,630KN/M,4,5X2MM,800MM",Linear trend,single
0.1831062713512891,0.1667362490673597,264.60644199381466,1.3655373668453243,1.0,5,5.6,"BELT,CONVY,M24,630KN/M,4,5X2MM,800MM",Autoregressive (ridge),single
0.1621913631638128,0.146645764374038,242.55716261820075,1.2031712688047669,1.0,5,5.6,"BELT,CONVY,M24,630KN/M,4,5X2MM,800MM",Random forest,single
0.1566687684205036,0.1420289380950627,226.22905705942404,1.1552058809774106,1.0,5,5.6,"BELT,CONVY,M24,630KN/M,4,5X2MM,800MM",Extra trees,single
0.1560310842347305,0.1406026004427129,235.64659872761032,1.154082108780353,1.0,5,5.6,"BELT,CONVY,M24,630KN/M,4,5X2MM,800MM",Gradient boosting,single
0.1945527331058974,0.1681272045995234,297.4475862495266,1.4206101488930858,1.0,5,5.6,"BELT,CONVY,M24,630KN/M,4,5X2MM,800MM",Hist gradient boosting,single
0.1785367571053001,0.1604073248850991,240.2616599323688,1.3197726704407349,1.0,5,5.6,"BELT,CONVY,M24,630KN/M,4,5X2MM,800MM",Support vector (RBF),single
0.2020613294598831,0.1803489623306091,267.0505021421797,1.503694554929838,1.0,5,5.6,"BELT,CONVY,M24,630KN/M,4,5X2MM,800MM",K-nearest neighbours,single
3.401946186157404e+32,2.0,3.960613788848174e+35,2.445136474977219e+33,0.2,1,2.0,"BELT,CONVY,M24,630KN/M,4,5X2MM,800MM",Neural net (MLP),single
0.2550560270255422,0.2714426524931564,409.9404282776444,1.9801181381342785,1.0,5,5.6,"BELT,CONVY,M24,630KN/M,4,5X2MM,800MM",Bayesian ridge (lags),single
0.1772379625122477,0.1571758652141637,257.858175178678,1.3287057126179214,1.0,5,5.6,"BELT,CONVY,M24,630KN/M,4,5X2MM,800MM",Gaussian process,single
0.1962453890238354,0.1754970667674703,259.5783802988638,1.455622384391931,1.0,5,5.6,"BELT,CONVY,M24,630KN/M,4,5X2MM,800MM",Ensemble: top-5 mean,ensemble
0.1784170173840164,0.159036719160296,248.69901158640803,1.3071440275954511,1.0,5,5.6,"BELT,CONVY,M24,630KN/M,4,5X2MM,800MM",Ensemble: inverse-error,ensemble
0.189284210429411,0.1698269577064492,248.94411012562543,1.3983830948577014,1.0,5,5.6,"BELT,CONVY,M24,630KN/M,4,5X2MM,800MM",Ensemble: annealed weights,ensemble
0.1893493298081116,0.1698920637443952,248.8898433925193,1.3986690805751243,1.0,5,5.6,"BELT,CONVY,M24,630KN/M,4,5X2MM,800MM",Ensemble: greedy selection,ensemble
0.1334945574903148,0.1347504516012031,18.790636193332325,1.8391949963384304,1.0,5,10.2,"MORTAR,HIGH ALUMINA,GREEN",Naive (last price),single
0.1171262343383451,0.1315528477086834,22.561442496099485,1.690804537943468,1.0,5,10.2,"MORTAR,HIGH ALUMINA,GREEN",Seasonal naive (12m),single
0.141118918348445,0.1380064587914666,18.767098116268908,1.9045218804107464,1.0,5,10.2,"MORTAR,HIGH ALUMINA,GREEN",Drift,single
0.144177653164979,0.1452763503974102,20.13822573116992,1.9727982290393289,1.0,5,10.2,"MORTAR,HIGH ALUMINA,GREEN",Moving average (auto-k),single
0.1346359538849555,0.1359216254651277,18.90809404457749,1.853512122790689,1.0,5,10.2,"MORTAR,HIGH ALUMINA,GREEN",Simple exp. smoothing,single
0.125236835064125,0.1228504991721421,18.717658611193784,1.7266060368146985,1.0,5,10.2,"MORTAR,HIGH ALUMINA,GREEN",Holt trend (damped-auto),single
0.1798752198248905,0.1767994052053406,22.24417478432064,2.4021311163379013,1.0,5,10.2,"MORTAR,HIGH ALUMINA,GREEN",Holt-Winters seasonal,single
0.1430968278787183,0.1417831007418611,19.569684900654963,1.9441103936844892,1.0,5,10.2,"MORTAR,HIGH ALUMINA,GREEN",Theta method,single
0.1677786185322207,0.166782719245348,21.926906536489074,2.230248894778553,1.0,5,10.2,"MORTAR,HIGH ALUMINA,GREEN",Linear trend,single
0.1515301215996845,0.1607180314118237,24.18114932598132,2.145413929248164,1.0,5,10.2,"MORTAR,HIGH ALUMINA,GREEN",Autoregressive (ridge),single
0.1638527694372953,0.1721967497200882,25.02382483525084,2.2777231082672347,1.0,5,10.2,"MORTAR,HIGH ALUMINA,GREEN",Random forest,single
0.1564856574417611,0.1686835764463527,25.171843283577918,2.2091429376060643,1.0,5,10.2,"MORTAR,HIGH ALUMINA,GREEN",Extra trees,single
0.1590707329276662,0.1631146366220403,22.68820882950586,2.187427565693817,1.0,5,10.2,"MORTAR,HIGH ALUMINA,GREEN",Gradient boosting,single
0.1398154103377354,0.1478186111601464,21.94008400671287,1.9371377656273383,1.0,5,10.2,"MORTAR,HIGH ALUMINA,GREEN",Hist gradient boosting,single
0.0998551764738203,0.1139697493416249,20.88575524994289,1.4727984899118152,1.0,5,10.2,"MORTAR,HIGH ALUMINA,GREEN",Support vector (RBF),single
0.2095854219649463,0.2154456668516258,28.675014591707928,2.866269588812317,1.0,5,10.2,"MORTAR,HIGH ALUMINA,GREEN",K-nearest neighbours,single
3.52597060160631e+266,2.0,inf,4.666365374533938e+267,0.2,1,3.0,"MORTAR,HIGH ALUMINA,GREEN",Neural net (MLP),single
0.2281458873531447,0.2279935192304791,28.09587856736813,3.066519565586413,1.0,5,10.2,"MORTAR,HIGH ALUMINA,GREEN",Bayesian ridge (lags),single
0.1931008607734813,0.1962015610839781,26.71035891072927,2.6256652039569626,1.0,5,10.2,"MORTAR,HIGH ALUMINA,GREEN",Gaussian process,single
0.1416418265186429,0.1505930160289374,21.76399432529168,1.9702206620308704,1.0,5,10.2,"MORTAR,HIGH ALUMINA,GREEN",Ensemble: top-5 mean,ensemble
0.1367830166091463,0.1457028162879391,21.542366075969863,1.9171598822056184,1.0,5,10.2,"MORTAR,HIGH ALUMINA,GREEN",Ensemble: inverse-error,ensemble
0.1264294487210547,0.1319017306810877,19.325186840708533,1.761096332879118,1.0,5,10.2,"MORTAR,HIGH ALUMINA,GREEN",Ensemble: annealed weights,ensemble
0.1265524392881231,0.1320062073707762,19.33989361629812,1.7624407976842695,1.0,5,10.2,"MORTAR,HIGH ALUMINA,GREEN",Ensemble: greedy selection,ensemble
0.0589904973266619,0.0621620576093841,245.45366161456909,0.789828503843877,1.0,4,11.5,"IDLER,RETURN,127MM OD ERW TUBEX1365MM LG",Naive (last price),single
0.1793971053478879,0.2163264244396491,693.7334793363709,2.2632482692445097,1.0,4,11.5,"IDLER,RETURN,127MM OD ERW TUBEX1365MM LG",Seasonal naive (12m),single
0.0677615984764299,0.064718498438591,256.1249198943509,0.903820107599098,1.0,4,11.5,"IDLER,RETURN,127MM OD ERW TUBEX1365MM LG",Drift,single
0.0769425969327215,0.0812755838979536,280.3446473238959,1.0180549140383626,1.0,4,11.5,"IDLER,RETURN,127MM OD ERW TUBEX1365MM LG",Moving average (auto-k),single
0.0610160551901375,0.0642866667602476,248.67898608797688,0.815560651061551,1.0,4,11.5,"IDLER,RETURN,127MM OD ERW TUBEX1365MM LG",Simple exp. smoothing,single
0.2745076999195145,0.2197673201285581,1130.0841848670836,3.421345879533631,1.0,4,11.5,"IDLER,RETURN,127MM OD ERW TUBEX1365MM LG",Holt trend (damped-auto),single
0.1429818108148016,0.122802677464566,619.615854340905,1.775587640631921,1.0,4,11.5,"IDLER,RETURN,127MM OD ERW TUBEX1365MM LG",Holt-Winters seasonal,single
0.0345007089367233,0.0338648384577393,148.951835571687,0.4860762938065793,1.0,4,11.5,"IDLER,RETURN,127MM OD ERW TUBEX1365MM LG",Theta method,single
0.1280159734219476,0.1279257479997125,475.7421988922696,1.6975843907258126,1.0,4,11.5,"IDLER,RETURN,127MM OD ERW TUBEX1365MM LG",Linear trend,single
0.3924395130712808,0.2477074372529669,1943.3425857004845,4.7343875452050455,1.0,4,11.5,"IDLER,RETURN,127MM OD ERW TUBEX1365MM LG",Autoregressive (ridge),single
0.1003292318331758,0.1075379202504767,347.8546727430554,1.3096039681386418,1.0,4,11.5,"IDLER,RETURN,127MM OD ERW TUBEX1365MM LG",Random forest,single
0.089198646464345,0.094950489540985,315.0094285830995,1.167905573144209,1.0,4,11.5,"IDLER,RETURN,127MM OD ERW TUBEX1365MM LG",Extra trees,single
0.0785517053103798,0.0832960437466323,289.31105185290073,1.029722200745557,1.0,4,11.5,"IDLER,RETURN,127MM OD ERW TUBEX1365MM LG",Gradient boosting,single
0.223685949371798,0.258731727330578,724.0815752127432,2.930173672700307,1.0,4,11.5,"IDLER,RETURN,127MM OD ERW TUBEX1365MM LG",Hist gradient boosting,single
0.2500122876223575,0.2924354294079392,811.0781992963409,3.301167057486708,1.0,4,11.5,"IDLER,RETURN,127MM OD ERW TUBEX1365MM LG",Support vector (RBF),single
0.111501190594976,0.1190726238238802,370.5781978218427,1.48715351165932,1.0,4,11.5,"IDLER,RETURN,127MM OD ERW TUBEX1365MM LG",K-nearest neighbours,single
inf,inf,inf,inf,0.0,0,,"IDLER,RETURN,127MM OD ERW TUBEX1365MM LG",Neural net (MLP),single
0.9268578988545292,0.4778446587010958,4556.989744280493,12.727535926511075,1.0,4,11.5,"IDLER,RETURN,127MM OD ERW TUBEX1365MM LG",Bayesian ridge (lags),single
0.1291836701883841,0.1450943068699194,483.79550116138944,1.6441064583943084,1.0,4,11.5,"IDLER,RETURN,127MM OD ERW TUBEX1365MM LG",Gaussian process,single
0.2021645983464121,0.1743247214628589,831.4743738292113,2.732516822602789,1.0,4,11.5,"IDLER,RETURN,127MM OD ERW TUBEX1365MM LG",Ensemble: top-5 mean,ensemble
0.1117004426575262,0.1030495506288548,461.6843729171621,1.5339914110364463,1.0,4,11.5,"IDLER,RETURN,127MM OD ERW TUBEX1365MM LG",Ensemble: inverse-error,ensemble
0.9230108493559606,0.4767561272026827,4537.75234470303,12.674476587116752,1.0,4,11.5,"IDLER,RETURN,127MM OD ERW TUBEX1365MM LG",Ensemble: annealed weights,ensemble
0.9268578988545292,0.4778446587010958,4556.989744280493,12.727535926511075,1.0,4,11.5,"IDLER,RETURN,127MM OD ERW TUBEX1365MM LG",Ensemble: greedy selection,ensemble
0.0228488996242618,0.0239355028894257,6.285036102706469,0.9111659027635975,1.0,4,5.0,"BRICK,HM-11,230X113X65MM",Naive (last price),single
0.0501089679275514,0.0519637285221565,8.230364776317401,1.9982712505950484,1.0,4,5.0,"BRICK,HM-11,230X113X65MM",Seasonal naive (12m),single
0.0264938595541311,0.0268118507229734,4.5476449811590935,1.0565427164381689,1.0,4,5.0,"BRICK,HM-11,230X113X65MM",Drift,single
0.0257162224572842,0.0268392653062121,6.389722725104124,1.0255085676936786,1.0,4,5.0,"BRICK,HM-11,230X113X65MM",Moving average (auto-k),single
0.023151114689167,0.0242386360569062,6.287664220197997,0.9232175892724586,1.0,4,5.0,"BRICK,HM-11,230X113X65MM",Simple exp. smoothing,single
0.0369067097364619,0.0372870428215017,7.1821173348982,1.4717610152531304,1.0,4,5.0,"BRICK,HM-11,230X113X65MM",Holt trend (damped-auto),single
0.0321492875563638,0.0322856580588401,4.996673492325368,1.2821035225364517,1.0,4,5.0,"BRICK,HM-11,230X113X65MM",Holt-Winters seasonal,single
0.0240431102684475,0.0246740354414731,5.023327208344344,0.9588048091587472,1.0,4,5.0,"BRICK,HM-11,230X113X65MM",Theta method,single
0.0237450313010264,0.0242955771540841,4.570382139856348,0.9469235292204954,1.0,4,5.0,"BRICK,HM-11,230X113X65MM",Linear trend,single
0.0296528043818423,0.0298954712494325,4.785641458626275,1.1825240407934,1.0,4,5.0,"BRICK,HM-11,230X113X65MM",Autoregressive (ridge),single
0.0343919647409029,0.0356971484177838,6.893772968797293,1.3714878076921877,1.0,4,5.0,"BRICK,HM-11,230X113X65MM",Random forest,single
0.032718028001384,0.0339515880946339,6.705931207361071,1.3047263231284747,1.0,4,5.0,"BRICK,HM-11,230X113X65MM",Extra trees,single
0.0266874306531174,0.0278110012727079,6.393343105937939,1.0642387832788296,1.0,4,5.0,"BRICK,HM-11,230X113X65MM",Gradient boosting,single
0.0687110860928639,0.0717609739486101,10.507911071902583,2.740188377355798,1.0,4,5.0,"BRICK,HM-11,230X113X65MM",Hist gradient boosting,single
0.1878074730584433,0.2092552111890466,27.014624463398697,7.48964391588524,1.0,4,5.0,"BRICK,HM-11,230X113X65MM",Support vector (RBF),single
0.0791529379098972,0.0837155656283657,12.756444097867409,3.1565702381417897,1.0,4,5.0,"BRICK,HM-11,230X113X65MM",K-nearest neighbours,single
4.1993343126273485e+84,2.0,5.796870508990244e+86,1.6751211790357122e+86,0.25,1,2.0,"BRICK,HM-11,230X113X65MM",Neural net (MLP),single
0.0254610279323827,0.0257488632673442,4.559139989956494,1.0153470299131826,1.0,4,5.0,"BRICK,HM-11,230X113X65MM",Bayesian ridge (lags),single
0.0256406898001641,0.0257910531532116,4.069683429183271,1.0225183824906676,1.0,4,5.0,"BRICK,HM-11,230X113X65MM",Gaussian process,single
0.0275959503121898,0.0279001114580343,4.600520460525693,1.1004986942834891,1.0,4,5.0,"BRICK,HM-11,230X113X65MM",Ensemble: top-5 mean,ensemble
0.0259684052583796,0.026436259819752,4.782775900241976,1.035586922140702,1.0,4,5.0,"BRICK,HM-11,230X113X65MM",Ensemble: inverse-error,ensemble
0.0262709731332691,0.0267819633156417,4.887349800736651,1.0476582854732492,1.0,4,5.0,"BRICK,HM-11,230X113X65MM",Ensemble: annealed weights,ensemble
0.0252684849112894,0.0257456903233944,4.734580155303987,1.0076737627984589,1.0,4,5.0,"BRICK,HM-11,230X113X65MM",Ensemble: greedy selection,ensemble
0.064158906563121,0.0658615321114893,153.85031177522313,1.4299133579135217,1.0,6,4.166666666666667,"BLANKET,CERAMIC FIBRE",Naive (last price),single
0.103782454775191,0.1112717947438369,235.3094206169992,2.374559653292577,1.0,6,4.166666666666667,"BLANKET,CERAMIC FIBRE",Seasonal naive (12m),single
0.0696500727128394,0.0707960871675025,157.72855895819166,1.5475582917762247,1.0,6,4.166666666666667,"BLANKET,CERAMIC FIBRE",Drift,single
0.0555206272391282,0.0574993036553286,132.87478773696927,1.2709393197542092,1.0,6,4.166666666666667,"BLANKET,CERAMIC FIBRE",Moving average (auto-k),single
0.0636267216715183,0.0653299363948433,151.07680396828084,1.4204886618994144,1.0,6,4.166666666666667,"BLANKET,CERAMIC FIBRE",Simple exp. smoothing,single
0.0854001455669288,0.0855258991798791,183.94047211411444,1.8838163094730829,1.0,6,4.166666666666667,"BLANKET,CERAMIC FIBRE",Holt trend (damped-auto),single
0.0770124972575025,0.0775639378737332,160.35376301727203,1.725103807122859,1.0,6,4.166666666666667,"BLANKET,CERAMIC FIBRE",Holt-Winters seasonal,single
0.0622880637118085,0.0636474922283987,144.06145632046008,1.3917827228187087,1.0,6,4.166666666666667,"BLANKET,CERAMIC FIBRE",Theta method,single
0.0926876630074425,0.0988282654732876,203.52268493091472,2.147007485055213,1.0,6,4.166666666666667,"BLANKET,CERAMIC FIBRE",Linear trend,single
0.0737146260819615,0.0748183622203622,154.49173629602075,1.6714824228919312,1.0,6,4.166666666666667,"BLANKET,CERAMIC FIBRE",Autoregressive (ridge),single
0.0611907334002009,0.0638496935503384,145.61167030786936,1.4180514068700951,1.0,6,4.166666666666667,"BLANKET,CERAMIC FIBRE",Random forest,single
0.0695066555054834,0.0731448726429453,167.42638768081162,1.6102508882950803,1.0,6,4.166666666666667,"BLANKET,CERAMIC FIBRE",Extra trees,single
0.0621124490511892,0.0641596196390017,131.84768676123957,1.4181978531680877,1.0,6,4.166666666666667,"BLANKET,CERAMIC FIBRE",Gradient boosting,single
0.0639812916728286,0.0674573657465545,153.90948116439498,1.4897366934670844,1.0,6,4.166666666666667,"BLANKET,CERAMIC FIBRE",Hist gradient boosting,single
0.1013065805114191,0.1088027217132129,224.78850419478175,2.339771887551564,1.0,6,4.166666666666667,"BLANKET,CERAMIC FIBRE",Support vector (RBF),single
0.0865000237633619,0.0927756358500639,205.2879306606144,2.013193432989726,1.0,6,4.166666666666667,"BLANKET,CERAMIC FIBRE",K-nearest neighbours,single
8.863614927227162e+52,2.0,2.381658443930081e+56,2.0624931592174557e+54,0.3333333333333333,2,3.0,"BLANKET,CERAMIC FIBRE",Neural net (MLP),single
0.0691819867908553,0.0692899108948038,144.2848622700686,1.5267808138104333,1.0,6,4.166666666666667,"BLANKET,CERAMIC FIBRE",Bayesian ridge (lags),single
0.0761643205626351,0.0780820430675811,163.12091791732783,1.7020211809335266,1.0,6,4.166666666666667,"BLANKET,CERAMIC FIBRE",Gaussian process,single
0.0655165911855493,0.0688951578118336,153.02696347750086,1.5232470386023522,1.0,6,4.166666666666667,"BLANKET,CERAMIC FIBRE",Ensemble: top-5 mean,ensemble
0.0688961147809686,0.0718755222244146,150.8727690602774,1.581923436683376,1.0,6,4.166666666666667,"BLANKET,CERAMIC FIBRE",Ensemble: inverse-error,ensemble
0.062707521457301,0.0648286460989645,133.14060229225709,1.4334693276096548,1.0,6,4.166666666666667,"BLANKET,CERAMIC FIBRE",Ensemble: annealed weights,ensemble
0.0621124490511892,0.0641596196390017,131.84768676123957,1.4181978531680877,1.0,6,4.166666666666667,"BLANKET,CERAMIC FIBRE",Ensemble: greedy selection,ensemble
0.4879872153500434,0.5057903695108338,835.621945367756,2.872753033765388,1.0,4,9.25,"NOZZLE,INNER F/IPV SYSTEM",Naive (last price),single
0.3753464727354724,0.4304430550997631,778.3409128432239,2.484267636698809,1.0,4,9.25,"NOZZLE,INNER F/IPV SYSTEM",Seasonal naive (12m),single
0.5379029333068684,0.5221462507587519,889.8242036662671,3.096329944611345,1.0,4,9.25,"NOZZLE,INNER F/IPV SYSTEM",Drift,single
0.4252429648703615,0.4340311862779829,729.4035082116611,2.4754636458252777,1.0,4,9.25,"NOZZLE,INNER F/IPV SYSTEM",Moving average (auto-k),single
0.4810689408034778,0.4979901686735244,824.1004502038703,2.829363740074878,1.0,4,9.25,"NOZZLE,INNER F/IPV SYSTEM",Simple exp. smoothing,single
0.7542299976671405,0.7388048705151234,1303.3823968543518,4.493822892325033,1.0,4,9.25,"NOZZLE,INNER F/IPV SYSTEM",Holt trend (damped-auto),single
0.7118120983878855,0.5610399976122497,1457.6606557554626,4.265546585608676,1.0,4,9.25,"NOZZLE,INNER F/IPV SYSTEM",Holt-Winters seasonal,single
0.4772559175254886,0.4655902058772171,783.8916067367427,2.7199754932454434,1.0,4,9.25,"NOZZLE,INNER F/IPV SYSTEM",Theta method,single
0.1961940775087146,0.2372162957602702,554.8945699539091,1.394430922911713,1.0,4,9.25,"NOZZLE,INNER F/IPV SYSTEM",Linear trend,single
0.6820939727736348,0.6549117913748793,1137.3934012442542,4.022841809673359,1.0,4,9.25,"NOZZLE,INNER F/IPV SYSTEM",Autoregressive (ridge),single
0.3567592373107169,0.3534433943044044,606.0711269095468,2.029346291586068,1.0,4,9.25,"NOZZLE,INNER F/IPV SYSTEM",Random forest,single
0.3674731419772211,0.3594473321414383,613.1896377604904,2.062269912661893,1.0,4,9.25,"NOZZLE,INNER F/IPV SYSTEM",Extra trees,single
0.4185183732099423,0.4141323637284876,689.0121552442018,2.3898757040106204,1.0,4,9.25,"NOZZLE,INNER F/IPV SYSTEM",Gradient boosting,single
0.3525645893894005,0.4067769432305508,685.8935719138495,2.2804054874986845,1.0,4,9.25,"NOZZLE,INNER F/IPV SYSTEM",Hist gradient boosting,single
0.3911372600444519,0.4718824769700827,754.5263468327001,2.622077844436169,1.0,4,9.25,"NOZZLE,INNER F/IPV SYSTEM",Support vector (RBF),single
0.3609995235549837,0.3528459409138707,596.8136207991629,2.035369548514424,1.0,4,9.25,"NOZZLE,INNER F/IPV SYSTEM",K-nearest neighbours,single
1.8397600977584662e+166,2.0,inf,5.5878423092654254e+166,0.25,1,3.0,"NOZZLE,INNER F/IPV SYSTEM",Neural net (MLP),single
0.4217595927694798,0.3421970274358651,630.9853695570669,1.9637118296759395,1.0,4,9.25,"NOZZLE,INNER F/IPV SYSTEM",Bayesian ridge (lags),single
0.2660499694063018,0.2915368073031952,506.59378981355593,1.70385354458437,1.0,4,9.25,"NOZZLE,INNER F/IPV SYSTEM",Gaussian process,single
0.3226342720108046,0.3604318523147832,664.1202526264309,2.091981288714817,1.0,4,9.25,"NOZZLE,INNER F/IPV SYSTEM",Ensemble: top-5 mean,ensemble
0.3181759665018102,0.3490674399869012,637.673438982728,2.005245248146538,1.0,4,9.25,"NOZZLE,INNER F/IPV SYSTEM",Ensemble: inverse-error,ensemble
0.3751969202628384,0.4302169994845976,777.9200635155189,2.482963133504398,1.0,4,9.25,"NOZZLE,INNER F/IPV SYSTEM",Ensemble: annealed weights,ensemble
0.3753464727354724,0.4304430550997631,778.3409128432239,2.484267636698809,1.0,4,9.25,"NOZZLE,INNER F/IPV SYSTEM",Ensemble: greedy selection,ensemble
1.2296752980228614,0.7526700667000259,9.381312914027577,6.22231613462686,1.0,4,6.75,"MORTAR,FIRECLAY,HB",Naive (last price),single
1.0903434753102628,0.5756492875467392,7.578826976969011,4.8139953554097366,1.0,4,6.75,"MORTAR,FIRECLAY,HB",Seasonal naive (12m),single
1.6124445367578382,0.830760790588053,11.625004812935254,7.804525110660675,1.0,4,6.75,"MORTAR,FIRECLAY,HB",Drift,single
1.004418020203462,0.6650891762443214,7.909174625611322,5.253100769844437,1.0,4,6.75,"MORTAR,FIRECLAY,HB",Moving average (auto-k),single
1.2019908715764582,0.7433866804583207,9.195078756790291,6.106384873691833,1.0,4,6.75,"MORTAR,FIRECLAY,HB",Simple exp. smoothing,single
1.896649540516747,0.9377799213098144,14.366633942554891,8.996933778213753,1.0,4,6.75,"MORTAR,FIRECLAY,HB",Holt trend (damped-auto),single
1.5497115980987588,0.8755118007473305,11.297443547325624,7.920789492684591,1.0,4,6.75,"MORTAR,FIRECLAY,HB",Holt-Winters seasonal,single
1.2964544130277107,0.75432886559165,9.582026652471509,6.476234554412008,1.0,4,6.75,"MORTAR,FIRECLAY,HB",Theta method,single
0.9762197059761546,0.6425269712031125,7.145515125894212,5.222022623239444,1.0,4,6.75,"MORTAR,FIRECLAY,HB",Linear trend,single
2.5025884681747264,1.0615482841805055,18.200006491237424,11.549426368021502,1.0,4,6.75,"MORTAR,FIRECLAY,HB",Autoregressive (ridge),single
1.024226273249601,0.7060947303235744,7.629076893802367,5.715023620447843,1.0,4,6.75,"MORTAR,FIRECLAY,HB",Random forest,single
0.9949963779657514,0.6543291211763915,7.295374644922459,5.347537490867299,1.0,4,6.75,"MORTAR,FIRECLAY,HB",Extra trees,single
0.8018162864635524,0.5793039746809311,6.618258131133427,4.659143846412956,1.0,4,6.75,"MORTAR,FIRECLAY,HB",Gradient boosting,single
0.8206209928404109,0.610883036686472,7.021271908084842,4.765196493158715,1.0,4,6.75,"MORTAR,FIRECLAY,HB",Hist gradient boosting,single
0.9056190912814456,0.687142360113536,8.230129084849844,5.631233447917843,1.0,4,6.75,"MORTAR,FIRECLAY,HB",Support vector (RBF),single
1.124289711283922,0.6427132859947099,8.160316181980672,5.37832934603019,1.0,4,6.75,"MORTAR,FIRECLAY,HB",K-nearest neighbours,single
3.3705651522768084e+16,1.9640163696263464,3.3510063139356576e+17,1.4864698960920438e+17,0.75,3,4.333333333333333,"MORTAR,FIRECLAY,HB",Neural net (MLP),single
2.752424345137832,0.7898594361213591,21.203251083005828,11.237151318373282,1.0,4,6.75,"MORTAR,FIRECLAY,HB",Bayesian ridge (lags),single
1.213178864624313,0.6902024415431023,8.791322760397701,5.908927520888287,1.0,4,6.75,"MORTAR,FIRECLAY,HB",Gaussian process,single
1.268996627917666,0.7533447112071914,9.486918173192304,6.372512288647163,1.0,4,6.75,"MORTAR,FIRECLAY,HB",Ensemble: top-5 mean,ensemble
1.287805727214541,0.7476122180564848,9.597956033758994,6.371909336273428,1.0,4,6.75,"MORTAR,FIRECLAY,HB",Ensemble: inverse-error,ensemble
1.190187306858847,0.7190625446120882,8.964392160490172,5.967322935863859,1.0,4,6.75,"MORTAR,FIRECLAY,HB",Ensemble: annealed weights,ensemble
1.2296752980228614,0.7526700667000259,9.381312914027577,6.22231613462686,1.0,4,6.75,"MORTAR,FIRECLAY,HB",Ensemble: greedy selection,ensemble
0.3400382165684615,0.3055503760041503,65.63255064874366,0.5481839770421869,1.0,4,9.25,INFLOW MASS F/SLIDEGATE,Naive (last price),single
0.1719696865630099,0.1985673189004664,45.56168235730145,0.3365241558903536,1.0,4,9.25,INFLOW MASS F/SLIDEGATE,Seasonal naive (12m),single
0.3857635657567965,0.338786584947883,68.42884491581543,0.6363110970418746,1.0,4,9.25,INFLOW MASS F/SLIDEGATE,Drift,single
0.2963085008362688,0.2567579948863542,54.000202359724994,0.4729339918043984,1.0,4,9.25,INFLOW MASS F/SLIDEGATE,Moving average (auto-k),single
0.3354797642723888,0.3002678468036461,64.35708802780093,0.5405516010243633,1.0,4,9.25,INFLOW MASS F/SLIDEGATE,Simple exp. smoothing,single
0.4642800751899577,0.4424427608317786,85.86819902500027,0.7942264017075229,1.0,4,9.25,INFLOW MASS F/SLIDEGATE,Holt trend (damped-auto),single
0.4080100337706929,0.3568556833820518,67.18042929997472,0.7145328509961915,1.0,4,9.25,INFLOW MASS F/SLIDEGATE,Holt-Winters seasonal,single
0.3254262642915637,0.2895890788876253,60.98128456484918,0.5262291882833589,1.0,4,9.25,INFLOW MASS F/SLIDEGATE,Theta method,single
0.250031673969702,0.2776666016456081,49.16159398867008,0.5104911149304586,1.0,4,9.25,INFLOW MASS F/SLIDEGATE,Linear trend,single
0.3194314321321168,0.331397465928972,54.45548420680477,0.6063257571343641,1.0,4,9.25,INFLOW MASS F/SLIDEGATE,Autoregressive (ridge),single
0.3537163247522923,0.3674378385515975,66.00710260575205,0.6485508644352413,1.0,4,9.25,INFLOW MASS F/SLIDEGATE,Random forest,single
0.3289651151668509,0.3225828344545464,58.7684995539578,0.5843708487741569,1.0,4,9.25,INFLOW MASS F/SLIDEGATE,Extra trees,single
0.3471753566773245,0.3451663269921374,63.50049305860196,0.6191713237751073,1.0,4,9.25,INFLOW MASS F/SLIDEGATE,Gradient boosting,single
0.2582284526459081,0.2319512004237164,48.49782234046321,0.4157948720557012,1.0,4,9.25,INFLOW MASS F/SLIDEGATE,Hist gradient boosting,single
0.3672287507308377,0.3571255072089415,67.0284737501426,0.6374431357948294,1.0,4,9.25,INFLOW MASS F/SLIDEGATE,Support vector (RBF),single
0.270284519867317,0.294151813599571,57.31019245647469,0.4976480200655071,1.0,4,9.25,INFLOW MASS F/SLIDEGATE,K-nearest neighbours,single
6.323086109274705e+34,2.0,7.075711339442951e+36,7.927477774157593e+34,0.25,1,3.0,INFLOW MASS F/SLIDEGATE,Neural net (MLP),single
0.3045054318307881,0.3687961630961536,67.34817956797512,0.6256771951949955,1.0,4,9.25,INFLOW MASS F/SLIDEGATE,Bayesian ridge (lags),single
0.3302856324653894,0.337105812991251,61.91211813043627,0.592519658923982,1.0,4,9.25,INFLOW MASS F/SLIDEGATE,Gaussian process,single
0.2511372631192432,0.2502650481908501,47.983446125048864,0.4428957503119153,1.0,4,9.25,INFLOW MASS F/SLIDEGATE,Ensemble: top-5 mean,ensemble
0.2757763836192627,0.2751542807516182,51.659640814370185,0.4902042808708226,1.0,4,9.25,INFLOW MASS F/SLIDEGATE,Ensemble: inverse-error,ensemble
0.1722690014087465,0.1988009012769893,45.56072265620459,0.3369618989012147,1.0,4,9.25,INFLOW MASS F/SLIDEGATE,Ensemble: annealed weights,ensemble
0.1719696865630099,0.1985673189004664,45.56168235730145,0.3365241558903536,1.0,4,9.25,INFLOW MASS F/SLIDEGATE,Ensemble: greedy selection,ensemble
0.2257036686247711,0.2025383629907841,5.556229893101977,2.0544877266214163,1.0,4,5.0,"BRICK,FIRE,230X113X75MM,UT WT:4.00KG",Naive (last price),single
0.1435523246794635,0.1379550063054524,3.4987611152804594,1.367599065951849,1.0,4,5.0,"BRICK,FIRE,230X113X75MM,UT WT:4.00KG",Seasonal naive (12m),single
0.235543544642414,0.2110997243175559,5.727773302909317,2.138052040531771,1.0,4,5.0,"BRICK,FIRE,230X113X75MM,UT WT:4.00KG",Drift,single
0.1841463042756491,0.1713915685452896,4.388970477397637,1.7199763597659443,1.0,4,5.0,"BRICK,FIRE,230X113X75MM,UT WT:4.00KG",Moving average (auto-k),single
0.2180667427696384,0.1963575300802763,5.39419784969597,1.990408021646051,1.0,4,5.0,"BRICK,FIRE,230X113X75MM,UT WT:4.00KG",Simple exp. smoothing,single
0.3207439290849773,0.2845976887876065,7.576671841151078,2.856031804413691,1.0,4,5.0,"BRICK,FIRE,230X113X75MM,UT WT:4.00KG",Holt trend (damped-auto),single
0.1864041899477437,0.1759454804869252,3.939561941385703,1.7501303247640134,1.0,4,5.0,"BRICK,FIRE,230X113X75MM,UT WT:4.00KG",Holt-Winters seasonal,single
0.197723773072843,0.177581705226014,5.052568426159676,1.813653249922233,1.0,4,5.0,"BRICK,FIRE,230X113X75MM,UT WT:4.00KG",Theta method,single
0.1665078945493422,0.1654664442047874,3.948555212293064,1.6361160343891237,1.0,4,5.0,"BRICK,FIRE,230X113X75MM,UT WT:4.00KG",Linear trend,single
0.2320378569614887,0.2079335215855483,5.592931691765016,2.113965402186926,1.0,4,5.0,"BRICK,FIRE,230X113X75MM,UT WT:4.00KG",Autoregressive (ridge),single
0.1628916882941191,0.1534202600280277,4.07830886668834,1.5358127912290298,1.0,4,5.0,"BRICK,FIRE,230X113X75MM,UT WT:4.00KG",Random forest,single
0.1679238290396044,0.1587204720794487,4.023947852571509,1.5835781121357797,1.0,4,5.0,"BRICK,FIRE,230X113X75MM,UT WT:4.00KG",Extra trees,single
0.1939002034315153,0.1744547570427901,5.02160561213788,1.7813528815552242,1.0,4,5.0,"BRICK,FIRE,230X113X75MM,UT WT:4.00KG",Gradient boosting,single
0.1545780196262234,0.1503305678607151,3.635657097420436,1.488857429458114,1.0,4,5.0,"BRICK,FIRE,230X113X75MM,UT WT:4.00KG",Hist gradient boosting,single
0.1578735271959245,0.1646158733130386,3.727235457846492,1.6062361055995955,1.0,4,5.0,"BRICK,FIRE,230X113X75MM,UT WT:4.00KG",Support vector (RBF),single
0.1568855204519376,0.1513278195820689,3.6920684951096727,1.5024881907188716,1.0,4,5.0,"BRICK,FIRE,230X113X75MM,UT WT:4.00KG",K-nearest neighbours,single
2.4019193997029844e+36,1.9043393111127007,5.774605884337907e+37,1.9038896285821784e+37,0.5,2,3.0,"BRICK,FIRE,230X113X75MM,UT WT:4.00KG",Neural net (MLP),single
0.4613685046114372,0.3131474539589259,12.536112752799356,3.932996720043609,1.0,4,5.0,"BRICK,FIRE,230X113X75MM,UT WT:4.00KG",Bayesian ridge (lags),single
0.0919368336021058,0.0966889488220215,2.9022896242122886,0.9843709950887876,1.0,4,5.0,"BRICK,FIRE,230X113X75MM,UT WT:4.00KG",Gaussian process,single
0.1607838805118492,0.1511214408633185,4.051072361283851,1.5180061397328932,1.0,4,5.0,"BRICK,FIRE,230X113X75MM,UT WT:4.00KG",Ensemble: top-5 mean,ensemble
0.1531543745775917,0.1427468973570335,4.093558115513929,1.4445115741138177,1.0,4,5.0,"BRICK,FIRE,230X113X75MM,UT WT:4.00KG",Ensemble: inverse-error,ensemble
0.1550644946819717,0.1464058798036032,3.5868996359980656,1.4692736604240837,1.0,4,5.0,"BRICK,FIRE,230X113X75MM,UT WT:4.00KG",Ensemble: annealed weights,ensemble
0.1440283709496949,0.1398063188371102,3.2856560628373748,1.397162174743501,1.0,4,5.0,"BRICK,FIRE,230X113X75MM,UT WT:4.00KG",Ensemble: greedy selection,ensemble
0.1365859025432723,0.1381911806987781,12874.699218669131,2.698148889120718,1.0,6,4.833333333333333,"MTR,SC,415VAC,200L,1500RPM,30KW",Naive (last price),single
0.1227139483345085,0.1224947364059697,9954.432188799608,2.3804565829351225,1.0,6,4.833333333333333,"MTR,SC,415VAC,200L,1500RPM,30KW",Seasonal naive (12m),single
0.1496145510478657,0.1481323557147578,13579.95849274464,2.9217593662788413,1.0,6,4.833333333333333,"MTR,SC,415VAC,200L,1500RPM,30KW",Drift,single
0.1063324576789661,0.1092640851941386,11046.285407402682,2.1098583846650505,1.0,6,4.833333333333333,"MTR,SC,415VAC,200L,1500RPM,30KW",Moving average (auto-k),single
0.1331848746090837,0.1349875420289759,12637.455475700435,2.6320958651764705,1.0,6,4.833333333333333,"MTR,SC,415VAC,200L,1500RPM,30KW",Simple exp. smoothing,single
0.1910632894901325,0.1885786011748795,18256.42986740365,3.770457198761489,1.0,6,4.833333333333333,"MTR,SC,415VAC,200L,1500RPM,30KW",Holt trend (damped-auto),single
0.113711442346468,0.1200818449521857,12666.571634973325,2.312884684086705,1.0,6,4.833333333333333,"MTR,SC,415VAC,200L,1500RPM,30KW",Holt-Winters seasonal,single
0.1323462901640555,0.1323100461704654,12390.549716305022,2.5894845367195507,1.0,6,4.833333333333333,"MTR,SC,415VAC,200L,1500RPM,30KW",Theta method,single
0.2647257846141745,0.2264785576176004,20061.990507520637,4.86284161211803,1.0,6,4.833333333333333,"MTR,SC,415VAC,200L,1500RPM,30KW",Linear trend,single
0.131833223126876,0.1353278171511739,13191.197855650284,2.6236459072321114,1.0,6,4.833333333333333,"MTR,SC,415VAC,200L,1500RPM,30KW",Autoregressive (ridge),single
0.1251699274133217,0.1261831878161955,12032.10800167287,2.4659621248494217,1.0,6,4.833333333333333,"MTR,SC,415VAC,200L,1500RPM,30KW",Random forest,single
0.1196885598113722,0.120613751680445,11047.504189302575,2.3461310004609226,1.0,6,4.833333333333333,"MTR,SC,415VAC,200L,1500RPM,30KW",Extra trees,single
0.1166889314300885,0.1186797476217539,11706.957702919644,2.3074402777280247,1.0,6,4.833333333333333,"MTR,SC,415VAC,200L,1500RPM,30KW",Gradient boosting,single
0.1446730262987597,0.1440780562660076,12841.60788521125,2.8394426504791657,1.0,6,4.833333333333333,"MTR,SC,415VAC,200L,1500RPM,30KW",Hist gradient boosting,single
0.1192749749552921,0.1178275385763861,9457.15868398478,2.307289749148822,1.0,6,4.833333333333333,"MTR,SC,415VAC,200L,1500RPM,30KW",Support vector (RBF),single
0.1110834558787449,0.1043133410905148,9121.723607374764,2.0794710482097365,1.0,6,4.833333333333333,"MTR,SC,415VAC,200L,1500RPM,30KW",K-nearest neighbours,single
9.486311879747248e+20,2.0,7.1309555031248e+25,1.9182703673414125e+22,0.1666666666666666,1,2.0,"MTR,SC,415VAC,200L,1500RPM,30KW",Neural net (MLP),single
0.2303645421014092,0.2156601419162154,19974.876245419808,4.465431812873097,1.0,6,4.833333333333333,"MTR,SC,415VAC,200L,1500RPM,30KW",Bayesian ridge (lags),single
0.1641310515434027,0.1663190382059408,13985.733846506542,3.2209676644885947,1.0,6,4.833333333333333,"MTR,SC,415VAC,200L,1500RPM,30KW",Gaussian process,single
0.1367710911503086,0.1383248106349884,13121.134782294002,2.7036001230903506,1.0,6,4.833333333333333,"MTR,SC,415VAC,200L,1500RPM,30KW",Ensemble: top-5 mean,ensemble
0.1382824272771707,0.1393043055139197,13107.392816343676,2.726537558639414,1.0,6,4.833333333333333,"MTR,SC,415VAC,200L,1500RPM,30KW",Ensemble: inverse-error,ensemble
0.1677061230483051,0.1672978624329627,15844.536594279303,3.310285784564447,1.0,6,4.833333333333333,"MTR,SC,415VAC,200L,1500RPM,30KW",Ensemble: annealed weights,ensemble
0.162124082049608,0.1622062355532907,15318.993345223793,3.2012765319689795,1.0,6,4.833333333333333,"MTR,SC,415VAC,200L,1500RPM,30KW",Ensemble: greedy selection,ensemble
0.0561657544147058,0.0615081799238932,72.74947242263399,0.95929509876049,1.0,5,6.4,"WIRE,WINDING,CU,17.1/2SWG",Naive (last price),single
0.0802470148032946,0.0873505452795559,83.00916224211035,1.400775834202326,1.0,5,6.4,"WIRE,WINDING,CU,17.1/2SWG",Seasonal naive (12m),single
0.0601719115752294,0.065571899441567,73.76706070037659,1.0291778928914177,1.0,5,6.4,"WIRE,WINDING,CU,17.1/2SWG",Drift,single
0.056406828550605,0.0611538072304191,68.43368310452405,0.9672946704393386,1.0,5,6.4,"WIRE,WINDING,CU,17.1/2SWG",Moving average (auto-k),single
0.0564727362697086,0.0618170032661138,72.67723360946933,0.9651507712433162,1.0,5,6.4,"WIRE,WINDING,CU,17.1/2SWG",Simple exp. smoothing,single
0.0844839909604157,0.0883545785658115,85.59126271839072,1.4552867227652084,1.0,5,6.4,"WIRE,WINDING,CU,17.1/2SWG",Holt trend (damped-auto),single
0.0963444052976936,0.0964029620274845,87.26077528221333,1.6588975475617624,1.0,5,6.4,"WIRE,WINDING,CU,17.1/2SWG",Holt-Winters seasonal,single
0.0588991002246625,0.0629152550790579,66.17854911131643,0.9874538173969144,1.0,5,6.4,"WIRE,WINDING,CU,17.1/2SWG",Theta method,single
0.0747203834906808,0.0759102809894082,54.58397277997339,1.2102765634734756,1.0,5,6.4,"WIRE,WINDING,CU,17.1/2SWG",Linear trend,single
0.0547234152560843,0.0618027922107662,81.23329244115162,0.9533208667366811,1.0,5,6.4,"WIRE,WINDING,CU,17.1/2SWG",Autoregressive (ridge),single
0.0619300787803248,0.0672779355687192,72.34303025744967,1.0644439807586048,1.0,5,6.4,"WIRE,WINDING,CU,17.1/2SWG",Random forest,single
0.0621135786387338,0.0676625478229573,73.35540812887352,1.0729223786019706,1.0,5,6.4,"WIRE,WINDING,CU,17.1/2SWG",Extra trees,single
0.0628606535602508,0.0684810300494247,73.84677001141469,1.0857953839217969,1.0,5,6.4,"WIRE,WINDING,CU,17.1/2SWG",Gradient boosting,single
0.0825405842650327,0.0885424499783807,78.05460122347075,1.4183643394099532,1.0,5,6.4,"WIRE,WINDING,CU,17.1/2SWG",Hist gradient boosting,single
0.1617539713257526,0.1856632629497241,148.14956429857685,2.836195913454161,1.0,5,6.4,"WIRE,WINDING,CU,17.1/2SWG",Support vector (RBF),single
0.0835826593045246,0.091124948578836,86.20766502200698,1.4485063862961818,1.0,5,6.4,"WIRE,WINDING,CU,17.1/2SWG",K-nearest neighbours,single
inf,inf,inf,inf,0.0,0,,"WIRE,WINDING,CU,17.1/2SWG",Neural net (MLP),single
0.0629943413292462,0.0640284134523372,53.781012194336135,1.0040235984218515,1.0,5,6.4,"WIRE,WINDING,CU,17.1/2SWG",Bayesian ridge (lags),single
0.1041110387537816,0.1102991123564947,89.90525243629725,1.750889447594785,1.0,5,6.4,"WIRE,WINDING,CU,17.1/2SWG",Gaussian process,single
0.0678375748488995,0.0723884212920616,68.60331625792786,1.1528689621842532,1.0,5,6.4,"WIRE,WINDING,CU,17.1/2SWG",Ensemble: top-5 mean,ensemble
0.0628390965966958,0.0671593524848337,66.94517650525314,1.063775425633649,1.0,5,6.4,"WIRE,WINDING,CU,17.1/2SWG",Ensemble: inverse-error,ensemble
0.0718149544157627,0.073450291864643,55.27594758595583,1.1703725597705037,1.0,5,6.4,"WIRE,WINDING,CU,17.1/2SWG",Ensemble: annealed weights,ensemble
0.0747203834906808,0.0759102809894082,54.58397277997339,1.2102765634734756,1.0,5,6.4,"WIRE,WINDING,CU,17.1/2SWG",Ensemble: greedy selection,ensemble
0.1320744120710703,0.1239383854029049,8.925654188105716,1.073931266016826,1.0,5,2.2,"CABLE,ARM,1.1KV,CU,3C,1.5MM2,XLPE",Naive (last price),single
0.1024331152061478,0.0970242919096043,6.502335361831463,0.8348882556401362,1.0,5,2.2,"CABLE,ARM,1.1KV,CU,3C,1.5MM2,XLPE",Seasonal naive (12m),single
0.1377167886796967,0.1285356517279879,9.173511287124452,1.119990090236405,1.0,5,2.2,"CABLE,ARM,1.1KV,CU,3C,1.5MM2,XLPE",Drift,single
0.0771293374204974,0.0739857607223321,5.354626343705595,0.6305280702537372,1.0,5,2.2,"CABLE,ARM,1.1KV,CU,3C,1.5MM2,XLPE",Moving average (auto-k),single
0.1050912990676446,0.0969621683064736,7.863082633503634,0.8451545268926227,1.0,5,2.2,"CABLE,ARM,1.1KV,CU,3C,1.5MM2,XLPE",Simple exp. smoothing,single
0.098044302545792,0.0905083977965614,7.552274455204666,0.7876077739477992,1.0,5,2.2,"CABLE,ARM,1.1KV,CU,3C,1.5MM2,XLPE",Holt trend (damped-auto),single
0.0791708793851309,0.0746933374136377,6.0891718173237175,0.6395987606975748,1.0,5,2.2,"CABLE,ARM,1.1KV,CU,3C,1.5MM2,XLPE",Holt-Winters seasonal,single
0.0902306353551893,0.0832044667653692,6.794673746568841,0.7193449625898556,1.0,5,2.2,"CABLE,ARM,1.1KV,CU,3C,1.5MM2,XLPE",Theta method,single
0.0787432316861869,0.0744465553910782,5.217696236947456,0.6358804667319391,1.0,5,2.2,"CABLE,ARM,1.1KV,CU,3C,1.5MM2,XLPE",Linear trend,single
0.0931618549028676,0.0885314653328193,7.22253722318279,0.7629862591087705,1.0,5,2.2,"CABLE,ARM,1.1KV,CU,3C,1.5MM2,XLPE",Autoregressive (ridge),single
0.1069388773187487,0.1037870356853379,6.919833725500883,0.8762312205622332,1.0,5,2.2,"CABLE,ARM,1.1KV,CU,3C,1.5MM2,XLPE",Random forest,single
0.089633465080116,0.0846101308227743,6.602679672720667,0.7236320559428839,1.0,5,2.2,"CABLE,ARM,1.1KV,CU,3C,1.5MM2,XLPE",Extra trees,single
0.1197405556730509,0.1161327238820234,8.024824092885199,0.9838845240034568,1.0,5,2.2,"CABLE,ARM,1.1KV,CU,3C,1.5MM2,XLPE",Gradient boosting,single
0.0847007201536873,0.079810126137957,5.962595271781146,0.6856987977753841,1.0,5,2.2,"CABLE,ARM,1.1KV,CU,3C,1.5MM2,XLPE",Hist gradient boosting,single
0.0742996361778546,0.0736500563969955,4.359875704254612,0.6242260487031052,1.0,5,2.2,"CABLE,ARM,1.1KV,CU,3C,1.5MM2,XLPE",Support vector (RBF),single
0.0607163957114253,0.0549808132477854,5.493659891172387,0.4641250828156125,1.0,5,2.2,"CABLE,ARM,1.1KV,CU,3C,1.5MM2,XLPE",K-nearest neighbours,single
6.620640476481556e+88,1.6009599952908395,8.475990349686149e+90,5.833572042937116e+89,1.0,5,2.2,"CABLE,ARM,1.1KV,CU,3C,1.5MM2,XLPE",Neural net (MLP),single
0.1315278873232003,0.1307599047081168,8.616936541388835,1.0945337280173189,1.0,5,2.2,"CABLE,ARM,1.1KV,CU,3C,1.5MM2,XLPE",Bayesian ridge (lags),single
0.0752236919215902,0.0748896274145001,4.5237162092238,0.6320115895207076,1.0,5,2.2,"CABLE,ARM,1.1KV,CU,3C,1.5MM2,XLPE",Gaussian process,single
0.0668746817479536,0.0628063561958222,5.12878142765996,0.5360341646823577,1.0,5,2.2,"CABLE,ARM,1.1KV,CU,3C,1.5MM2,XLPE",Ensemble: top-5 mean,ensemble
0.0638956481465703,0.060102506933381,5.231165388249414,0.5124222731132357,1.0,5,2.2,"CABLE,ARM,1.1KV,CU,3C,1.5MM2,XLPE",Ensemble: inverse-error,ensemble
0.0613406869567909,0.0557384093266039,5.554670500545101,0.4732279844523964,1.0,5,2.2,"CABLE,ARM,1.1KV,CU,3C,1.5MM2,XLPE",Ensemble: annealed weights,ensemble
0.0787432316861869,0.0744465553910782,5.217696236947456,0.6358804667319391,1.0,5,2.2,"CABLE,ARM,1.1KV,CU,3C,1.5MM2,XLPE",Ensemble: greedy selection,ensemble
0.0227550403480965,0.022394460714503,260.39142821090485,0.4331629653977474,1.0,7,3.857142857142857,"MONITOR,CARBON MONOXIDE,0-2000PPM",Naive (last price),single
0.1030882054881974,0.0963247335231202,911.908013608976,1.9302715882116508,1.0,7,3.857142857142857,"MONITOR,CARBON MONOXIDE,0-2000PPM",Seasonal naive (12m),single
0.0222955830991361,0.0222080912654551,284.2455842383012,0.426512074212265,1.0,7,3.857142857142857,"MONITOR,CARBON MONOXIDE,0-2000PPM",Drift,single
0.0410518266483564,0.0393851787717623,471.105180231886,0.7788317772036921,1.0,7,3.857142857142857,"MONITOR,CARBON MONOXIDE,0-2000PPM",Moving average (auto-k),single
0.0250823678486879,0.0246036248055183,285.69715695993585,0.4772459253069525,1.0,7,3.857142857142857,"MONITOR,CARBON MONOXIDE,0-2000PPM",Simple exp. smoothing,single
0.030612640929592,0.0305857382054112,336.57850029406814,0.5827134364071438,1.0,7,3.857142857142857,"MONITOR,CARBON MONOXIDE,0-2000PPM",Holt trend (damped-auto),single
0.0572916444427445,0.0561053522239995,518.8334309732145,1.081464951746559,1.0,7,3.857142857142857,"MONITOR,CARBON MONOXIDE,0-2000PPM",Holt-Winters seasonal,single
0.0295500962517333,0.0288876850706547,338.4430925968485,0.5623864974311651,1.0,7,3.857142857142857,"MONITOR,CARBON MONOXIDE,0-2000PPM",Theta method,single
0.020889085368664,0.0208144136001172,165.8068155059161,0.3924070906808771,1.0,7,3.857142857142857,"MONITOR,CARBON MONOXIDE,0-2000PPM",Linear trend,single
0.0454291455402939,0.0440625970063703,400.5857653687686,0.8565139307932134,1.0,7,3.857142857142857,"MONITOR,CARBON MONOXIDE,0-2000PPM",Autoregressive (ridge),single
0.0266538304078705,0.0263082457862902,244.24099602179624,0.5044038196310008,1.0,7,3.857142857142857,"MONITOR,CARBON MONOXIDE,0-2000PPM",Random forest,single
0.0340372736165907,0.0333312113486105,321.65156330411315,0.642222538261486,1.0,7,3.857142857142857,"MONITOR,CARBON MONOXIDE,0-2000PPM",Extra trees,single
0.0333033085604013,0.0327631419212677,288.329059714672,0.6273982301949274,1.0,7,3.857142857142857,"MONITOR,CARBON MONOXIDE,0-2000PPM",Gradient boosting,single
0.034275807181159,0.0333933223630196,327.88516524389405,0.641758437654229,1.0,7,3.857142857142857,"MONITOR,CARBON MONOXIDE,0-2000PPM",Hist gradient boosting,single
0.0463791619331281,0.0447770035768381,433.49673605005006,0.8681212232914358,1.0,7,3.857142857142857,"MONITOR,CARBON MONOXIDE,0-2000PPM",Support vector (RBF),single
0.0375620288050486,0.0365978357253305,359.02152170212344,0.704963763352428,1.0,7,3.857142857142857,"MONITOR,CARBON MONOXIDE,0-2000PPM",K-nearest neighbours,single
8.799141051555178,1.5065842945878014,91421.76613979916,164.49703588360438,0.5714285714285714,4,1.0,"MONITOR,CARBON MONOXIDE,0-2000PPM",Neural net (MLP),single
0.0185765992501134,0.0186695696031099,185.4110619702921,0.3504001064994363,1.0,7,3.857142857142857,"MONITOR,CARBON MONOXIDE,0-2000PPM",Bayesian ridge (lags),single
0.0429067322678783,0.0415035883130454,428.2052376297421,0.8031779553343561,1.0,7,3.857142857142857,"MONITOR,CARBON MONOXIDE,0-2000PPM",Gaussian process,single
0.033405055432863,0.0326984122470684,303.6040421155189,0.629837114502165,1.0,7,3.857142857142857,"MONITOR,CARBON MONOXIDE,0-2000PPM",Ensemble: top-5 mean,ensemble
0.0279515058840485,0.0274445480243635,267.88865802512123,0.5284480106715636,1.0,7,3.857142857142857,"MONITOR,CARBON MONOXIDE,0-2000PPM",Ensemble: inverse-error,ensemble
0.0294768002372519,0.0290904966668374,251.81396095355456,0.5528718867483751,1.0,7,3.857142857142857,"MONITOR,CARBON MONOXIDE,0-2000PPM",Ensemble: annealed weights,ensemble
0.0301558389499919,0.0296002645169418,253.4642280128636,0.5670064372875138,1.0,7,3.857142857142857,"MONITOR,CARBON MONOXIDE,0-2000PPM",Ensemble: greedy selection,ensemble
0.1835419721118935,0.1990746449701377,49.66270411971861,1.6355160451751047,1.0,4,6.75,"CABLE,ARM,1.1KV,AL,3.5C,50MM2,XLPE",Naive (last price),single
0.1539896735135222,0.1695521673487915,36.64869342562567,1.3874005391274242,1.0,4,6.75,"CABLE,ARM,1.1KV,AL,3.5C,50MM2,XLPE",Seasonal naive (12m),single
0.1855630643999331,0.1977395671121949,48.632294500965614,1.6336472649185638,1.0,4,6.75,"CABLE,ARM,1.1KV,AL,3.5C,50MM2,XLPE",Drift,single
0.1899407187324631,0.2053949593457548,46.95793192539248,1.6904922852384805,1.0,4,6.75,"CABLE,ARM,1.1KV,AL,3.5C,50MM2,XLPE",Moving average (auto-k),single
0.1849484744633568,0.2002749734770446,49.3762525883092,1.646498253153482,1.0,4,6.75,"CABLE,ARM,1.1KV,AL,3.5C,50MM2,XLPE",Simple exp. smoothing,single
0.2242580348809416,0.2405798548775883,58.718367861615526,1.9655667910542056,1.0,4,6.75,"CABLE,ARM,1.1KV,AL,3.5C,50MM2,XLPE",Holt trend (damped-auto),single
0.2286036510000696,0.2433501238493271,54.087474899572776,1.986563295356952,1.0,4,6.75,"CABLE,ARM,1.1KV,AL,3.5C,50MM2,XLPE",Holt-Winters seasonal,single
0.1818900519467705,0.1927383015821729,45.739854633939984,1.5980611344202509,1.0,4,6.75,"CABLE,ARM,1.1KV,AL,3.5C,50MM2,XLPE",Theta method,single
0.1129618238081103,0.1103946864588406,26.72183038855285,0.9377052769677362,1.0,4,6.75,"CABLE,ARM,1.1KV,AL,3.5C,50MM2,XLPE",Linear trend,single
0.1847201395666672,0.2028711191286499,50.520966938537406,1.6599616054298627,1.0,4,6.75,"CABLE,ARM,1.1KV,AL,3.5C,50MM2,XLPE",Autoregressive (ridge),single
0.1625997371139761,0.1692551383773671,40.14961617674923,1.412420901448682,1.0,4,6.75,"CABLE,ARM,1.1KV,AL,3.5C,50MM2,XLPE",Random forest,single
0.165929369343304,0.1765655535714038,43.14652976239026,1.4666000016384992,1.0,4,6.75,"CABLE,ARM,1.1KV,AL,3.5C,50MM2,XLPE",Extra trees,single
0.1632808227591644,0.1766719269543181,42.04630953354565,1.4668921160055652,1.0,4,6.75,"CABLE,ARM,1.1KV,AL,3.5C,50MM2,XLPE",Gradient boosting,single
0.1629110612799806,0.1641485327451027,35.80412859931952,1.354744132879268,1.0,4,6.75,"CABLE,ARM,1.1KV,AL,3.5C,50MM2,XLPE",Hist gradient boosting,single
0.1758485699444289,0.1916061014666081,44.26206983583884,1.5677876774143005,1.0,4,6.75,"CABLE,ARM,1.1KV,AL,3.5C,50MM2,XLPE",Support vector (RBF),single
0.1278829316596526,0.1446350798011991,40.32863146173906,1.223451462818834,1.0,4,6.75,"CABLE,ARM,1.1KV,AL,3.5C,50MM2,XLPE",K-nearest neighbours,single
202565.92541910964,1.885805513992126,56859080.028191335,1704494.3555549404,0.5,2,1.5,"CABLE,ARM,1.1KV,AL,3.5C,50MM2,XLPE",Neural net (MLP),single
0.1901699552082184,0.1806059789985939,41.90349255311429,1.532962615677704,1.0,4,6.75,"CABLE,ARM,1.1KV,AL,3.5C,50MM2,XLPE",Bayesian ridge (lags),single
0.2266015264309243,0.2310798986757281,51.74406260488493,1.9195486376882829,1.0,4,6.75,"CABLE,ARM,1.1KV,AL,3.5C,50MM2,XLPE",Gaussian process,single
0.1845665148714807,0.1978456651536368,47.75111474351471,1.6302061886234986,1.0,4,6.75,"CABLE,ARM,1.1KV,AL,3.5C,50MM2,XLPE",Ensemble: top-5 mean,ensemble
0.1817479043645472,0.1946662018227383,46.94523922574061,1.60640650025923,1.0,4,6.75,"CABLE,ARM,1.1KV,AL,3.5C,50MM2,XLPE",Ensemble: inverse-error,ensemble
0.1643519622700588,0.1778533606782223,42.428747484139095,1.4756851630084884,1.0,4,6.75,"CABLE,ARM,1.1KV,AL,3.5C,50MM2,XLPE",Ensemble: annealed weights,ensemble
0.1632808227591644,0.1766719269543181,42.04630953354565,1.4668921160055652,1.0,4,6.75,"CABLE,ARM,1.1KV,AL,3.5C,50MM2,XLPE",Ensemble: greedy selection,ensemble
0.1718028892125242,0.1551949804226438,1734.0512792720406,0.8456607550631661,1.0,5,4.6,"MCCB,100A,3P",Naive (last price),single
0.2148637779443499,0.1856572862469134,2079.8094070375228,1.0765608383483083,1.0,5,4.6,"MCCB,100A,3P",Seasonal naive (12m),single
0.1729993105656758,0.1549276530785555,1775.8471723628352,0.8433371529695005,1.0,5,4.6,"MCCB,100A,3P",Drift,single
0.1643950510531897,0.143003920496379,1747.9314929474328,0.8024212996971474,1.0,5,4.6,"MCCB,100A,3P",Moving average (auto-k),single
0.1710250741420772,0.1538407204832307,1733.2120259728651,0.8411112212206332,1.0,5,4.6,"MCCB,100A,3P",Simple exp. smoothing,single
0.2146340440104788,0.2182364258345632,2158.337433758644,1.067019883462652,1.0,5,4.6,"MCCB,100A,3P",Holt trend (damped-auto),single
0.1879549549476613,0.1731440411246552,1850.219560622219,0.9270977393634136,1.0,5,4.6,"MCCB,100A,3P",Holt-Winters seasonal,single
0.1673270740927143,0.1469183056172719,1754.173816387353,0.8136630633921441,1.0,5,4.6,"MCCB,100A,3P",Theta method,single
0.1976666424331069,0.1843535795568988,1792.3600050704338,1.049227254789853,1.0,5,4.6,"MCCB,100A,3P",Linear trend,single
0.1826032274800321,0.164803406481901,1823.076042148568,0.9210379004942484,1.0,5,4.6,"MCCB,100A,3P",Autoregressive (ridge),single
0.1611260212567112,0.1432306032627334,1698.6634860796942,0.8082562766098554,1.0,5,4.6,"MCCB,100A,3P",Random forest,single
0.1840992650842826,0.1666404491608974,1927.0959808376656,0.9519458494313462,1.0,5,4.6,"MCCB,100A,3P",Extra trees,single
0.1689219252750105,0.151701778926792,1703.3293882791936,0.8552518690774278,1.0,5,4.6,"MCCB,100A,3P",Gradient boosting,single
0.182965200012664,0.1664798966320244,1765.4691547695063,0.943083557635236,1.0,5,4.6,"MCCB,100A,3P",Hist gradient boosting,single
0.1739024535820434,0.1630775016465285,1903.171097102879,0.9142949624192274,1.0,5,4.6,"MCCB,100A,3P",Support vector (RBF),single
0.1630573010715099,0.1444122327648932,1773.514308103748,0.8193180609708322,1.0,5,4.6,"MCCB,100A,3P",K-nearest neighbours,single
2.7062382891717406e+39,2.0,2.7376306533261337e+43,1.7461078715858014e+40,0.2,1,2.0,"MCCB,100A,3P",Neural net (MLP),single
0.1870875205517264,0.1602060810025344,1984.733935663272,0.9163896436724244,1.0,5,4.6,"MCCB,100A,3P",Bayesian ridge (lags),single
0.2018384520436905,0.1806555186475577,2113.73297118172,1.0150127252814576,1.0,5,4.6,"MCCB,100A,3P",Gaussian process,single
0.164000272792825,0.1470203089298813,1776.653032054353,0.8303747043066423,1.0,5,4.6,"MCCB,100A,3P",Ensemble: top-5 mean,ensemble
0.1524416231398022,0.135140031238721,1730.7194401982483,0.7649630271188612,1.0,5,4.6,"MCCB,100A,3P",Ensemble: inverse-error,ensemble
0.1424374907463674,0.1236994683436764,1657.3608396585698,0.7019494049033993,1.0,5,4.6,"MCCB,100A,3P",Ensemble: annealed weights,ensemble
0.1417156626013254,0.1230859678177696,1655.4427699807145,0.6985793505082685,1.0,5,4.6,"MCCB,100A,3P",Ensemble: greedy selection,ensemble
0.0622396869953968,0.0603238533094036,211.77322778755155,1.4713128555982895,1.0,6,2.5,PROGRAMMABLE SAFETY HOOTER,Naive (last price),single
0.1031098437839238,0.0957061104228094,368.14791874111353,2.406596262524732,1.0,6,2.5,PROGRAMMABLE SAFETY HOOTER,Seasonal naive (12m),single
0.064169736755547,0.0625930977245882,208.7578148567293,1.5180435673317427,1.0,6,2.5,PROGRAMMABLE SAFETY HOOTER,Drift,single
0.06294380255267,0.0601748223883405,242.9438974968322,1.4750636610665246,1.0,6,2.5,PROGRAMMABLE SAFETY HOOTER,Moving average (auto-k),single
0.0699841515561365,0.0667083458520192,259.4292927111683,1.6332266336782373,1.0,6,2.5,PROGRAMMABLE SAFETY HOOTER,Simple exp. smoothing,single
0.0870942207139218,0.0850807737792178,287.59419241551586,2.037335042300686,1.0,6,2.5,PROGRAMMABLE SAFETY HOOTER,Holt trend (damped-auto),single
0.0627732167817915,0.061986360291509,230.4040972638757,1.482762227374235,1.0,6,2.5,PROGRAMMABLE SAFETY HOOTER,Holt-Winters seasonal,single
0.0652180385776732,0.0625001432331839,239.5743901557814,1.532922465937517,1.0,6,2.5,PROGRAMMABLE SAFETY HOOTER,Theta method,single
0.109644816030858,0.102993547401704,345.2500268517622,2.553879017218781,1.0,6,2.5,PROGRAMMABLE SAFETY HOOTER,Linear trend,single
0.0631617465894491,0.0602629880519051,236.14766702808268,1.4771208955124986,1.0,6,2.5,PROGRAMMABLE SAFETY HOOTER,Autoregressive (ridge),single
0.0624929755387908,0.059396567429135,246.60646574818944,1.467254185406108,1.0,6,2.5,PROGRAMMABLE SAFETY HOOTER,Random forest,single
0.0592325287350429,0.0561837216258263,242.96228408540168,1.3877852802154105,1.0,6,2.5,PROGRAMMABLE SAFETY HOOTER,Extra trees,single
0.055189850174863,0.0529859309425906,216.33960588462503,1.305868926905709,1.0,6,2.5,PROGRAMMABLE SAFETY HOOTER,Gradient boosting,single
0.0595607579853446,0.0568948399963198,235.97424832148425,1.4017256000837144,1.0,6,2.5,PROGRAMMABLE SAFETY HOOTER,Hist gradient boosting,single
0.0639359420387961,0.0615847536324451,209.55613150445245,1.4973704691633367,1.0,6,2.5,PROGRAMMABLE SAFETY HOOTER,Support vector (RBF),single
0.0614760961146363,0.058305510289873,245.75136491426483,1.4404187946016986,1.0,6,2.5,PROGRAMMABLE SAFETY HOOTER,K-nearest neighbours,single
1.3162214907418337e+29,1.7966410667336137,6.604471950850887e+32,3.0413373976951e+30,0.5,3,1.3333333333333333,PROGRAMMABLE SAFETY HOOTER,Neural net (MLP),single
0.0384799324945349,0.0381283507055977,123.35272560061834,0.917497679734284,1.0,6,2.5,PROGRAMMABLE SAFETY HOOTER,Bayesian ridge (lags),single
0.0814415863798682,0.0777967128064721,259.3190094115273,1.9126199443832352,1.0,6,2.5,PROGRAMMABLE SAFETY HOOTER,Gaussian process,single
0.0618292769076927,0.0585360692737771,246.48397659050605,1.4421857159767666,1.0,6,2.5,PROGRAMMABLE SAFETY HOOTER,Ensemble: top-5 mean,ensemble
0.0585678787076888,0.0556696473797752,233.3347349010103,1.3707909400534544,1.0,6,2.5,PROGRAMMABLE SAFETY HOOTER,Ensemble: inverse-error,ensemble
0.0862037029722012,0.0814789508314859,289.50326904749835,2.0028409576487367,1.0,6,2.5,PROGRAMMABLE SAFETY HOOTER,Ensemble: annealed weights,ensemble
0.109644816030858,0.102993547401704,345.2500268517622,2.553879017218781,1.0,6,2.5,PROGRAMMABLE SAFETY HOOTER,Ensemble: greedy selection,ensemble
0.0558443903352914,0.0552000560482428,891.7107550674879,1.3572704848349595,1.0,5,5.8,"MCCB,250A,3P",Naive (last price),single
0.0886397851755819,0.0880120688231154,1257.5324869627775,2.148538496038814,1.0,5,5.8,"MCCB,250A,3P",Seasonal naive (12m),single
0.0716567079880926,0.0700241831012455,1065.2644695704348,1.7419980097128591,1.0,5,5.8,"MCCB,250A,3P",Drift,single
0.0484705573927411,0.0479685717409918,851.3742634478365,1.168121865622754,1.0,5,5.8,"MCCB,250A,3P",Moving average (auto-k),single
0.054134125420653,0.0535650325086219,873.7074610588734,1.3138932950437845,1.0,5,5.8,"MCCB,250A,3P",Simple exp. smoothing,single
0.0514256922461684,0.0509062880470919,763.5178354854362,1.2474862838864198,1.0,5,5.8,"MCCB,250A,3P",Holt trend (damped-auto),single
0.0576326384928705,0.0565790676668311,854.0380700960824,1.394209931568224,1.0,5,5.8,"MCCB,250A,3P",Holt-Winters seasonal,single
0.0596848775834246,0.0587728351385635,921.130923489665,1.443158661113824,1.0,5,5.8,"MCCB,250A,3P",Theta method,single
0.0679362342870551,0.0657003332130714,1175.7843454701094,1.615728611817817,1.0,5,5.8,"MCCB,250A,3P",Linear trend,single
0.0551866183499796,0.0546354660158197,830.0757057190867,1.339715793689811,1.0,5,5.8,"MCCB,250A,3P",Autoregressive (ridge),single
0.052022112033609,0.0510397221511414,936.6894344667804,1.2456859240582607,1.0,5,5.8,"MCCB,250A,3P",Random forest,single
0.0622713378410546,0.061633995370033,977.2021924788548,1.4969716014216825,1.0,5,5.8,"MCCB,250A,3P",Extra trees,single
0.0791945751339729,0.0773539223043504,1147.4909550305838,1.907532233930104,1.0,5,5.8,"MCCB,250A,3P",Gradient boosting,single
0.0676376115220097,0.0671768964315999,1107.8841743524283,1.634886614701557,1.0,5,5.8,"MCCB,250A,3P",Hist gradient boosting,single
0.0891755920985918,0.0896587885090557,1332.3148304762524,2.167792148346578,1.0,5,5.8,"MCCB,250A,3P",Support vector (RBF),single
0.0669189213137555,0.0668003590090418,1047.4605743967377,1.6202740815884495,1.0,5,5.8,"MCCB,250A,3P",K-nearest neighbours,single
0.1386560633599321,0.148984892722429,2010.512918719016,3.668756184761041,0.2,1,1.0,"MCCB,250A,3P",Neural net (MLP),single
0.057822635162136,0.0571344128328725,910.5142231628988,1.4080517555593086,1.0,5,5.8,"MCCB,250A,3P",Bayesian ridge (lags),single
0.0771524710855021,0.0769669823362126,1093.8516474720786,1.877193819702996,1.0,5,5.8,"MCCB,250A,3P",Gaussian process,single
0.0588908961173775,0.0580488836732263,894.2438435154994,1.4294175029699283,1.0,5,5.8,"MCCB,250A,3P",Ensemble: top-5 mean,ensemble
0.0597889519378372,0.0588481645774875,949.2709349453164,1.450269984553923,1.0,5,5.8,"MCCB,250A,3P",Ensemble: inverse-error,ensemble
0.0642614330960561,0.0631516408398569,972.966980848022,1.561753295954554,1.0,5,5.8,"MCCB,250A,3P",Ensemble: annealed weights,ensemble
0.0608959055577879,0.0600164726662476,920.3250914212168,1.4796614294125432,1.0,5,5.8,"MCCB,250A,3P",Ensemble: greedy selection,ensemble
0.2393817844046498,0.2330685593829831,352.71676898752617,1.271028388594626,1.0,4,5.25,"SWITCH,TIME,DIGITAL,230V,50HZ",Naive (last price),single
0.2882230212059307,0.2756785553477363,366.1095812241889,1.4947825083756503,1.0,4,5.25,"SWITCH,TIME,DIGITAL,230V,50HZ",Seasonal naive (12m),single
0.2454437784250658,0.23893845356932,362.27673636443376,1.304036825640252,1.0,4,5.25,"SWITCH,TIME,DIGITAL,230V,50HZ",Drift,single
0.2448543526433491,0.2301512344433193,359.6584808655776,1.2598068478219575,1.0,4,5.25,"SWITCH,TIME,DIGITAL,230V,50HZ",Moving average (auto-k),single
0.2398929499198598,0.23272981547485,352.9576852959889,1.269353693421393,1.0,4,5.25,"SWITCH,TIME,DIGITAL,230V,50HZ",Simple exp. smoothing,single
0.2785210943957751,0.2967549720475902,460.4975315437578,1.5627839979156568,1.0,4,5.25,"SWITCH,TIME,DIGITAL,230V,50HZ",Holt trend (damped-auto),single
0.2675231435300254,0.2557940234009267,440.9824470283956,1.4107383277068202,1.0,4,5.25,"SWITCH,TIME,DIGITAL,230V,50HZ",Holt-Winters seasonal,single
0.2426114781871735,0.231919289237841,353.423999687578,1.2679840081170874,1.0,4,5.25,"SWITCH,TIME,DIGITAL,230V,50HZ",Theta method,single
0.2099873809216901,0.1869145387699048,281.0031062961016,1.0109416112064669,1.0,4,5.25,"SWITCH,TIME,DIGITAL,230V,50HZ",Linear trend,single
0.1655292868634633,0.1627964976488581,238.9165269673589,0.8770512530293827,1.0,4,5.25,"SWITCH,TIME,DIGITAL,230V,50HZ",Autoregressive (ridge),single
0.210087976189096,0.2129669190717063,337.22092909885174,1.1332764609206465,1.0,4,5.25,"SWITCH,TIME,DIGITAL,230V,50HZ",Random forest,single
0.1724589720029856,0.1677615909744738,255.1540086509272,0.902337894796204,1.0,4,5.25,"SWITCH,TIME,DIGITAL,230V,50HZ",Extra trees,single
0.1970631974374057,0.1990566918738399,334.4206203282606,1.0696406042617743,1.0,4,5.25,"SWITCH,TIME,DIGITAL,230V,50HZ",Gradient boosting,single
0.153082730323745,0.1350771720815247,227.27893017871764,0.7107636147317862,1.0,4,5.25,"SWITCH,TIME,DIGITAL,230V,50HZ",Hist gradient boosting,single
0.1464869440825915,0.1343657478509969,191.058167116642,0.7059728072812028,1.0,4,5.25,"SWITCH,TIME,DIGITAL,230V,50HZ",Support vector (RBF),single
0.1392395345817664,0.1276202466500235,184.1848342328529,0.6665333853292422,1.0,4,5.25,"SWITCH,TIME,DIGITAL,230V,50HZ",K-nearest neighbours,single
2.0952888515589527,1.0232679195565604,3101.0275003072493,12.704558487967136,0.25,1,2.0,"SWITCH,TIME,DIGITAL,230V,50HZ",Neural net (MLP),single
0.1926071340751407,0.1715868321527145,252.09409139902672,0.935612606809552,1.0,4,5.25,"SWITCH,TIME,DIGITAL,230V,50HZ",Bayesian ridge (lags),single
0.1331011321283605,0.1221671299228171,174.5240899994031,0.6380931914373071,1.0,4,5.25,"SWITCH,TIME,DIGITAL,230V,50HZ",Gaussian process,single
0.1800190265467189,0.165376772003582,243.24874048488803,0.8841447149715784,1.0,4,5.25,"SWITCH,TIME,DIGITAL,230V,50HZ",Ensemble: top-5 mean,ensemble
0.173870577787204,0.160520540463655,246.5070050537232,0.8554867521137631,1.0,4,5.25,"SWITCH,TIME,DIGITAL,230V,50HZ",Ensemble: inverse-error,ensemble
0.1808380082920828,0.1626364378677112,246.6312430768548,0.8706191585780554,1.0,4,5.25,"SWITCH,TIME,DIGITAL,230V,50HZ",Ensemble: annealed weights,ensemble
0.1829708232142099,0.1647934321938333,248.21406572816937,0.8831394202773882,1.0,4,5.25,"SWITCH,TIME,DIGITAL,230V,50HZ",Ensemble: greedy selection,ensemble
0.1256773929812655,0.1207181973824967,7673.4250840182,2.5523339988774434,1.0,5,5.6,"MTR,SC,415V,180L,1500RPM,22KW",Naive (last price),single
0.1418625710786288,0.1302799890874685,8076.08467527913,2.7460974230907964,1.0,5,5.6,"MTR,SC,415V,180L,1500RPM,22KW",Seasonal naive (12m),single
0.155715101256805,0.1449874293644614,9535.514351430897,3.139325944630652,1.0,5,5.6,"MTR,SC,415V,180L,1500RPM,22KW",Drift,single
0.1218623350238014,0.1177367925861822,7054.995843660969,2.4637096737196766,1.0,5,5.6,"MTR,SC,415V,180L,1500RPM,22KW",Moving average (auto-k),single
0.1252071846072919,0.1203864327685622,7585.759425911827,2.541556292205521,1.0,5,5.6,"MTR,SC,415V,180L,1500RPM,22KW",Simple exp. smoothing,single
0.1677929573358296,0.150610675584842,12510.96900417588,3.426712610966594,1.0,5,5.6,"MTR,SC,415V,180L,1500RPM,22KW",Holt trend (damped-auto),single
0.130007001626567,0.125444667191911,8359.428443129847,2.720573198113969,1.0,5,5.6,"MTR,SC,415V,180L,1500RPM,22KW",Holt-Winters seasonal,single
0.1425704884768718,0.1348289361041776,8356.049397424347,2.871264154607592,1.0,5,5.6,"MTR,SC,415V,180L,1500RPM,22KW",Theta method,single
0.2040122617301469,0.1753859972252658,12596.746516304604,3.85397474504518,1.0,5,5.6,"MTR,SC,415V,180L,1500RPM,22KW",Linear trend,single
0.1331712363480815,0.1273145133956655,8430.656239957789,2.7160758094438675,1.0,5,5.6,"MTR,SC,415V,180L,1500RPM,22KW",Autoregressive (ridge),single
0.1211279606645412,0.1164605388007427,7193.531783812231,2.425950547538338,1.0,5,5.6,"MTR,SC,415V,180L,1500RPM,22KW",Random forest,single
0.1350814528498804,0.1264611492441947,8201.856336053175,2.6497448901719216,1.0,5,5.6,"MTR,SC,415V,180L,1500RPM,22KW",Extra trees,single
0.1306365696394242,0.1240642977512059,7876.856784093369,2.591662614789861,1.0,5,5.6,"MTR,SC,415V,180L,1500RPM,22KW",Gradient boosting,single
0.1381615809102565,0.1242271183649362,8881.165916694901,2.619738971680777,1.0,5,5.6,"MTR,SC,415V,180L,1500RPM,22KW",Hist gradient boosting,single
0.1117350936997137,0.1073889100596237,6495.245314323419,2.256816413188114,1.0,5,5.6,"MTR,SC,415V,180L,1500RPM,22KW",Support vector (RBF),single
0.1328496747123692,0.1234552917652722,7557.917973833083,2.5891726189491564,1.0,5,5.6,"MTR,SC,415V,180L,1500RPM,22KW",K-nearest neighbours,single
1.490619355618264e+129,2.0,1.191830551634273e+134,3.1810412851544283e+130,0.4,2,2.5,"MTR,SC,415V,180L,1500RPM,22KW",Neural net (MLP),single
0.1898916921711977,0.1699377789893969,12659.885712427327,3.787285526337836,1.0,5,5.6,"MTR,SC,415V,180L,1500RPM,22KW",Bayesian ridge (lags),single
0.1403345838332623,0.134597656422336,8103.420949042055,2.875050027418351,1.0,5,5.6,"MTR,SC,415V,180L,1500RPM,22KW",Gaussian process,single
0.154653800987302,0.1440130424601522,8791.156926008176,3.066255497298327,1.0,5,5.6,"MTR,SC,415V,180L,1500RPM,22KW",Ensemble: top-5 mean,ensemble
0.14514314109163,0.1366172732346842,8289.269542022848,2.892309554796433,1.0,5,5.6,"MTR,SC,415V,180L,1500RPM,22KW",Ensemble: inverse-error,ensemble
0.152212850494456,0.1431068160400354,8533.597174836583,3.053541526014667,1.0,5,5.6,"MTR,SC,415V,180L,1500RPM,22KW",Ensemble: annealed weights,ensemble
0.1615604764655571,0.1495820179097701,9063.133496126618,3.201358266627292,1.0,5,5.6,"MTR,SC,415V,180L,1500RPM,22KW",Ensemble: greedy selection,ensemble
0.0166718135046499,0.0164600102090928,171.43909831624407,0.2919834856281916,1.0,7,3.142857142857143,"MONITOR,OXYGEN,0-25%",Naive (last price),single
0.0316931760191859,0.0306434188847604,366.253782685785,0.5458676781142605,1.0,7,3.142857142857143,"MONITOR,OXYGEN,0-25%",Seasonal naive (12m),single
0.014925890813477,0.0147589593260256,159.52924532150638,0.2625072397576803,1.0,7,3.142857142857143,"MONITOR,OXYGEN,0-25%",Drift,single
0.0299928226747327,0.0292602628220785,308.8260389852628,0.5279738971311232,1.0,7,3.142857142857143,"MONITOR,OXYGEN,0-25%",Moving average (auto-k),single
0.017423395829223,0.0171850740559594,179.59120546085563,0.304462765082053,1.0,7,3.142857142857143,"MONITOR,OXYGEN,0-25%",Simple exp. smoothing,single
0.0194344459657362,0.0193844137417608,200.4700718164892,0.3385412419332309,1.0,7,3.142857142857143,"MONITOR,OXYGEN,0-25%",Holt trend (damped-auto),single
0.0136867009545779,0.0134808694513998,162.52329053585302,0.2407819683359613,1.0,7,3.142857142857143,"MONITOR,OXYGEN,0-25%",Holt-Winters seasonal,single
0.0187355292120265,0.0184150852211542,201.6890088113795,0.3257371512295159,1.0,7,3.142857142857143,"MONITOR,OXYGEN,0-25%",Theta method,single
0.0330513898111208,0.0328679660129954,299.1805275074461,0.5861349206259681,1.0,7,3.142857142857143,"MONITOR,OXYGEN,0-25%",Linear trend,single
0.0308544166759525,0.0299768133077082,329.1189050079903,0.5344972094343213,1.0,7,3.142857142857143,"MONITOR,OXYGEN,0-25%",Autoregressive (ridge),single
0.0288184560942866,0.0282456144698526,272.594330890806,0.5097295738757909,1.0,7,3.142857142857143,"MONITOR,OXYGEN,0-25%",Random forest,single
0.0250175263185879,0.0244598624713323,262.52448139851714,0.4348684274231439,1.0,7,3.142857142857143,"MONITOR,OXYGEN,0-25%",Extra trees,single
0.0210773726007251,0.0207638218280331,206.25087265324407,0.3739050875526183,1.0,7,3.142857142857143,"MONITOR,OXYGEN,0-25%",Gradient boosting,single
0.0317496966949269,0.0309919223574074,311.84541820989404,0.5597962728021036,1.0,7,3.142857142857143,"MONITOR,OXYGEN,0-25%",Hist gradient boosting,single
0.0546908768024435,0.0518873060089805,599.815772518254,0.952489633052374,1.0,7,3.142857142857143,"MONITOR,OXYGEN,0-25%",Support vector (RBF),single
0.0276988578715904,0.027278428700555,259.49792445332565,0.4869397434743534,1.0,7,3.142857142857143,"MONITOR,OXYGEN,0-25%",K-nearest neighbours,single
2.809217859665786e+114,1.633145354944241,4.566744816040117e+118,5.035241168212958e+115,0.5714285714285714,4,1.5,"MONITOR,OXYGEN,0-25%",Neural net (MLP),single
0.0492300912608863,0.0494473505517104,426.5740351192137,0.8819423808770085,1.0,7,3.142857142857143,"MONITOR,OXYGEN,0-25%",Bayesian ridge (lags),single
0.0340573755147582,0.0327170628995142,411.8870424028749,0.5869237748796206,1.0,7,3.142857142857143,"MONITOR,OXYGEN,0-25%",Gaussian process,single
0.0315171171510715,0.0306062913372737,335.6800560682877,0.5473993590214961,1.0,7,3.142857142857143,"MONITOR,OXYGEN,0-25%",Ensemble: top-5 mean,ensemble
0.025636010870669,0.0249276023846953,294.997787998052,0.4420752443753627,1.0,7,3.142857142857143,"MONITOR,OXYGEN,0-25%",Ensemble: inverse-error,ensemble
0.0283068555063184,0.0273116318585974,350.0611656537425,0.4860860787995818,1.0,7,3.142857142857143,"MONITOR,OXYGEN,0-25%",Ensemble: annealed weights,ensemble
0.0340573755147582,0.0327170628995142,411.8870424028749,0.5869237748796206,1.0,7,3.142857142857143,"MONITOR,OXYGEN,0-25%",Ensemble: greedy selection,ensemble
0.0529505524999136,0.0528965318459795,136.68462046957168,0.6441103826139702,1.0,9,1.8888888888888888,"ALARM,ROTA,90-100DB",Naive (last price),single
0.0844582646873894,0.0800729390948086,208.48018102845583,1.002829139288285,1.0,9,1.8888888888888888,"ALARM,ROTA,90-100DB",Seasonal naive (12m),single
0.0523774216030162,0.0527717696613525,136.11108252946624,0.6409990844485466,1.0,9,1.8888888888888888,"ALARM,ROTA,90-100DB",Drift,single
0.0540851988266327,0.0535914835400924,133.67012863991994,0.6599316086120967,1.0,9,1.8888888888888888,"ALARM,ROTA,90-100DB",Moving average (auto-k),single
0.0534772693117197,0.0533227853458666,136.25058144825405,0.650655113001503,1.0,9,1.8888888888888888,"ALARM,ROTA,90-100DB",Simple exp. smoothing,single
0.060983622471162,0.060824831953458,155.1056155480349,0.7428094736515848,1.0,9,1.8888888888888888,"ALARM,ROTA,90-100DB",Holt trend (damped-auto),single
0.0741264485468991,0.0734255843924508,181.53169489579287,0.9078208354134574,1.0,9,1.8888888888888888,"ALARM,ROTA,90-100DB",Holt-Winters seasonal,single
0.0532337235121715,0.0531330353361893,133.2058690213797,0.650094624928799,1.0,9,1.8888888888888888,"ALARM,ROTA,90-100DB",Theta method,single
0.0786386258842011,0.0833956146571909,215.90771153973856,1.0031253224853098,1.0,9,1.8888888888888888,"ALARM,ROTA,90-100DB",Linear trend,single
0.0542502686015015,0.0535109577267041,136.79533201634896,0.65593286584201,1.0,9,1.8888888888888888,"ALARM,ROTA,90-100DB",Autoregressive (ridge),single
0.0570205920707072,0.0566853799386421,132.32917727957627,0.7007620205509786,1.0,9,1.8888888888888888,"ALARM,ROTA,90-100DB",Random forest,single
0.0541700865249397,0.0531516110091512,132.7591560722082,0.6523784105225845,1.0,9,1.8888888888888888,"ALARM,ROTA,90-100DB",Extra trees,single
0.0538419035232035,0.0536831248343856,133.92587337583277,0.6673688643307762,1.0,9,1.8888888888888888,"ALARM,ROTA,90-100DB",Gradient boosting,single
0.0446079952156095,0.0443446121571291,108.15376398139234,0.541163305483114,1.0,9,1.8888888888888888,"ALARM,ROTA,90-100DB",Hist gradient boosting,single
0.058928472221718,0.0572301698190133,159.90900069975194,0.6984828611338901,1.0,9,1.8888888888888888,"ALARM,ROTA,90-100DB",Support vector (RBF),single
0.0750726376278865,0.0712147045025427,192.83869549724056,0.8863408186160898,1.0,9,1.8888888888888888,"ALARM,ROTA,90-100DB",K-nearest neighbours,single
5.040978464353833e+32,1.6057315951757507,3.0184270160174743e+36,6.08049610276614e+33,0.8888888888888888,8,1.625,"ALARM,ROTA,90-100DB",Neural net (MLP),single
0.0494190339279397,0.0502103284723425,128.0767695885978,0.6105506466534706,1.0,9,1.8888888888888888,"ALARM,ROTA,90-100DB",Bayesian ridge (lags),single
0.0592590639431447,0.0583797009866549,155.68885780135224,0.7106226822985836,1.0,9,1.8888888888888888,"ALARM,ROTA,90-100DB",Gaussian process,single
0.0505412478011762,0.0501061549205352,124.77959439848593,0.6170026518952723,1.0,9,1.8888888888888888,"ALARM,ROTA,90-100DB",Ensemble: top-5 mean,ensemble
0.0503153293100086,0.0499784564393418,124.28088837022398,0.6145510034314886,1.0,9,1.8888888888888888,"ALARM,ROTA,90-100DB",Ensemble: inverse-error,ensemble
0.0509214099847777,0.0501145479942331,130.46471451652033,0.6148219541352076,1.0,9,1.8888888888888888,"ALARM,ROTA,90-100DB",Ensemble: annealed weights,ensemble
0.0540059950240716,0.0535448562277253,125.13121401369922,0.6598736374266806,1.0,9,1.8888888888888888,"ALARM,ROTA,90-100DB",Ensemble: greedy selection,ensemble
0.084197729555567,0.0786835686344242,335.6776090735465,0.604392737001744,1.0,6,4.166666666666667,"SIREN,ELECTRONIC,MM:ES 100",Naive (last price),single
0.1614529594996045,0.1439617817375038,535.8654851183375,1.1310133193429386,1.0,6,4.166666666666667,"SIREN,ELECTRONIC,MM:ES 100",Seasonal naive (12m),single
0.0878425878697673,0.0827804289540565,332.6996067880968,0.63395765416833,1.0,6,4.166666666666667,"SIREN,ELECTRONIC,MM:ES 100",Drift,single
0.1026578015392313,0.095753422456926,369.1550945240432,0.7276190214196876,1.0,6,4.166666666666667,"SIREN,ELECTRONIC,MM:ES 100",Moving average (auto-k),single
0.0850038389728297,0.079625995901691,331.1690115665201,0.6057535552415825,1.0,6,4.166666666666667,"SIREN,ELECTRONIC,MM:ES 100",Simple exp. smoothing,single
0.1260007551860366,0.1176894385016108,417.63741755910047,0.908789218747906,1.0,6,4.166666666666667,"SIREN,ELECTRONIC,MM:ES 100",Holt trend (damped-auto),single
0.0924594865607655,0.0885839182066681,343.6668909427396,0.6679552558458717,1.0,6,4.166666666666667,"SIREN,ELECTRONIC,MM:ES 100",Holt-Winters seasonal,single
0.1115065746792229,0.1028232361510291,402.99803096238537,0.7803151411495026,1.0,6,4.166666666666667,"SIREN,ELECTRONIC,MM:ES 100",Theta method,single
0.1190299997443324,0.1110479649124066,373.9601326996324,0.8528758871721809,1.0,6,4.166666666666667,"SIREN,ELECTRONIC,MM:ES 100",Linear trend,single
0.1115177235241983,0.1041506838903106,372.3329813306576,0.8159263214720799,1.0,6,4.166666666666667,"SIREN,ELECTRONIC,MM:ES 100",Autoregressive (ridge),single
0.0916882696104173,0.0853247642896182,341.44932692762416,0.6450539525823222,1.0,6,4.166666666666667,"SIREN,ELECTRONIC,MM:ES 100",Random forest,single
0.1216893209688435,0.1124472775226622,402.6142344536945,0.8621871317791738,1.0,6,4.166666666666667,"SIREN,ELECTRONIC,MM:ES 100",Extra trees,single
0.0898735809031853,0.0832309515874243,335.6111424169638,0.6463357672634289,1.0,6,4.166666666666667,"SIREN,ELECTRONIC,MM:ES 100",Gradient boosting,single
0.1466010882222001,0.1336519345805443,499.3488808816822,1.0975828009146895,1.0,6,4.166666666666667,"SIREN,ELECTRONIC,MM:ES 100",Hist gradient boosting,single
0.1490365964631817,0.1330516719025234,515.3459335100878,1.0584202517809742,1.0,6,4.166666666666667,"SIREN,ELECTRONIC,MM:ES 100",Support vector (RBF),single
0.1313098986486678,0.1162802619394805,496.67623803550015,0.9129511099098414,1.0,6,4.166666666666667,"SIREN,ELECTRONIC,MM:ES 100",K-nearest neighbours,single
1.2562170495209251e+125,1.7663089620952548,6.375187042456214e+128,9.468926335721652e+125,0.5,3,1.6666666666666667,"SIREN,ELECTRONIC,MM:ES 100",Neural net (MLP),single
0.1087465925110612,0.1041276566350872,363.99204432221126,0.7948997625548604,1.0,6,4.166666666666667,"SIREN,ELECTRONIC,MM:ES 100",Bayesian ridge (lags),single
0.1556024679640912,0.137804137519053,541.2013803201884,1.0923869830381534,1.0,6,4.166666666666667,"SIREN,ELECTRONIC,MM:ES 100",Gaussian process,single
0.1307351773661073,0.1178780562369657,457.430675849502,0.9235850600178552,1.0,6,4.166666666666667,"SIREN,ELECTRONIC,MM:ES 100",Ensemble: top-5 mean,ensemble
0.1166320222338461,0.1059687540840714,413.7024197371924,0.8205684660134114,1.0,6,4.166666666666667,"SIREN,ELECTRONIC,MM:ES 100",Ensemble: inverse-error,ensemble
0.118877174805719,0.1107680974932568,375.3235454985414,0.8505315795084025,1.0,6,4.166666666666667,"SIREN,ELECTRONIC,MM:ES 100",Ensemble: annealed weights,ensemble
0.1190299997443324,0.1110479649124066,373.9601326996324,0.8528758871721809,1.0,6,4.166666666666667,"SIREN,ELECTRONIC,MM:ES 100",Ensemble: greedy selection,ensemble
0.0988816349444877,0.0941476916056516,4308.07734383042,1.1585470206383168,1.0,4,5.5,"MTR,SC,415V,160ML,3000RPM,15KW",Naive (last price),single
0.0908155068870041,0.0836044618706002,4618.72440090145,1.0357824648876597,1.0,4,5.5,"MTR,SC,415V,160ML,3000RPM,15KW",Seasonal naive (12m),single
0.1140618360681737,0.1060539744803079,5268.242263325506,1.3305505500773196,1.0,4,5.5,"MTR,SC,415V,160ML,3000RPM,15KW",Drift,single
0.0711878854438459,0.0679504139809661,3321.636822809372,0.8336005628626584,1.0,4,5.5,"MTR,SC,415V,160ML,3000RPM,15KW",Moving average (auto-k),single
0.0950931134578108,0.0906442989922097,4156.076859880803,1.114674580334941,1.0,4,5.5,"MTR,SC,415V,160ML,3000RPM,15KW",Simple exp. smoothing,single
0.1370117672992055,0.1360930415960146,5353.369371815288,1.5987781669769172,1.0,4,5.5,"MTR,SC,415V,160ML,3000RPM,15KW",Holt trend (damped-auto),single
0.1150153586546825,0.1132488603658075,4528.099691579678,1.3429894303132326,1.0,4,5.5,"MTR,SC,415V,160ML,3000RPM,15KW",Holt-Winters seasonal,single
0.1003086881404569,0.094175003333617,4550.119291618028,1.1693849415029411,1.0,4,5.5,"MTR,SC,415V,160ML,3000RPM,15KW",Theta method,single
0.3288697299069854,0.2783376275792198,12994.39715504502,3.8150186632470495,1.0,4,5.5,"MTR,SC,415V,160ML,3000RPM,15KW",Linear trend,single
0.0906268790315842,0.0863063842590556,3993.491951745489,1.0640823873855043,1.0,4,5.5,"MTR,SC,415V,160ML,3000RPM,15KW",Autoregressive (ridge),single
0.0879079326091322,0.08312786387803,4066.106139731138,1.0258609240590577,1.0,4,5.5,"MTR,SC,415V,160ML,3000RPM,15KW",Random forest,single
0.1067451545521314,0.1018993480553171,4514.849738984456,1.234082364444588,1.0,4,5.5,"MTR,SC,415V,160ML,3000RPM,15KW",Extra trees,single
0.1201803258142908,0.1117568655960625,5452.227861015904,1.3976050543304372,1.0,4,5.5,"MTR,SC,415V,160ML,3000RPM,15KW",Gradient boosting,single
0.1291427861835546,0.1192245846968524,5882.030388802951,1.4985050107454565,1.0,4,5.5,"MTR,SC,415V,160ML,3000RPM,15KW",Hist gradient boosting,single
0.1008834911158314,0.0993351573395587,4352.161793527187,1.1871929195000488,1.0,4,5.5,"MTR,SC,415V,160ML,3000RPM,15KW",Support vector (RBF),single
0.0936036844094004,0.0870979033481101,4493.363168347099,1.07655775498118,1.0,4,5.5,"MTR,SC,415V,160ML,3000RPM,15KW",K-nearest neighbours,single
23.60671049800181,1.843790946896044,1003049.1290600974,306.8101728927048,0.25,1,1.0,"MTR,SC,415V,160ML,3000RPM,15KW",Neural net (MLP),single
0.2459119816193822,0.2000098621645475,12906.439799048592,2.8082799174765523,1.0,4,5.5,"MTR,SC,415V,160ML,3000RPM,15KW",Bayesian ridge (lags),single
0.1170418875566708,0.1132664988745524,4889.463830791758,1.3941859220805122,1.0,4,5.5,"MTR,SC,415V,160ML,3000RPM,15KW",Gaussian process,single
0.094588114501361,0.0882784200423653,4490.1428019937375,1.0934013427213376,1.0,4,5.5,"MTR,SC,415V,160ML,3000RPM,15KW",Ensemble: top-5 mean,ensemble
0.0936686765915855,0.0878654369861414,4369.806304717176,1.0866517424301458,1.0,4,5.5,"MTR,SC,415V,160ML,3000RPM,15KW",Ensemble: inverse-error,ensemble
0.0840344545403882,0.077542490212615,4397.631450679061,0.960972571101693,1.0,4,5.5,"MTR,SC,415V,160ML,3000RPM,15KW",Ensemble: annealed weights,ensemble
0.0943054465734709,0.0871092248439024,4705.075480293653,1.0841313508875734,1.0,4,5.5,"MTR,SC,415V,160ML,3000RPM,15KW",Ensemble: greedy selection,ensemble
0.0459153621776431,0.0446348944561489,1121.793133038939,0.5545070826005057,1.0,6,4.833333333333333,"MTR,SC,415V,132M,1440RPM,7.5KW",Naive (last price),single
0.0710279036198107,0.0680519886980373,1568.0529382155664,0.876882819339346,1.0,6,4.833333333333333,"MTR,SC,415V,132M,1440RPM,7.5KW",Seasonal naive (12m),single
0.0744075543155519,0.0712592482205643,1666.5908451867951,0.9117167972743028,1.0,6,4.833333333333333,"MTR,SC,415V,132M,1440RPM,7.5KW",Drift,single
0.0554190282136665,0.0539273114331995,1214.1897909609368,0.6881219273463148,1.0,6,4.833333333333333,"MTR,SC,415V,132M,1440RPM,7.5KW",Moving average (auto-k),single
0.0553564082310491,0.053680115874073,1282.0292067809758,0.6804594781604675,1.0,6,4.833333333333333,"MTR,SC,415V,132M,1440RPM,7.5KW",Simple exp. smoothing,single
0.0552225530705493,0.0535969823798135,1258.2498967449492,0.6805265905810786,1.0,6,4.833333333333333,"MTR,SC,415V,132M,1440RPM,7.5KW",Holt trend (damped-auto),single
0.0378033131692711,0.0377467753091022,846.4657929463746,0.4779974139449074,1.0,6,4.833333333333333,"MTR,SC,415V,132M,1440RPM,7.5KW",Holt-Winters seasonal,single
0.0812856134485817,0.0773919350240684,1895.607419199064,1.0094990258722485,1.0,6,4.833333333333333,"MTR,SC,415V,132M,1440RPM,7.5KW",Theta method,single
0.2740035037169197,0.2390873107630049,5598.476833088187,3.3766469861867923,1.0,6,4.833333333333333,"MTR,SC,415V,132M,1440RPM,7.5KW",Linear trend,single
0.0490324955862967,0.0477600869307642,1118.6642869227862,0.5999404983822602,1.0,6,4.833333333333333,"MTR,SC,415V,132M,1440RPM,7.5KW",Autoregressive (ridge),single
0.0453458995573202,0.0443908860809055,982.6914608815102,0.5590353414372436,1.0,6,4.833333333333333,"MTR,SC,415V,132M,1440RPM,7.5KW",Random forest,single
0.0586914706938312,0.0570197401265425,1284.0483905493286,0.7285398279201396,1.0,6,4.833333333333333,"MTR,SC,415V,132M,1440RPM,7.5KW",Extra trees,single
0.0542367070630024,0.0522983995231523,1335.1437032236574,0.6573833466324109,1.0,6,4.833333333333333,"MTR,SC,415V,132M,1440RPM,7.5KW",Gradient boosting,single
0.0887397164440284,0.0845931445732429,1928.2723802531868,1.090561460302099,1.0,6,4.833333333333333,"MTR,SC,415V,132M,1440RPM,7.5KW",Hist gradient boosting,single
0.047220640693003,0.046060437649312,1130.520337210737,0.576733491854975,1.0,6,4.833333333333333,"MTR,SC,415V,132M,1440RPM,7.5KW",Support vector (RBF),single
0.0650008188315508,0.0626049611299156,1405.01047752667,0.8002864960277429,1.0,6,4.833333333333333,"MTR,SC,415V,132M,1440RPM,7.5KW",K-nearest neighbours,single
0.5602341383452808,0.8531349743797646,12506.085374057822,7.132034938324802,0.3333333333333333,2,1.0,"MTR,SC,415V,132M,1440RPM,7.5KW",Neural net (MLP),single
0.1517044841224849,0.1374645903671069,3580.4942395257744,1.870451676446884,1.0,6,4.833333333333333,"MTR,SC,415V,132M,1440RPM,7.5KW",Bayesian ridge (lags),single
0.0360173154890729,0.0354519525787386,901.6052332655142,0.4357376839152947,1.0,6,4.833333333333333,"MTR,SC,415V,132M,1440RPM,7.5KW",Gaussian process,single
0.0518584423269556,0.050491933763436,1134.5874053311218,0.6361965391865673,1.0,6,4.833333333333333,"MTR,SC,415V,132M,1440RPM,7.5KW",Ensemble: top-5 mean,ensemble
0.0561053087435479,0.0544867564752404,1236.309073425545,0.6908813334352407,1.0,6,4.833333333333333,"MTR,SC,415V,132M,1440RPM,7.5KW",Ensemble: inverse-error,ensemble
0.0624068647205001,0.0602037311646079,1353.1091358305523,0.7663197737533668,1.0,6,4.833333333333333,"MTR,SC,415V,132M,1440RPM,7.5KW",Ensemble: annealed weights,ensemble
0.0618225910804301,0.059779716732671,1327.863161200425,0.7635042486699374,1.0,6,4.833333333333333,"MTR,SC,415V,132M,1440RPM,7.5KW",Ensemble: greedy selection,ensemble
0.4498715692430733,0.3783208142594271,4207.554181279191,8.279175955264943,1.0,5,3.4,"MCCB,125A,3P",Naive (last price),single
0.8474421669587862,0.7277275905150112,6536.081700036579,15.904415805536187,1.0,5,3.4,"MCCB,125A,3P",Seasonal naive (12m),single
0.4570890154190742,0.3868037598201415,4243.745703696217,8.346447415465235,1.0,5,3.4,"MCCB,125A,3P",Drift,single
0.6548505376050846,0.5400636986682763,4680.985400506143,11.504483567115775,1.0,5,3.4,"MCCB,125A,3P",Moving average (auto-k),single
0.6962849791487943,0.5339884038060023,4832.281022305676,11.29442811215503,1.0,5,3.4,"MCCB,125A,3P",Simple exp. smoothing,single
0.5461396761107125,0.5132256450651551,4358.524535475987,9.198636367238656,1.0,5,3.4,"MCCB,125A,3P",Holt trend (damped-auto),single
0.6413411303674598,0.5564410993338502,4911.471312260116,11.320972521278602,1.0,5,3.4,"MCCB,125A,3P",Holt-Winters seasonal,single
0.7178290468798921,0.5518292508331831,4916.553004501087,11.828706584673151,1.0,5,3.4,"MCCB,125A,3P",Theta method,single
0.6769918579452947,0.5200797674855604,4480.909008720802,11.852409580676332,1.0,5,3.4,"MCCB,125A,3P",Linear trend,single
0.5791986216365478,0.4380516750749278,4013.445551130807,9.46044106133668,1.0,5,3.4,"MCCB,125A,3P",Autoregressive (ridge),single
0.7065593530712422,0.5311985134433845,4722.99156148973,11.635288597875949,1.0,5,3.4,"MCCB,125A,3P",Random forest,single
0.7015531834094438,0.5564353221469105,4782.8537495919145,12.198762114231483,1.0,5,3.4,"MCCB,125A,3P",Extra trees,single
0.5969695975985633,0.4619021558044166,4159.940902283113,9.901822251610875,1.0,5,3.4,"MCCB,125A,3P",Gradient boosting,single
0.771060769515208,0.586006455714813,5090.927771424023,13.13126556402932,1.0,5,3.4,"MCCB,125A,3P",Hist gradient boosting,single
0.7796825055592231,0.6663068246638176,5528.690040826584,14.980595093632536,1.0,5,3.4,"MCCB,125A,3P",Support vector (RBF),single
0.7084278068459752,0.5212226678526616,4563.0727492961,11.828244548094046,1.0,5,3.4,"MCCB,125A,3P",K-nearest neighbours,single
1.3248529646546784e+88,1.883670587488724,3.0106629933102885e+92,4.7327288967069695e+89,0.6,3,2.0,"MCCB,125A,3P",Neural net (MLP),single
67.59896199098957,0.80004369156942,653085.2947765025,804.5733099783522,1.0,5,3.4,"MCCB,125A,3P",Bayesian ridge (lags),single
0.6268895167448599,0.4697514142923648,4310.467397969963,9.931122451769015,1.0,5,3.4,"MCCB,125A,3P",Gaussian process,single
0.6193235771497898,0.5034160755176009,4518.73005594788,10.507915671647655,1.0,5,3.4,"MCCB,125A,3P",Ensemble: top-5 mean,ensemble
0.601706796534497,0.4930769120867825,4460.779507509415,10.27766554652929,1.0,5,3.4,"MCCB,125A,3P",Ensemble: inverse-error,ensemble
0.6410740042859344,0.5560264660017726,4908.6025864926905,11.31456355795224,1.0,5,3.4,"MCCB,125A,3P",Ensemble: annealed weights,ensemble
0.6413411303674598,0.5564410993338502,4911.471312260116,11.320972521278602,1.0,5,3.4,"MCCB,125A,3P",Ensemble: greedy selection,ensemble
0.106278325649395,0.0980319796611073,3150.6178308468147,1.455360396427187,1.0,4,8.0,"MTR,SC,132M,1000RPM,5.5KW",Naive (last price),single
0.1752295749662316,0.1555078061492971,4474.180393348224,2.3462502589661947,1.0,4,8.0,"MTR,SC,132M,1000RPM,5.5KW",Seasonal naive (12m),single
0.1371343297833447,0.123721860023215,3775.316053833381,1.9472411709267363,1.0,4,8.0,"MTR,SC,132M,1000RPM,5.5KW",Drift,single
0.1332438833160444,0.1242158471250698,3357.171433762018,1.854919491859471,1.0,4,8.0,"MTR,SC,132M,1000RPM,5.5KW",Moving average (auto-k),single
0.1092347990803058,0.1009273454933294,3160.7999475555084,1.499296550543116,1.0,4,8.0,"MTR,SC,132M,1000RPM,5.5KW",Simple exp. smoothing,single
0.1654475402337803,0.1640258054022073,3917.840170328684,2.271654729284765,1.0,4,8.0,"MTR,SC,132M,1000RPM,5.5KW",Holt trend (damped-auto),single
0.1563776397841396,0.1509400577826903,4101.802300782865,2.210625982302596,1.0,4,8.0,"MTR,SC,132M,1000RPM,5.5KW",Holt-Winters seasonal,single
0.124781430062866,0.1127569458989171,3493.425301917198,1.7149137114831114,1.0,4,8.0,"MTR,SC,132M,1000RPM,5.5KW",Theta method,single
0.4156787116654714,0.3366440645549722,9254.3398207945,5.766676192975879,1.0,4,8.0,"MTR,SC,132M,1000RPM,5.5KW",Linear trend,single
0.1305863981878585,0.1194605742581298,3626.749494256736,1.851605741974513,1.0,4,8.0,"MTR,SC,132M,1000RPM,5.5KW",Autoregressive (ridge),single
0.1445695918720219,0.1334413510917027,3545.803744305368,1.9863791360662344,1.0,4,8.0,"MTR,SC,132M,1000RPM,5.5KW",Random forest,single
0.1573635938427928,0.1433488180404833,3868.4079127809223,2.1675365131443765,1.0,4,8.0,"MTR,SC,132M,1000RPM,5.5KW",Extra trees,single
0.1420575250062176,0.1311818305743878,3480.4897556541305,1.9505286752402424,1.0,4,8.0,"MTR,SC,132M,1000RPM,5.5KW",Gradient boosting,single
0.1664423241710147,0.1487818541714253,4143.146474750537,2.262270331568096,1.0,4,8.0,"MTR,SC,132M,1000RPM,5.5KW",Hist gradient boosting,single
0.1468621131661312,0.1572370388723902,4709.966258108013,2.317304499063752,1.0,4,8.0,"MTR,SC,132M,1000RPM,5.5KW",Support vector (RBF),single
0.1695878456363295,0.1541323225331333,4087.920209326551,2.326174163991839,1.0,4,8.0,"MTR,SC,132M,1000RPM,5.5KW",K-nearest neighbours,single
inf,inf,inf,inf,0.0,0,,"MTR,SC,132M,1000RPM,5.5KW",Neural net (MLP),single
0.3452902783052388,0.2831091681130057,8479.445621901215,4.802697530577054,1.0,4,8.0,"MTR,SC,132M,1000RPM,5.5KW",Bayesian ridge (lags),single
0.1951718721852167,0.1741317950251476,4567.703129343871,2.69348415297969,1.0,4,8.0,"MTR,SC,132M,1000RPM,5.5KW",Gaussian process,single
0.1515994383009407,0.1333516796778237,4148.22188988047,2.027380394188087,1.0,4,8.0,"MTR,SC,132M,1000RPM,5.5KW",Ensemble: top-5 mean,ensemble
0.136944897044035,0.1226595100260241,3709.444450700747,1.8297813128673932,1.0,4,8.0,"MTR,SC,132M,1000RPM,5.5KW",Ensemble: inverse-error,ensemble
0.1445291386628542,0.1333891996234159,3545.8377539320963,1.9856368341400803,1.0,4,8.0,"MTR,SC,132M,1000RPM,5.5KW",Ensemble: annealed weights,ensemble
0.1445695918720219,0.1334413510917027,3545.803744305368,1.9863791360662344,1.0,4,8.0,"MTR,SC,132M,1000RPM,5.5KW",Ensemble: greedy selection,ensemble
0.0498284452572046,0.0482128925573039,709.6045470340708,0.6157201103277089,1.0,7,3.142857142857143,"MTR,SC,415V,112M,1500RPM,3.7KW",Naive (last price),single
0.0972790325064844,0.0912444381079475,1309.7910877358424,1.196574903286664,1.0,7,3.142857142857143,"MTR,SC,415V,112M,1500RPM,3.7KW",Seasonal naive (12m),single
0.0611244341204349,0.0589055221203596,803.7566588206524,0.7645601754316983,1.0,7,3.142857142857143,"MTR,SC,415V,112M,1500RPM,3.7KW",Drift,single
0.0642412924724411,0.0620658727493431,833.8283982867443,0.800259001128667,1.0,7,3.142857142857143,"MTR,SC,415V,112M,1500RPM,3.7KW",Moving average (auto-k),single
0.0502443624687202,0.0486423570736658,705.6192445260294,0.6201763714692171,1.0,7,3.142857142857143,"MTR,SC,415V,112M,1500RPM,3.7KW",Simple exp. smoothing,single
0.0606455899330658,0.0589413177351057,800.2802318635906,0.7556490576333209,1.0,7,3.142857142857143,"MTR,SC,415V,112M,1500RPM,3.7KW",Holt trend (damped-auto),single
0.0837390750089607,0.0808390398746386,1131.632026842227,1.046286865971198,1.0,7,3.142857142857143,"MTR,SC,415V,112M,1500RPM,3.7KW",Holt-Winters seasonal,single
0.0616810567592998,0.05941021355482,806.6761549159387,0.767284644054484,1.0,7,3.142857142857143,"MTR,SC,415V,112M,1500RPM,3.7KW",Theta method,single
0.2830036374641786,0.2450761177167682,3454.4933734626456,3.544553741555358,1.0,7,3.142857142857143,"MTR,SC,415V,112M,1500RPM,3.7KW",Linear trend,single
0.0581067595151527,0.0563744351841413,771.4583487586816,0.7212725435018564,1.0,7,3.142857142857143,"MTR,SC,415V,112M,1500RPM,3.7KW",Autoregressive (ridge),single
0.0600748618076162,0.0578852425978909,821.8233742992463,0.7426638500936686,1.0,7,3.142857142857143,"MTR,SC,415V,112M,1500RPM,3.7KW",Random forest,single
0.0742194921563529,0.0710733875721142,960.7785830023454,0.925841966417119,1.0,7,3.142857142857143,"MTR,SC,415V,112M,1500RPM,3.7KW",Extra trees,single
0.0690265548965832,0.0662494069673307,985.9770172099416,0.8843581872909528,1.0,7,3.142857142857143,"MTR,SC,415V,112M,1500RPM,3.7KW",Gradient boosting,single
0.0612361935976967,0.0594215265031184,822.002388459714,0.7698035123014112,1.0,7,3.142857142857143,"MTR,SC,415V,112M,1500RPM,3.7KW",Hist gradient boosting,single
0.1520422749952727,0.1341924443476163,2484.707119430875,1.933424044505455,1.0,7,3.142857142857143,"MTR,SC,415V,112M,1500RPM,3.7KW",Support vector (RBF),single
0.0900535871909014,0.0842907771698585,1272.3303479900906,1.1060160330981643,1.0,7,3.142857142857143,"MTR,SC,415V,112M,1500RPM,3.7KW",K-nearest neighbours,single
0.3448423961914522,0.5810927812602448,5532.062170492892,3.980658067274199,0.4285714285714285,3,1.3333333333333333,"MTR,SC,415V,112M,1500RPM,3.7KW",Neural net (MLP),single
0.1111857633016055,0.1040837212957742,1505.9362322158393,1.4235263390748938,1.0,7,3.142857142857143,"MTR,SC,415V,112M,1500RPM,3.7KW",Bayesian ridge (lags),single
0.1633023120157412,0.1438948896054335,2688.3711941449747,2.1042006667046733,1.0,7,3.142857142857143,"MTR,SC,415V,112M,1500RPM,3.7KW",Gaussian process,single
0.0821195644765255,0.077672318836227,1142.285942875102,1.0272124329617534,1.0,7,3.142857142857143,"MTR,SC,415V,112M,1500RPM,3.7KW",Ensemble: top-5 mean,ensemble
0.0754301684970379,0.071917602027085,1013.4335148162938,0.9425979948372174,1.0,7,3.142857142857143,"MTR,SC,415V,112M,1500RPM,3.7KW",Ensemble: inverse-error,ensemble
0.0976679708467079,0.0907721943124808,1461.2287991914675,1.2334116399019062,1.0,7,3.142857142857143,"MTR,SC,415V,112M,1500RPM,3.7KW",Ensemble: annealed weights,ensemble
0.1048043325258168,0.0977614854458398,1529.499778040638,1.328699155531358,1.0,7,3.142857142857143,"MTR,SC,415V,112M,1500RPM,3.7KW",Ensemble: greedy selection,ensemble
0.008335627752554,0.0084209847670445,42.56331586769423,0.1257507218546674,1.0,4,7.0,"SMPS, 24 V DC, 10A",Naive (last price),single
0.0327355903462193,0.0321162518028897,130.42765106197098,0.4879395610332516,1.0,4,7.0,"SMPS, 24 V DC, 10A",Seasonal naive (12m),single
0.0224765537034057,0.0227825149442031,75.45676263916395,0.3373738018566163,1.0,4,7.0,"SMPS, 24 V DC, 10A",Drift,single
0.0187967020857185,0.0186718659952598,76.49484878760425,0.2807028455546468,1.0,4,7.0,"SMPS, 24 V DC, 10A",Moving average (auto-k),single
0.0094829505619377,0.0095601064063018,44.3117455521314,0.1427460983138885,1.0,4,7.0,"SMPS, 24 V DC, 10A",Simple exp. smoothing,single
0.0739085612955792,0.0826677287542004,376.06344319426086,1.09566351557095,1.0,4,7.0,"SMPS, 24 V DC, 10A",Holt trend (damped-auto),single
0.0439780650084605,0.045187949567086,147.0694116247429,0.6563899056948787,1.0,4,7.0,"SMPS, 24 V DC, 10A",Holt-Winters seasonal,single
0.0171384491232359,0.0173388855535326,63.47038261168626,0.2582850313824548,1.0,4,7.0,"SMPS, 24 V DC, 10A",Theta method,single
0.0489798377256304,0.0477566603936537,178.12013035756743,0.7282604416379378,1.0,4,7.0,"SMPS, 24 V DC, 10A",Linear trend,single
0.0160712181012733,0.0160787335917522,64.05859654428767,0.2403930921250834,1.0,4,7.0,"SMPS, 24 V DC, 10A",Autoregressive (ridge),single
0.032621771950504,0.0319024292980075,131.2952854396389,0.4849712412884541,1.0,4,7.0,"SMPS, 24 V DC, 10A",Random forest,single
0.0372054963828358,0.0359338466107079,169.2217579389328,0.5532255465549836,1.0,4,7.0,"SMPS, 24 V DC, 10A",Extra trees,single
0.0332619921698024,0.032439089934058,140.45847349513275,0.4949048257983148,1.0,4,7.0,"SMPS, 24 V DC, 10A",Gradient boosting,single
0.03813793637748,0.0371739576342184,147.5284470053753,0.5659000171656625,1.0,4,7.0,"SMPS, 24 V DC, 10A",Hist gradient boosting,single
0.1225577227035483,0.1131014331867119,437.0809776886421,1.82193030540878,1.0,4,7.0,"SMPS, 24 V DC, 10A",Support vector (RBF),single
0.0304574593532068,0.0299552406771772,122.12169487414754,0.4543616000066377,1.0,4,7.0,"SMPS, 24 V DC, 10A",K-nearest neighbours,single
inf,inf,inf,inf,0.0,0,,"SMPS, 24 V DC, 10A",Neural net (MLP),single
0.0463253970856661,0.0453162252449324,162.58219445477647,0.6893554495890165,1.0,4,7.0,"SMPS, 24 V DC, 10A",Bayesian ridge (lags),single
0.0706315926062123,0.0691195171884313,243.3403363081894,1.0530846425371505,1.0,4,7.0,"SMPS, 24 V DC, 10A",Gaussian process,single
0.0287925242943686,0.0284858452214865,105.46647334431631,0.4297998872292191,1.0,4,7.0,"SMPS, 24 V DC, 10A",Ensemble: top-5 mean,ensemble
0.0331301994146585,0.032700800141771,118.79169930845175,0.4940775511929303,1.0,4,7.0,"SMPS, 24 V DC, 10A",Ensemble: inverse-error,ensemble
0.0338575228991598,0.0335054603234458,116.8418499174266,0.5046325843156202,1.0,4,7.0,"SMPS, 24 V DC, 10A",Ensemble: annealed weights,ensemble
0.0317296994696882,0.031521308267437,107.3282505691691,0.4734489608928564,1.0,4,7.0,"SMPS, 24 V DC, 10A",Ensemble: greedy selection,ensemble
0.128960855899181,0.1256387211150165,668.0037244680398,1.42699361675691,1.0,7,3.857142857142857,"BOX PANEL,SIZE:750(A) X 500(B) X 200(C)",Naive (last price),single
0.0806483991614018,0.0873488544856793,466.1831587210239,0.96397602517833,1.0,7,3.857142857142857,"BOX PANEL,SIZE:750(A) X 500(B) X 200(C)",Seasonal naive (12m),single
0.1305699542642589,0.1267689011582951,669.3782146629381,1.4409457670061612,1.0,7,3.857142857142857,"BOX PANEL,SIZE:750(A) X 500(B) X 200(C)",Drift,single
0.0739757742049729,0.0805767260375261,460.7238958397619,0.8938468816008684,1.0,7,3.857142857142857,"BOX PANEL,SIZE:750(A) X 500(B) X 200(C)",Moving average (auto-k),single
0.0753698564723749,0.0819044315517042,462.8877701062521,0.9068647847621734,1.0,7,3.857142857142857,"BOX PANEL,SIZE:750(A) X 500(B) X 200(C)",Simple exp. smoothing,single
0.0872117790526096,0.0926500795434036,482.20080302655686,1.0190561990870532,1.0,7,3.857142857142857,"BOX PANEL,SIZE:750(A) X 500(B) X 200(C)",Holt trend (damped-auto),single
0.1061363175564963,0.1085533814924727,505.39241267369846,1.1932492100790977,1.0,7,3.857142857142857,"BOX PANEL,SIZE:750(A) X 500(B) X 200(C)",Holt-Winters seasonal,single
0.0824685402420399,0.0878374482897271,467.2358891838752,0.9689482508042416,1.0,7,3.857142857142857,"BOX PANEL,SIZE:750(A) X 500(B) X 200(C)",Theta method,single
0.149290692144762,0.142752043514617,507.2232601955667,1.5707731920862615,1.0,7,3.857142857142857,"BOX PANEL,SIZE:750(A) X 500(B) X 200(C)",Linear trend,single
0.0939237934521957,0.0994682973088846,498.0220727162877,1.090054696338299,1.0,7,3.857142857142857,"BOX PANEL,SIZE:750(A) X 500(B) X 200(C)",Autoregressive (ridge),single
0.0975765214050322,0.1009185639856326,510.04961550747606,1.1136446321027198,1.0,7,3.857142857142857,"BOX PANEL,SIZE:750(A) X 500(B) X 200(C)",Random forest,single
0.0980631846812916,0.1014143153967638,523.9161758269425,1.124404560651063,1.0,7,3.857142857142857,"BOX PANEL,SIZE:750(A) X 500(B) X 200(C)",Extra trees,single
0.1165553995004387,0.1160940725408425,559.1588625895852,1.2866843144669682,1.0,7,3.857142857142857,"BOX PANEL,SIZE:750(A) X 500(B) X 200(C)",Gradient boosting,single
0.1057317483742884,0.1105501077272739,545.973881936624,1.2117984367314285,1.0,7,3.857142857142857,"BOX PANEL,SIZE:750(A) X 500(B) X 200(C)",Hist gradient boosting,single
0.0830172000258297,0.0893421431223707,449.6824125503891,0.9802540925673884,1.0,7,3.857142857142857,"BOX PANEL,SIZE:750(A) X 500(B) X 200(C)",Support vector (RBF),single
0.1018914979495188,0.1061604596894291,508.47345553448895,1.1483102891961372,1.0,7,3.857142857142857,"BOX PANEL,SIZE:750(A) X 500(B) X 200(C)",K-nearest neighbours,single
76.24752077216833,1.7483642274728846,371387.3250533693,729.5887577555508,0.4285714285714285,3,1.0,"BOX PANEL,SIZE:750(A) X 500(B) X 200(C)",Neural net (MLP),single
0.1575136130683778,0.1415591483199566,820.8383641735694,1.6748936187988497,1.0,7,3.857142857142857,"BOX PANEL,SIZE:750(A) X 500(B) X 200(C)",Bayesian ridge (lags),single
0.1066136472960077,0.1083500347492223,548.8963376060958,1.2053603731106453,1.0,7,3.857142857142857,"BOX PANEL,SIZE:750(A) X 500(B) X 200(C)",Gaussian process,single
0.1084369311194816,0.1091311878112047,567.7793669513402,1.221663654788009,1.0,7,3.857142857142857,"BOX PANEL,SIZE:750(A) X 500(B) X 200(C)",Ensemble: top-5 mean,ensemble
0.0948404328715522,0.0975391857648747,525.3681683240349,1.088790382057682,1.0,7,3.857142857142857,"BOX PANEL,SIZE:750(A) X 500(B) X 200(C)",Ensemble: inverse-error,ensemble
0.0994309271646055,0.1030172501470477,548.5863240562991,1.1449557838743512,1.0,7,3.857142857142857,"BOX PANEL,SIZE:750(A) X 500(B) X 200(C)",Ensemble: annealed weights,ensemble
0.1250024236993806,0.1228421099577705,649.0279637766415,1.389603941514307,1.0,7,3.857142857142857,"BOX PANEL,SIZE:750(A) X 500(B) X 200(C)",Ensemble: greedy selection,ensemble
0.1422426727342717,0.139476494421918,358.3963225137191,1.2713753356777808,1.0,9,2.888888888888889,"BOX PANEL,SIZE:500 AX400 BX200 C",Naive (last price),single
0.1429693655939972,0.1463411074636097,329.6023042479456,1.2744280340165868,1.0,9,2.888888888888889,"BOX PANEL,SIZE:500 AX400 BX200 C",Seasonal naive (12m),single
0.1435741638317003,0.1406669840230745,362.4782958326525,1.2832553136251963,1.0,9,2.888888888888889,"BOX PANEL,SIZE:500 AX400 BX200 C",Drift,single
0.131244149381576,0.1297114366581919,308.40767860958294,1.1501615876026157,1.0,9,2.888888888888889,"BOX PANEL,SIZE:500 AX400 BX200 C",Moving average (auto-k),single
0.1352838933168555,0.1335732694644413,326.3001504402322,1.1923524766943692,1.0,9,2.888888888888889,"BOX PANEL,SIZE:500 AX400 BX200 C",Simple exp. smoothing,single
0.144636672033806,0.1439574671074715,340.54224486953933,1.282119160672278,1.0,9,2.888888888888889,"BOX PANEL,SIZE:500 AX400 BX200 C",Holt trend (damped-auto),single
0.1667650940717692,0.1618153692673185,396.9701489510937,1.448199562894006,1.0,9,2.888888888888889,"BOX PANEL,SIZE:500 AX400 BX200 C",Holt-Winters seasonal,single
0.136581239399189,0.1344288870575864,322.95192525635747,1.199566958953575,1.0,9,2.888888888888889,"BOX PANEL,SIZE:500 AX400 BX200 C",Theta method,single
0.148383548514941,0.1332745025662742,345.7029498404261,1.2325989860854616,1.0,9,2.888888888888889,"BOX PANEL,SIZE:500 AX400 BX200 C",Linear trend,single
0.1193798988391969,0.1191179869398012,293.8167695371177,1.0658558987556606,1.0,9,2.888888888888889,"BOX PANEL,SIZE:500 AX400 BX200 C",Autoregressive (ridge),single
0.1510208958955732,0.146973053056148,363.69360097038617,1.3306797795306855,1.0,9,2.888888888888889,"BOX PANEL,SIZE:500 AX400 BX200 C",Random forest,single
0.132566945731746,0.1306048967618717,326.1413348672695,1.1656616604052457,1.0,9,2.888888888888889,"BOX PANEL,SIZE:500 AX400 BX200 C",Extra trees,single
0.1675548139971615,0.1601900622407961,392.1729467927965,1.4556148861682958,1.0,9,2.888888888888889,"BOX PANEL,SIZE:500 AX400 BX200 C",Gradient boosting,single
0.1839064075861371,0.166722003714181,486.014395597401,1.5571507311163972,1.0,9,2.888888888888889,"BOX PANEL,SIZE:500 AX400 BX200 C",Hist gradient boosting,single
0.1444854248541401,0.1382375134796842,349.47886735132226,1.2679186547151606,1.0,9,2.888888888888889,"BOX PANEL,SIZE:500 AX400 BX200 C",Support vector (RBF),single
0.1517933447661663,0.1497456420934411,355.14170942808823,1.344695837682101,1.0,9,2.888888888888889,"BOX PANEL,SIZE:500 AX400 BX200 C",K-nearest neighbours,single
2.6554522675548306e+132,1.579764807575601,1.4231852764915043e+136,2.5320606031094283e+133,0.6666666666666666,6,1.6666666666666667,"BOX PANEL,SIZE:500 AX400 BX200 C",Neural net (MLP),single
0.2132323108179096,0.1913951152788224,539.7338766188575,1.8295012951273864,1.0,9,2.888888888888889,"BOX PANEL,SIZE:500 AX400 BX200 C",Bayesian ridge (lags),single
0.1212744278394014,0.1202567921676014,290.472518340914,1.07436281800946,1.0,9,2.888888888888889,"BOX PANEL,SIZE:500 AX400 BX200 C",Gaussian process,single
0.1306910647535245,0.1296153863807556,313.20224827782897,1.1559737688776368,1.0,9,2.888888888888889,"BOX PANEL,SIZE:500 AX400 BX200 C",Ensemble: top-5 mean,ensemble
0.1378405628151405,0.1357879884300773,330.09769207367606,1.2168929708408407,1.0,9,2.888888888888889,"BOX PANEL,SIZE:500 AX400 BX200 C",Ensemble: inverse-error,ensemble
0.1312283117767881,0.1297002299499018,308.402137162699,1.1500792776491449,1.0,9,2.888888888888889,"BOX PANEL,SIZE:500 AX400 BX200 C",Ensemble: annealed weights,ensemble
0.131244149381576,0.1297114366581919,308.40767860958294,1.1501615876026157,1.0,9,2.888888888888889,"BOX PANEL,SIZE:500 AX400 BX200 C",Ensemble: greedy selection,ensemble
0.0739293298392355,0.073649409876023,296.231824238379,0.8403441717275386,1.0,6,3.6666666666666665,"BOX PANEL,SIZE:600(A) X 450(B) X 200(C)",Naive (last price),single
0.0565660207464048,0.0583987347310617,241.93602311357168,0.6547117428324071,1.0,6,3.6666666666666665,"BOX PANEL,SIZE:600(A) X 450(B) X 200(C)",Seasonal naive (12m),single
0.0708119114988488,0.07025310467527,293.14341903458205,0.8052978316523112,1.0,6,3.6666666666666665,"BOX PANEL,SIZE:600(A) X 450(B) X 200(C)",Drift,single
0.0887892212283577,0.0887342749784707,297.0549632337252,1.0004096790815005,1.0,6,3.6666666666666665,"BOX PANEL,SIZE:600(A) X 450(B) X 200(C)",Moving average (auto-k),single
0.0816476356598412,0.0813235731803918,297.91253300966366,0.9230223797058624,1.0,6,3.6666666666666665,"BOX PANEL,SIZE:600(A) X 450(B) X 200(C)",Simple exp. smoothing,single
0.0994716802192122,0.0969749176991959,349.8596535721591,1.1116956908766251,1.0,6,3.6666666666666665,"BOX PANEL,SIZE:600(A) X 450(B) X 200(C)",Holt trend (damped-auto),single
0.0980453270688058,0.0976259952394064,311.87021942967425,1.0921024056067412,1.0,6,3.6666666666666665,"BOX PANEL,SIZE:600(A) X 450(B) X 200(C)",Holt-Winters seasonal,single
0.0806949184378612,0.0801715728511702,290.8774816032046,0.9114476136219384,1.0,6,3.6666666666666665,"BOX PANEL,SIZE:600(A) X 450(B) X 200(C)",Theta method,single
0.0831663898098799,0.0815914564232603,231.6834882149734,0.9170382979097524,1.0,6,3.6666666666666665,"BOX PANEL,SIZE:600(A) X 450(B) X 200(C)",Linear trend,single
0.0849986672999739,0.0858550546984687,305.23020289246494,0.963391765144391,1.0,6,3.6666666666666665,"BOX PANEL,SIZE:600(A) X 450(B) X 200(C)",Autoregressive (ridge),single
0.0733407161564577,0.0736337606936408,268.93229166660296,0.8304804112016511,1.0,6,3.6666666666666665,"BOX PANEL,SIZE:600(A) X 450(B) X 200(C)",Random forest,single
0.0812517601744125,0.0815970767010796,295.2706431770798,0.918579667567058,1.0,6,3.6666666666666665,"BOX PANEL,SIZE:600(A) X 450(B) X 200(C)",Extra trees,single
0.0771201933837842,0.076824475185327,285.6401187220781,0.8726353637777362,1.0,6,3.6666666666666665,"BOX PANEL,SIZE:600(A) X 450(B) X 200(C)",Gradient boosting,single
0.0791239328234337,0.0758464340980067,255.9273820169592,0.8611123947000339,1.0,6,3.6666666666666665,"BOX PANEL,SIZE:600(A) X 450(B) X 200(C)",Hist gradient boosting,single
0.0931705734751263,0.0915751878125331,340.18782138569776,1.0490770767215738,1.0,6,3.6666666666666665,"BOX PANEL,SIZE:600(A) X 450(B) X 200(C)",Support vector (RBF),single
0.0587016549719965,0.0601719471313236,259.75653461497353,0.6851471985668564,1.0,6,3.6666666666666665,"BOX PANEL,SIZE:600(A) X 450(B) X 200(C)",K-nearest neighbours,single
1.6666664317781184,1.285136154001104,4794.626373071973,17.677911273099117,0.5,3,1.0,"BOX PANEL,SIZE:600(A) X 450(B) X 200(C)",Neural net (MLP),single
0.0772981796728373,0.0743955200153435,291.2459670978241,0.8588810944139301,1.0,6,3.6666666666666665,"BOX PANEL,SIZE:600(A) X 450(B) X 200(C)",Bayesian ridge (lags),single
0.1094766918002305,0.106598440435761,376.3294351460845,1.2219943527934385,1.0,6,3.6666666666666665,"BOX PANEL,SIZE:600(A) X 450(B) X 200(C)",Gaussian process,single
0.0845035637102647,0.0843485630464929,289.8074928369579,0.9514924978435388,1.0,6,3.6666666666666665,"BOX PANEL,SIZE:600(A) X 450(B) X 200(C)",Ensemble: top-5 mean,ensemble
0.0847215820812831,0.0844057673281354,296.1538818852332,0.9543178967414836,1.0,6,3.6666666666666665,"BOX PANEL,SIZE:600(A) X 450(B) X 200(C)",Ensemble: inverse-error,ensemble
0.0809842188564644,0.0811329039478567,279.5188129280582,0.9140546710711632,1.0,6,3.6666666666666665,"BOX PANEL,SIZE:600(A) X 450(B) X 200(C)",Ensemble: annealed weights,ensemble
0.0834907341747503,0.0836811019447332,281.8553439495523,0.940681810922314,1.0,6,3.6666666666666665,"BOX PANEL,SIZE:600(A) X 450(B) X 200(C)",Ensemble: greedy selection,ensemble
0.0259622386537625,0.025327016146112,353.311040303021,0.3172073638057806,1.0,6,4.833333333333333,"MTR,SC,415VAC,100L,1500RPM,2.2KW",Naive (last price),single
0.0779595505123773,0.0742942294691654,816.21971015134,0.9477705465761126,1.0,6,4.833333333333333,"MTR,SC,415VAC,100L,1500RPM,2.2KW",Seasonal naive (12m),single
0.041899314468929,0.0406682737249312,476.4760121482415,0.5110630043815962,1.0,6,4.833333333333333,"MTR,SC,415VAC,100L,1500RPM,2.2KW",Drift,single
0.0295100626284059,0.0287596181102979,373.3660688846285,0.3614790855875969,1.0,6,4.833333333333333,"MTR,SC,415VAC,100L,1500RPM,2.2KW",Moving average (auto-k),single
0.0263520152347137,0.0257092518417394,353.73288821371966,0.3220708172526584,1.0,6,4.833333333333333,"MTR,SC,415VAC,100L,1500RPM,2.2KW",Simple exp. smoothing,single
0.0392523335938777,0.0391330281757576,445.9647887391989,0.4801681629086272,1.0,6,4.833333333333333,"MTR,SC,415VAC,100L,1500RPM,2.2KW",Holt trend (damped-auto),single
0.054078568340118,0.0547719278736288,654.0331635959247,0.6590875651567323,1.0,6,4.833333333333333,"MTR,SC,415VAC,100L,1500RPM,2.2KW",Holt-Winters seasonal,single
0.0445935817728141,0.0433103464680554,485.7815324260298,0.5440820932875747,1.0,6,4.833333333333333,"MTR,SC,415VAC,100L,1500RPM,2.2KW",Theta method,single
0.2954532626773011,0.2566901097934676,2776.3448664617254,3.581452149449003,1.0,6,4.833333333333333,"MTR,SC,415VAC,100L,1500RPM,2.2KW",Linear trend,single
0.0378322162469699,0.0376839188175991,423.6047325984506,0.4603656528988316,1.0,6,4.833333333333333,"MTR,SC,415VAC,100L,1500RPM,2.2KW",Autoregressive (ridge),single
0.0355219638287472,0.0345935264849951,413.5424884324556,0.4348565280834969,1.0,6,4.833333333333333,"MTR,SC,415VAC,100L,1500RPM,2.2KW",Random forest,single
0.0448809106586735,0.043519098215017,499.5432938786228,0.548885749580874,1.0,6,4.833333333333333,"MTR,SC,415VAC,100L,1500RPM,2.2KW",Extra trees,single
0.0260848595312788,0.0253983559366485,357.2131898060617,0.3190193017477691,1.0,6,4.833333333333333,"MTR,SC,415VAC,100L,1500RPM,2.2KW",Gradient boosting,single
0.0405451148953057,0.0394247659077636,451.092037140226,0.4957055548588918,1.0,6,4.833333333333333,"MTR,SC,415VAC,100L,1500RPM,2.2KW",Hist gradient boosting,single
0.0697178199972621,0.0672418466672659,746.122173944445,0.8536474046310408,1.0,6,4.833333333333333,"MTR,SC,415VAC,100L,1500RPM,2.2KW",Support vector (RBF),single
0.0764245737800386,0.0730592554037601,782.1380572972957,0.930044492112646,1.0,6,4.833333333333333,"MTR,SC,415VAC,100L,1500RPM,2.2KW",K-nearest neighbours,single
8.118583466384674e+100,1.7912545912552251,1.5425308586130872e+105,1.0067945416660924e+102,0.6666666666666666,4,2.75,"MTR,SC,415VAC,100L,1500RPM,2.2KW",Neural net (MLP),single
0.1164425299748984,0.1085760530630962,1221.758299477222,1.4223788314718109,1.0,6,4.833333333333333,"MTR,SC,415VAC,100L,1500RPM,2.2KW",Bayesian ridge (lags),single
0.0712705341893942,0.0702065537228681,798.3049272153502,0.8724680236451816,1.0,6,4.833333333333333,"MTR,SC,415VAC,100L,1500RPM,2.2KW",Gaussian process,single
0.0497308068391855,0.0480935270604164,547.7333714184806,0.6081242794265483,1.0,6,4.833333333333333,"MTR,SC,415VAC,100L,1500RPM,2.2KW",Ensemble: top-5 mean,ensemble
0.0404189569718159,0.0392769242538846,456.85220289401536,0.4944274029169939,1.0,6,4.833333333333333,"MTR,SC,415VAC,100L,1500RPM,2.2KW",Ensemble: inverse-error,ensemble
0.0405458598692186,0.0394254196965081,451.1149030269665,0.4957165197691197,1.0,6,4.833333333333333,"MTR,SC,415VAC,100L,1500RPM,2.2KW",Ensemble: annealed weights,ensemble
0.0405451148953057,0.0394247659077636,451.092037140226,0.4957055548588918,1.0,6,4.833333333333333,"MTR,SC,415VAC,100L,1500RPM,2.2KW",Ensemble: greedy selection,ensemble
0.0061769218663939,0.0061352628075136,32.73850943460969,0.6376928020566084,1.0,4,5.5,FLASH BACK ARRESTOR F/OXYGEN,Naive (last price),single
0.02509248324249,0.0246915926006091,101.623596317213,2.583429396698549,1.0,4,5.5,FLASH BACK ARRESTOR F/OXYGEN,Seasonal naive (12m),single
0.0128250940022706,0.0128750863070879,53.80074452733577,1.3208433357913254,1.0,4,5.5,FLASH BACK ARRESTOR F/OXYGEN,Drift,single
0.0097965633147496,0.009739690266697,38.23900623340969,1.0112310391455843,1.0,4,5.5,FLASH BACK ARRESTOR F/OXYGEN,Moving average (auto-k),single
0.0066092550125246,0.0065674105517984,32.81043978664906,0.6822714688823691,1.0,4,5.5,FLASH BACK ARRESTOR F/OXYGEN,Simple exp. smoothing,single
0.0202666823241493,0.0205441585985002,93.78802139902892,2.0860689836284347,1.0,4,5.5,FLASH BACK ARRESTOR F/OXYGEN,Holt trend (damped-auto),single
inf,inf,inf,inf,0.0,0,,FLASH BACK ARRESTOR F/OXYGEN,Holt-Winters seasonal,single
0.0074035547391473,0.0073591614672624,34.00884007524178,0.7644101385932498,1.0,4,5.5,FLASH BACK ARRESTOR F/OXYGEN,Theta method,single
0.0129147794275316,0.0128219184747346,48.82244981378057,1.332500802751461,1.0,4,5.5,FLASH BACK ARRESTOR F/OXYGEN,Linear trend,single
0.0150315613227679,0.0149154341414181,54.46668517000495,1.5485592836454247,1.0,4,5.5,FLASH BACK ARRESTOR F/OXYGEN,Autoregressive (ridge),single
inf,inf,inf,inf,0.0,0,,FLASH BACK ARRESTOR F/OXYGEN,Random forest,single
inf,inf,inf,inf,0.0,0,,FLASH BACK ARRESTOR F/OXYGEN,Extra trees,single
inf,inf,inf,inf,0.0,0,,FLASH BACK ARRESTOR F/OXYGEN,Gradient boosting,single
inf,inf,inf,inf,0.0,0,,FLASH BACK ARRESTOR F/OXYGEN,Hist gradient boosting,single
inf,inf,inf,inf,0.0,0,,FLASH BACK ARRESTOR F/OXYGEN,Support vector (RBF),single
inf,inf,inf,inf,0.0,0,,FLASH BACK ARRESTOR F/OXYGEN,K-nearest neighbours,single
inf,inf,inf,inf,0.0,0,,FLASH BACK ARRESTOR F/OXYGEN,Neural net (MLP),single
inf,inf,inf,inf,0.0,0,,FLASH BACK ARRESTOR F/OXYGEN,Bayesian ridge (lags),single
inf,inf,inf,inf,0.0,0,,FLASH BACK ARRESTOR F/OXYGEN,Gaussian process,single
0.0074669097460268,0.0074279533282812,33.256066082445685,0.7704423081280263,1.0,4,5.5,FLASH BACK ARRESTOR F/OXYGEN,Ensemble: top-5 mean,ensemble
0.0079319336436814,0.0078847778907669,34.807610815995204,0.8185861754269027,1.0,4,5.5,FLASH BACK ARRESTOR F/OXYGEN,Ensemble: inverse-error,ensemble
0.010855412683643,0.0107747826335753,45.65888752474897,1.1189167093472236,1.0,4,5.5,FLASH BACK ARRESTOR F/OXYGEN,Ensemble: annealed weights,ensemble
0.0061769218663939,0.0061352628075136,32.73850943460969,0.6376928020566084,1.0,4,5.5,FLASH BACK ARRESTOR F/OXYGEN,Ensemble: greedy selection,ensemble
0.0061769218663939,0.0061352628075136,32.73850943460969,0.6376928020566084,1.0,4,5.5,FLASH BACK ARRESTOR F/ACETYLENE,Naive (last price),single
0.02509248324249,0.0246915926006091,101.623596317213,2.583429396698549,1.0,4,5.5,FLASH BACK ARRESTOR F/ACETYLENE,Seasonal naive (12m),single
0.0128250940022706,0.0128750863070879,53.80074452733577,1.3208433357913254,1.0,4,5.5,FLASH BACK ARRESTOR F/ACETYLENE,Drift,single
0.0097965633147496,0.009739690266697,38.23900623340969,1.0112310391455843,1.0,4,5.5,FLASH BACK ARRESTOR F/ACETYLENE,Moving average (auto-k),single
0.0066092550125246,0.0065674105517984,32.81043978664906,0.6822714688823691,1.0,4,5.5,FLASH BACK ARRESTOR F/ACETYLENE,Simple exp. smoothing,single
0.0202666823241493,0.0205441585985002,93.78802139902892,2.0860689836284347,1.0,4,5.5,FLASH BACK ARRESTOR F/ACETYLENE,Holt trend (damped-auto),single
inf,inf,inf,inf,0.0,0,,FLASH BACK ARRESTOR F/ACETYLENE,Holt-Winters seasonal,single
0.0074035547391473,0.0073591614672624,34.00884007524178,0.7644101385932498,1.0,4,5.5,FLASH BACK ARRESTOR F/ACETYLENE,Theta method,single
0.0129147794275316,0.0128219184747346,48.82244981378057,1.332500802751461,1.0,4,5.5,FLASH BACK ARRESTOR F/ACETYLENE,Linear trend,single
0.0150315613227679,0.0149154341414181,54.46668517000495,1.5485592836454247,1.0,4,5.5,FLASH BACK ARRESTOR F/ACETYLENE,Autoregressive (ridge),single
inf,inf,inf,inf,0.0,0,,FLASH BACK ARRESTOR F/ACETYLENE,Random forest,single
inf,inf,inf,inf,0.0,0,,FLASH BACK ARRESTOR F/ACETYLENE,Extra trees,single
inf,inf,inf,inf,0.0,0,,FLASH BACK ARRESTOR F/ACETYLENE,Gradient boosting,single
inf,inf,inf,inf,0.0,0,,FLASH BACK ARRESTOR F/ACETYLENE,Hist gradient boosting,single
inf,inf,inf,inf,0.0,0,,FLASH BACK ARRESTOR F/ACETYLENE,Support vector (RBF),single
inf,inf,inf,inf,0.0,0,,FLASH BACK ARRESTOR F/ACETYLENE,K-nearest neighbours,single
inf,inf,inf,inf,0.0,0,,FLASH BACK ARRESTOR F/ACETYLENE,Neural net (MLP),single
inf,inf,inf,inf,0.0,0,,FLASH BACK ARRESTOR F/ACETYLENE,Bayesian ridge (lags),single
inf,inf,inf,inf,0.0,0,,FLASH BACK ARRESTOR F/ACETYLENE,Gaussian process,single
0.0074669097460268,0.0074279533282812,33.256066082445685,0.7704423081280263,1.0,4,5.5,FLASH BACK ARRESTOR F/ACETYLENE,Ensemble: top-5 mean,ensemble
0.0079319336436814,0.0078847778907669,34.807610815995204,0.8185861754269027,1.0,4,5.5,FLASH BACK ARRESTOR F/ACETYLENE,Ensemble: inverse-error,ensemble
0.010855412683643,0.0107747826335753,45.65888752474897,1.1189167093472236,1.0,4,5.5,FLASH BACK ARRESTOR F/ACETYLENE,Ensemble: annealed weights,ensemble
0.0061769218663939,0.0061352628075136,32.73850943460969,0.6376928020566084,1.0,4,5.5,FLASH BACK ARRESTOR F/ACETYLENE,Ensemble: greedy selection,ensemble
0.0585015736043749,0.0587164290289116,41.57884077268129,0.4852586716043833,1.0,5,2.4,"MCB,415VAC,63A,3P,10KA",Naive (last price),single
0.0612877979478679,0.0617736492650563,47.79378073788732,0.508261685984442,1.0,5,2.4,"MCB,415VAC,63A,3P,10KA",Seasonal naive (12m),single
0.0591035467464085,0.0592772016819177,42.13161505423125,0.4899315774576004,1.0,5,2.4,"MCB,415VAC,63A,3P,10KA",Drift,single
0.049127083695823,0.0484088911856437,39.40643005037434,0.4062841848762571,1.0,5,2.4,"MCB,415VAC,63A,3P,10KA",Moving average (auto-k),single
0.0586762672479492,0.0587560232952922,41.342347336433626,0.4864530627339273,1.0,5,2.4,"MCB,415VAC,63A,3P,10KA",Simple exp. smoothing,single
0.0708382097867269,0.0716457202056332,50.24619513012073,0.5900405403972641,1.0,5,2.4,"MCB,415VAC,63A,3P,10KA",Holt trend (damped-auto),single
0.0455518013610373,0.0465557521373934,34.75179387194304,0.38346097019194,1.0,5,2.4,"MCB,415VAC,63A,3P,10KA",Holt-Winters seasonal,single
0.0575249796706632,0.0571947177830627,40.45464074826855,0.4756182606392021,1.0,5,2.4,"MCB,415VAC,63A,3P,10KA",Theta method,single
0.2199249165133888,0.1972581543594967,145.91711838872416,1.8336280567717695,1.0,5,2.4,"MCB,415VAC,63A,3P,10KA",Linear trend,single
0.0575073762534545,0.0564787595975069,43.55264013363531,0.4715029518659497,1.0,5,2.4,"MCB,415VAC,63A,3P,10KA",Autoregressive (ridge),single
0.0498985773386939,0.0499526967895452,35.04531953423689,0.4162979625356486,1.0,5,2.4,"MCB,415VAC,63A,3P,10KA",Random forest,single
0.0406177918863126,0.0401835791732513,30.45146184060121,0.3364514360313393,1.0,5,2.4,"MCB,415VAC,63A,3P,10KA",Extra trees,single
0.0493205540522418,0.0494147012946881,35.02614788826307,0.4114027325246169,1.0,5,2.4,"MCB,415VAC,63A,3P,10KA",Gradient boosting,single
0.0350724843163097,0.0348807561193849,26.393736478565216,0.2905852708069351,1.0,5,2.4,"MCB,415VAC,63A,3P,10KA",Hist gradient boosting,single
0.0388240381171661,0.0389371034003422,26.523828919135838,0.3265977445467032,1.0,5,2.4,"MCB,415VAC,63A,3P,10KA",Support vector (RBF),single
0.0452965271736272,0.0435893196435824,37.48237930293243,0.3709663852750307,1.0,5,2.4,"MCB,415VAC,63A,3P,10KA",K-nearest neighbours,single
433188024382108.56,1.8824868176791132,5.977994718474949e+17,3816939189824498.5,0.8,4,1.75,"MCB,415VAC,63A,3P,10KA",Neural net (MLP),single
0.0861534459789545,0.0899533604206583,66.88446269613314,0.725056972337509,1.0,5,2.4,"MCB,415VAC,63A,3P,10KA",Bayesian ridge (lags),single
0.0651410706679804,0.0650234309890921,46.63046790443536,0.5396111301369858,1.0,5,2.4,"MCB,415VAC,63A,3P,10KA",Gaussian process,single
0.0536955866973537,0.053850218999647,38.17736410263063,0.4457440254662248,1.0,5,2.4,"MCB,415VAC,63A,3P,10KA",Ensemble: top-5 mean,ensemble
0.0518358003267209,0.0519996859639776,36.39817716314555,0.4310770160713602,1.0,5,2.4,"MCB,415VAC,63A,3P,10KA",Ensemble: inverse-error,ensemble
0.0455233134140453,0.0465242152144051,34.74569283795453,0.3831912920750724,1.0,5,2.4,"MCB,415VAC,63A,3P,10KA",Ensemble: annealed weights,ensemble
0.0455518013610373,0.0465557521373934,34.75179387194304,0.38346097019194,1.0,5,2.4,"MCB,415VAC,63A,3P,10KA",Ensemble: greedy selection,ensemble
0.0603941361243964,0.0602548762561792,107.6815190648098,0.7718262413893935,1.0,7,3.857142857142857,"BOX PANEL,SIZE:300(A) X 350(B) X 175(C)",Naive (last price),single
0.0748463404862752,0.0717014597754082,151.49498632246383,0.942371232225048,1.0,7,3.857142857142857,"BOX PANEL,SIZE:300(A) X 350(B) X 175(C)",Seasonal naive (12m),single
0.0615339806796814,0.0612101495619798,108.88700921886348,0.7849826668529309,1.0,7,3.857142857142857,"BOX PANEL,SIZE:300(A) X 350(B) X 175(C)",Drift,single
0.0416120745406582,0.0428914442894869,77.86789346246324,0.5430306205405284,1.0,7,3.857142857142857,"BOX PANEL,SIZE:300(A) X 350(B) X 175(C)",Moving average (auto-k),single
0.0448387782195309,0.0460778271046481,80.23714673046254,0.5820308023121461,1.0,7,3.857142857142857,"BOX PANEL,SIZE:300(A) X 350(B) X 175(C)",Simple exp. smoothing,single
0.0657677731175425,0.0661855961999581,98.83985844025491,0.835900049511222,1.0,7,3.857142857142857,"BOX PANEL,SIZE:300(A) X 350(B) X 175(C)",Holt trend (damped-auto),single
0.0669547580382724,0.0693281593722096,103.31879132108048,0.8553738054231093,1.0,7,3.857142857142857,"BOX PANEL,SIZE:300(A) X 350(B) X 175(C)",Holt-Winters seasonal,single
0.0461404776155803,0.0471946887921756,80.84779389231485,0.5969444944290223,1.0,7,3.857142857142857,"BOX PANEL,SIZE:300(A) X 350(B) X 175(C)",Theta method,single
0.0815477359452477,0.0787608413902058,104.26732017763538,1.0054697163756696,1.0,7,3.857142857142857,"BOX PANEL,SIZE:300(A) X 350(B) X 175(C)",Linear trend,single
0.0601074175865249,0.0605872300677342,105.05483518329476,0.7706905558257858,1.0,7,3.857142857142857,"BOX PANEL,SIZE:300(A) X 350(B) X 175(C)",Autoregressive (ridge),single
0.062056993268796,0.0623786126583213,106.7744140073004,0.792748051397817,1.0,7,3.857142857142857,"BOX PANEL,SIZE:300(A) X 350(B) X 175(C)",Random forest,single
0.0578874833554973,0.0588036013518416,99.87045633403548,0.7427727122069179,1.0,7,3.857142857142857,"BOX PANEL,SIZE:300(A) X 350(B) X 175(C)",Extra trees,single
0.0728917691197029,0.0727580978216973,120.59379213369968,0.9247147664265788,1.0,7,3.857142857142857,"BOX PANEL,SIZE:300(A) X 350(B) X 175(C)",Gradient boosting,single
0.0854784764530343,0.0877095226147212,122.06328359222864,1.07900729636278,1.0,7,3.857142857142857,"BOX PANEL,SIZE:300(A) X 350(B) X 175(C)",Hist gradient boosting,single
0.087251109329478,0.0903936361651411,131.66027037505444,1.0988231835955238,1.0,7,3.857142857142857,"BOX PANEL,SIZE:300(A) X 350(B) X 175(C)",Support vector (RBF),single
0.0697345822742246,0.0739988601562228,113.68991002478232,0.8849416083036732,1.0,7,3.857142857142857,"BOX PANEL,SIZE:300(A) X 350(B) X 175(C)",K-nearest neighbours,single
2.7019188982369957e+48,0.790254939508146,5.586416703665858e+51,3.259751825467768e+49,0.4285714285714285,3,1.6666666666666667,"BOX PANEL,SIZE:300(A) X 350(B) X 175(C)",Neural net (MLP),single
0.1016018226391692,0.0965620806902975,173.7473896145843,1.2670127951400438,1.0,7,3.857142857142857,"BOX PANEL,SIZE:300(A) X 350(B) X 175(C)",Bayesian ridge (lags),single
0.1030105059665218,0.1026666962639216,154.1527972333287,1.2814835050291329,1.0,7,3.857142857142857,"BOX PANEL,SIZE:300(A) X 350(B) X 175(C)",Gaussian process,single
0.0566682568745136,0.0571916920884556,96.19970070584752,0.726152153191097,1.0,7,3.857142857142857,"BOX PANEL,SIZE:300(A) X 350(B) X 175(C)",Ensemble: top-5 mean,ensemble
0.0561976602617434,0.0571449196492661,92.45448383990768,0.7207686899114472,1.0,7,3.857142857142857,"BOX PANEL,SIZE:300(A) X 350(B) X 175(C)",Ensemble: inverse-error,ensemble
0.0606544420577361,0.0610159684308666,100.85294728968807,0.7745678722170605,1.0,7,3.857142857142857,"BOX PANEL,SIZE:300(A) X 350(B) X 175(C)",Ensemble: annealed weights,ensemble
0.0603941361243964,0.0602548762561792,107.6815190648098,0.7718262413893935,1.0,7,3.857142857142857,"BOX PANEL,SIZE:300(A) X 350(B) X 175(C)",Ensemble: greedy selection,ensemble
0.0217735200185765,0.0213936972714106,72.98355979260008,0.072077788520753,1.0,5,9.2,"MPCB,16A",Naive (last price),single
0.0853848983521712,0.0778785827815174,293.2905111699535,0.2851597293807091,1.0,5,9.2,"MPCB,16A",Seasonal naive (12m),single
0.046758398681035,0.0448935683362753,140.44276280097475,0.1550396859087721,1.0,5,9.2,"MPCB,16A",Drift,single
0.0410220554093267,0.039537906988678,130.41209333778744,0.1370922581537297,1.0,5,9.2,"MPCB,16A",Moving average (auto-k),single
0.0232541620620526,0.0228654042325527,73.5476492343491,0.0771039394478154,1.0,5,9.2,"MPCB,16A",Simple exp. smoothing,single
0.0392074689269624,0.0376350344965931,135.1955040646209,0.1287060453431255,1.0,5,9.2,"MPCB,16A",Holt trend (damped-auto),single
0.0723570939014874,0.0719204558904973,183.8766008137935,0.2419608512641969,1.0,5,9.2,"MPCB,16A",Holt-Winters seasonal,single
0.0264669043625121,0.0259789349925424,79.15156668932732,0.0878723504478524,1.0,5,9.2,"MPCB,16A",Theta method,single
0.0496310741193053,0.0517577667938118,148.58072795356236,0.1670275496792466,1.0,5,9.2,"MPCB,16A",Linear trend,single
0.0291926223307619,0.0299119532611637,86.421999301477,0.0984017100334336,1.0,5,9.2,"MPCB,16A",Autoregressive (ridge),single
0.0511267532514391,0.049679877590882,126.80887271158768,0.1689293229470781,1.0,5,9.2,"MPCB,16A",Random forest,single
0.0599137503314725,0.0578761708304587,148.52750066126964,0.198219058200136,1.0,5,9.2,"MPCB,16A",Extra trees,single
0.0509972458227033,0.0491972310752503,139.0821253751378,0.1686032434073003,1.0,5,9.2,"MPCB,16A",Gradient boosting,single
0.1088408414056943,0.1022227934968332,261.3628745280398,0.361115738450776,1.0,5,9.2,"MPCB,16A",Hist gradient boosting,single
0.048768271735326,0.0472581126715323,127.64085718606262,0.1618436695893821,1.0,5,9.2,"MPCB,16A",Support vector (RBF),single
0.0714340717612712,0.0668618480055219,226.28019584539797,0.2382155791123323,1.0,5,9.2,"MPCB,16A",K-nearest neighbours,single
2.5567488929553764e+20,1.9999999997736544,7.799256786584991e+23,8.315948254346809e+20,0.4,2,3.0,"MPCB,16A",Neural net (MLP),single
0.0472418413886023,0.0460943427848407,133.74241431541944,0.156033869147457,1.0,5,9.2,"MPCB,16A",Bayesian ridge (lags),single
0.0355372697354121,0.035610365493794,83.23239773003469,0.117878361886026,1.0,5,9.2,"MPCB,16A",Gaussian process,single
0.0668426093361951,0.0635090804523279,186.32435896836571,0.2211002030275589,1.0,5,9.2,"MPCB,16A",Ensemble: top-5 mean,ensemble
0.0500527232599533,0.0484765008213486,127.22000466672412,0.1654509610548887,1.0,5,9.2,"MPCB,16A",Ensemble: inverse-error,ensemble
0.0457050639062096,0.044690938136038,114.81868204576728,0.1522745210164488,1.0,5,9.2,"MPCB,16A",Ensemble: annealed weights,ensemble
0.0714340717612712,0.0668618480055219,226.28019584539797,0.2382155791123323,1.0,5,9.2,"MPCB,16A",Ensemble: greedy selection,ensemble
0.1055001202635624,0.1055673096782424,89.09550124067155,1.314103920130723,1.0,8,3.0,"BOX PANEL,SIZE:225(A) X 225(B) X 100(C)",Naive (last price),single
0.0866258512756305,0.08178503278636,69.20596216336013,1.0339332324561232,1.0,8,3.0,"BOX PANEL,SIZE:225(A) X 225(B) X 100(C)",Seasonal naive (12m),single
0.1073837869425249,0.1068353257311236,91.01884491663628,1.3332542014259343,1.0,8,3.0,"BOX PANEL,SIZE:225(A) X 225(B) X 100(C)",Drift,single
0.0697195488736001,0.0702767600354189,56.51081350693335,0.8751360421256464,1.0,8,3.0,"BOX PANEL,SIZE:225(A) X 225(B) X 100(C)",Moving average (auto-k),single
0.1005060980488158,0.1010953711133019,85.5004994180353,1.2552041722706484,1.0,8,3.0,"BOX PANEL,SIZE:225(A) X 225(B) X 100(C)",Simple exp. smoothing,single
0.1025469923184188,0.104129631992146,88.27013851430354,1.2863223312488592,1.0,8,3.0,"BOX PANEL,SIZE:225(A) X 225(B) X 100(C)",Holt trend (damped-auto),single
0.0701236036675551,0.0737837214027054,64.59131352959432,0.914357211548284,1.0,8,3.0,"BOX PANEL,SIZE:225(A) X 225(B) X 100(C)",Holt-Winters seasonal,single
0.0898720561372045,0.0907164660179517,78.26031717246451,1.1237061525875465,1.0,8,3.0,"BOX PANEL,SIZE:225(A) X 225(B) X 100(C)",Theta method,single
0.1500147577958179,0.1347363934959765,102.90141826363892,1.816736166151688,1.0,8,3.0,"BOX PANEL,SIZE:225(A) X 225(B) X 100(C)",Linear trend,single
0.0902433542142328,0.0901982473582458,68.69401269766719,1.1287090812931204,1.0,8,3.0,"BOX PANEL,SIZE:225(A) X 225(B) X 100(C)",Autoregressive (ridge),single
0.0922750968639839,0.0908180491636046,80.08090144293017,1.1363424904855406,1.0,8,3.0,"BOX PANEL,SIZE:225(A) X 225(B) X 100(C)",Random forest,single
0.0903752704179278,0.0874540419336271,75.29263849188015,1.1024974655930349,1.0,8,3.0,"BOX PANEL,SIZE:225(A) X 225(B) X 100(C)",Extra trees,single
0.0787114572200484,0.0761211124685112,67.08025370765603,0.9578091801478564,1.0,8,3.0,"BOX PANEL,SIZE:225(A) X 225(B) X 100(C)",Gradient boosting,single
0.1145582774379482,0.1023154490895257,107.33826083292956,1.3429469846560895,1.0,8,3.0,"BOX PANEL,SIZE:225(A) X 225(B) X 100(C)",Hist gradient boosting,single
0.1242997104116446,0.1165385652392054,87.43318142592453,1.5249897867055828,1.0,8,3.0,"BOX PANEL,SIZE:225(A) X 225(B) X 100(C)",Support vector (RBF),single
0.0641638797019244,0.0645957270708324,50.12674157228536,0.8034949169130128,1.0,8,3.0,"BOX PANEL,SIZE:225(A) X 225(B) X 100(C)",K-nearest neighbours,single
0.8514167948528982,1.5013857024254902,534.1139871263842,11.070269559427093,0.5,4,1.0,"BOX PANEL,SIZE:225(A) X 225(B) X 100(C)",Neural net (MLP),single
0.1415728055873135,0.1232349252317424,124.90466636237836,1.6617587982011013,1.0,8,3.0,"BOX PANEL,SIZE:225(A) X 225(B) X 100(C)",Bayesian ridge (lags),single
0.0988125898134432,0.0912792440449438,84.48382507112159,1.174247221214362,1.0,8,3.0,"BOX PANEL,SIZE:225(A) X 225(B) X 100(C)",Gaussian process,single
0.0915369601267599,0.0897058237021715,74.8689711032226,1.1271512921691569,1.0,8,3.0,"BOX PANEL,SIZE:225(A) X 225(B) X 100(C)",Ensemble: top-5 mean,ensemble
0.0854540873438772,0.0842396137047238,72.52617291637047,1.0536722174699844,1.0,8,3.0,"BOX PANEL,SIZE:225(A) X 225(B) X 100(C)",Ensemble: inverse-error,ensemble
0.1241674357545609,0.1164309578274271,87.35006000480261,1.523369237200266,1.0,8,3.0,"BOX PANEL,SIZE:225(A) X 225(B) X 100(C)",Ensemble: annealed weights,ensemble
0.1242997104116446,0.1165385652392054,87.43318142592453,1.5249897867055828,1.0,8,3.0,"BOX PANEL,SIZE:225(A) X 225(B) X 100(C)",Ensemble: greedy selection,ensemble
0.0589805585492172,0.0599492200624295,77.243275527943,0.4421876835380089,1.0,7,4.285714285714286,"BOX PANEL,SIZE:300(A) X 200(B) X 150(C)",Naive (last price),single
0.1904237946460309,0.1620457962614962,242.4160271517489,1.3657908156231375,1.0,7,4.285714285714286,"BOX PANEL,SIZE:300(A) X 200(B) X 150(C)",Seasonal naive (12m),single
0.0623030495346587,0.0627105603836828,76.92092801557337,0.4636072889602771,1.0,7,4.285714285714286,"BOX PANEL,SIZE:300(A) X 200(B) X 150(C)",Drift,single
0.0481386994240407,0.0493036916674284,71.83834693157422,0.3651179912302406,1.0,7,4.285714285714286,"BOX PANEL,SIZE:300(A) X 200(B) X 150(C)",Moving average (auto-k),single
0.0579276955530781,0.0589161921068435,76.57213816334949,0.4347279040533027,1.0,7,4.285714285714286,"BOX PANEL,SIZE:300(A) X 200(B) X 150(C)",Simple exp. smoothing,single
0.0599390072072894,0.0614171053301972,78.36196915145084,0.4507964943917794,1.0,7,4.285714285714286,"BOX PANEL,SIZE:300(A) X 200(B) X 150(C)",Holt trend (damped-auto),single
0.0796001422792795,0.0819311421224403,86.05510753538726,0.5878355040187745,1.0,7,4.285714285714286,"BOX PANEL,SIZE:300(A) X 200(B) X 150(C)",Holt-Winters seasonal,single
0.0579689105206677,0.058372992766132,73.62971888984546,0.4323050656003351,1.0,7,4.285714285714286,"BOX PANEL,SIZE:300(A) X 200(B) X 150(C)",Theta method,single
0.236605699987132,0.2087984163286879,214.02361205937865,1.668797781375456,1.0,7,4.285714285714286,"BOX PANEL,SIZE:300(A) X 200(B) X 150(C)",Linear trend,single
0.0556057792552387,0.0567409268056679,72.93092990042203,0.417818764827652,1.0,7,4.285714285714286,"BOX PANEL,SIZE:300(A) X 200(B) X 150(C)",Autoregressive (ridge),single
0.0650965948257185,0.0652011243317469,80.59623616792676,0.4801814583771496,1.0,7,4.285714285714286,"BOX PANEL,SIZE:300(A) X 200(B) X 150(C)",Random forest,single
0.0823541589803844,0.0811493749920272,95.44970818480957,0.6070341781308561,1.0,7,4.285714285714286,"BOX PANEL,SIZE:300(A) X 200(B) X 150(C)",Extra trees,single
0.0590080282393968,0.0594933214688022,82.94917308709499,0.4412785259907906,1.0,7,4.285714285714286,"BOX PANEL,SIZE:300(A) X 200(B) X 150(C)",Gradient boosting,single
0.0698772926179577,0.0711290976553753,86.73664463496709,0.5199831271966562,1.0,7,4.285714285714286,"BOX PANEL,SIZE:300(A) X 200(B) X 150(C)",Hist gradient boosting,single
0.1273408487503085,0.1185872494916057,151.98875974955976,0.9211615144711692,1.0,7,4.285714285714286,"BOX PANEL,SIZE:300(A) X 200(B) X 150(C)",Support vector (RBF),single
0.1406160450429257,0.1301531689193199,154.14321917271167,1.018729956771164,1.0,7,4.285714285714286,"BOX PANEL,SIZE:300(A) X 200(B) X 150(C)",K-nearest neighbours,single
1.5368469655536928e+104,1.6992353050619364,2.2093745330715532e+107,1.052747523255568e+105,0.4285714285714285,3,2.0,"BOX PANEL,SIZE:300(A) X 200(B) X 150(C)",Neural net (MLP),single
0.1422393164394201,0.1243358665760111,187.24677548684497,1.0211445903512528,1.0,7,4.285714285714286,"BOX PANEL,SIZE:300(A) X 200(B) X 150(C)",Bayesian ridge (lags),single
0.1378926223689354,0.1233691401780675,178.71625085451277,0.9959155877640888,1.0,7,4.285714285714286,"BOX PANEL,SIZE:300(A) X 200(B) X 150(C)",Gaussian process,single
0.0581746107686901,0.0586650695149436,75.86593627139793,0.4344764849046711,1.0,7,4.285714285714286,"BOX PANEL,SIZE:300(A) X 200(B) X 150(C)",Ensemble: top-5 mean,ensemble
0.0586076232481806,0.0591366697331986,76.68279104824596,0.4378544541520698,1.0,7,4.285714285714286,"BOX PANEL,SIZE:300(A) X 200(B) X 150(C)",Ensemble: inverse-error,ensemble
0.0549505904251563,0.0552217379461471,75.68516102515282,0.4103219469793003,1.0,7,4.285714285714286,"BOX PANEL,SIZE:300(A) X 200(B) X 150(C)",Ensemble: annealed weights,ensemble
0.0562561084721135,0.0563836003015333,74.76375810466384,0.4186173473735384,1.0,7,4.285714285714286,"BOX PANEL,SIZE:300(A) X 200(B) X 150(C)",Ensemble: greedy selection,ensemble
0.2398032264281032,0.2351235664786711,583.6986379973822,1.7793200468933132,1.0,5,3.2,"BOX PANEL,SIZE:400(A) X 410(B) X 280(C)",Naive (last price),single
0.1807164688433842,0.1813890604255204,445.5773308144056,1.3404377931954092,1.0,5,3.2,"BOX PANEL,SIZE:400(A) X 410(B) X 280(C)",Seasonal naive (12m),single
0.2408317300063086,0.2365400490843091,589.527175385369,1.7900952889813373,1.0,5,3.2,"BOX PANEL,SIZE:400(A) X 410(B) X 280(C)",Drift,single
0.2828915640855263,0.2770310708080007,566.0024911925107,2.0383887773265243,1.0,5,3.2,"BOX PANEL,SIZE:400(A) X 410(B) X 280(C)",Moving average (auto-k),single
0.2437209192351792,0.2396613983840948,577.3419419843932,1.802081546962552,1.0,5,3.2,"BOX PANEL,SIZE:400(A) X 410(B) X 280(C)",Simple exp. smoothing,single
0.27236281787804,0.263797134375629,646.4897227228104,2.006794976294193,1.0,5,3.2,"BOX PANEL,SIZE:400(A) X 410(B) X 280(C)",Holt trend (damped-auto),single
0.2513929265069464,0.2429581743770444,534.580610379007,1.8263420733832447,1.0,5,3.2,"BOX PANEL,SIZE:400(A) X 410(B) X 280(C)",Holt-Winters seasonal,single
0.258126621824966,0.2544802631939703,564.6255810326122,1.887239120664248,1.0,5,3.2,"BOX PANEL,SIZE:400(A) X 410(B) X 280(C)",Theta method,single
0.2155062557209403,0.2047480802680407,401.5645140948674,1.4999886754152816,1.0,5,3.2,"BOX PANEL,SIZE:400(A) X 410(B) X 280(C)",Linear trend,single
0.2722436749553526,0.2539457894986364,561.5162822114587,1.933826083436213,1.0,5,3.2,"BOX PANEL,SIZE:400(A) X 410(B) X 280(C)",Autoregressive (ridge),single
0.1847551307047334,0.1817422356161625,467.6670850933477,1.3932811520102737,1.0,5,3.2,"BOX PANEL,SIZE:400(A) X 410(B) X 280(C)",Random forest,single
0.228235226124031,0.2239668709715427,514.1038539456802,1.666880153949107,1.0,5,3.2,"BOX PANEL,SIZE:400(A) X 410(B) X 280(C)",Extra trees,single
0.1919916323907699,0.1829675303934796,471.3696705313248,1.417482567324526,1.0,5,3.2,"BOX PANEL,SIZE:400(A) X 410(B) X 280(C)",Gradient boosting,single
0.1783141642560974,0.176644527744775,444.5494704123497,1.3434444878684433,1.0,5,3.2,"BOX PANEL,SIZE:400(A) X 410(B) X 280(C)",Hist gradient boosting,single
0.1998428811270673,0.1960275228998836,477.2192855230642,1.4845173492004795,1.0,5,3.2,"BOX PANEL,SIZE:400(A) X 410(B) X 280(C)",Support vector (RBF),single
0.1725382204571419,0.1649257724883171,407.37110443310775,1.2684292174618377,1.0,5,3.2,"BOX PANEL,SIZE:400(A) X 410(B) X 280(C)",K-nearest neighbours,single
40.32800473310075,1.244408612610971,105845.16042253216,257.01303840640486,0.6,3,1.0,"BOX PANEL,SIZE:400(A) X 410(B) X 280(C)",Neural net (MLP),single
0.3060428143525086,0.2864336343510213,607.9871689487761,2.127940851043969,1.0,5,3.2,"BOX PANEL,SIZE:400(A) X 410(B) X 280(C)",Bayesian ridge (lags),single
0.2357160623472458,0.2287666610823222,560.8827464491309,1.7471088085693138,1.0,5,3.2,"BOX PANEL,SIZE:400(A) X 410(B) X 280(C)",Gaussian process,single
0.2372808888164177,0.2375123030358047,523.8736168633841,1.745267525493474,1.0,5,3.2,"BOX PANEL,SIZE:400(A) X 410(B) X 280(C)",Ensemble: top-5 mean,ensemble
0.2289694868741338,0.2289015606293784,515.7494248415901,1.6901354348712891,1.0,5,3.2,"BOX PANEL,SIZE:400(A) X 410(B) X 280(C)",Ensemble: inverse-error,ensemble
0.2163456713661903,0.2174342676296519,497.5220288764144,1.603674022069975,1.0,5,3.2,"BOX PANEL,SIZE:400(A) X 410(B) X 280(C)",Ensemble: annealed weights,ensemble
0.2089586719635696,0.212300581817755,478.7889880381707,1.5515910564311646,1.0,5,3.2,"BOX PANEL,SIZE:400(A) X 410(B) X 280(C)",Ensemble: greedy selection,ensemble
0.2764370527895418,0.2603927550084286,577.5851691275444,1.8942148657333968,1.0,6,3.6666666666666665,"STARTER,DOL,OLR RANGE:6.0-9.3A,+/-10%",Naive (last price),single
0.2189200861493196,0.2600885693468084,502.6405759049677,1.646587572958515,1.0,6,3.6666666666666665,"STARTER,DOL,OLR RANGE:6.0-9.3A,+/-10%",Seasonal naive (12m),single
0.2862946642752655,0.2671116618182153,587.5272115801167,1.9473473450264904,1.0,6,3.6666666666666665,"STARTER,DOL,OLR RANGE:6.0-9.3A,+/-10%",Drift,single
0.2311633309233748,0.2321802985974782,491.2387941712445,1.631568288366628,1.0,6,3.6666666666666665,"STARTER,DOL,OLR RANGE:6.0-9.3A,+/-10%",Moving average (auto-k),single
0.2727457768159538,0.2591406203635167,565.6921822668945,1.872422438981708,1.0,6,3.6666666666666665,"STARTER,DOL,OLR RANGE:6.0-9.3A,+/-10%",Simple exp. smoothing,single
0.3881206559878485,0.317621869716665,826.4586038950126,2.523909532274264,1.0,6,3.6666666666666665,"STARTER,DOL,OLR RANGE:6.0-9.3A,+/-10%",Holt trend (damped-auto),single
0.2782955578375948,0.2515517944172942,504.64799212653423,1.8247292556337764,1.0,6,3.6666666666666665,"STARTER,DOL,OLR RANGE:6.0-9.3A,+/-10%",Holt-Winters seasonal,single
0.2577685466340357,0.2500846631229368,536.611677063258,1.785938488583538,1.0,6,3.6666666666666665,"STARTER,DOL,OLR RANGE:6.0-9.3A,+/-10%",Theta method,single
0.2646645411174829,0.3224875814296146,577.7465781433451,1.9690272475997683,1.0,6,3.6666666666666665,"STARTER,DOL,OLR RANGE:6.0-9.3A,+/-10%",Linear trend,single
0.2411050655370806,0.2395557958700915,531.3515194338275,1.711942506103382,1.0,6,3.6666666666666665,"STARTER,DOL,OLR RANGE:6.0-9.3A,+/-10%",Autoregressive (ridge),single
0.1948921624452868,0.2090888892518404,482.5916186162932,1.4543529271897244,1.0,6,3.6666666666666665,"STARTER,DOL,OLR RANGE:6.0-9.3A,+/-10%",Random forest,single
0.2053856392037347,0.2197035131678638,481.1884776118551,1.5188168851182768,1.0,6,3.6666666666666665,"STARTER,DOL,OLR RANGE:6.0-9.3A,+/-10%",Extra trees,single
0.2625862044028933,0.2634264375001032,547.9546619512165,1.846566806443641,1.0,6,3.6666666666666665,"STARTER,DOL,OLR RANGE:6.0-9.3A,+/-10%",Gradient boosting,single
0.1557980980342529,0.1772708599853221,433.0115446336723,1.2284940913359537,1.0,6,3.6666666666666665,"STARTER,DOL,OLR RANGE:6.0-9.3A,+/-10%",Hist gradient boosting,single
0.161754125421695,0.1878470014481319,446.72584371643774,1.2795590274213362,1.0,6,3.6666666666666665,"STARTER,DOL,OLR RANGE:6.0-9.3A,+/-10%",Support vector (RBF),single
0.1844872345489426,0.21256252391132,435.20869176597216,1.368136718790075,1.0,6,3.6666666666666665,"STARTER,DOL,OLR RANGE:6.0-9.3A,+/-10%",K-nearest neighbours,single
32.159390402543096,1.4450373974246202,62963.38856566656,196.9885823191892,0.3333333333333333,2,1.0,"STARTER,DOL,OLR RANGE:6.0-9.3A,+/-10%",Neural net (MLP),single
0.4977040676961284,0.4345357824977023,910.9620568184804,3.1577959711290764,1.0,6,3.6666666666666665,"STARTER,DOL,OLR RANGE:6.0-9.3A,+/-10%",Bayesian ridge (lags),single
0.2137788019807588,0.2447545837729525,509.7206019994705,1.605899127645415,1.0,6,3.6666666666666665,"STARTER,DOL,OLR RANGE:6.0-9.3A,+/-10%",Gaussian process,single
0.2112475281805215,0.2176874335286461,485.6408596911895,1.5295094264652276,1.0,6,3.6666666666666665,"STARTER,DOL,OLR RANGE:6.0-9.3A,+/-10%",Ensemble: top-5 mean,ensemble
0.2204715016899957,0.2242869775798933,497.7681663140805,1.5822328398161734,1.0,6,3.6666666666666665,"STARTER,DOL,OLR RANGE:6.0-9.3A,+/-10%",Ensemble: inverse-error,ensemble
0.1845788856535197,0.2125654552804078,435.13758961667634,1.3686799467903636,1.0,6,3.6666666666666665,"STARTER,DOL,OLR RANGE:6.0-9.3A,+/-10%",Ensemble: annealed weights,ensemble
0.1844872345489426,0.21256252391132,435.20869176597216,1.368136718790075,1.0,6,3.6666666666666665,"STARTER,DOL,OLR RANGE:6.0-9.3A,+/-10%",Ensemble: greedy selection,ensemble
0.0658403727100547,0.0605504603723176,153.34621156063858,0.5294884030771405,1.0,5,4.2,"STARTER,DOL,OLR RANGE:3.8-6.0A,+/-10%",Naive (last price),single
0.1051608978248895,0.1142675320671165,201.2988403440657,0.8316617833107856,1.0,5,4.2,"STARTER,DOL,OLR RANGE:3.8-6.0A,+/-10%",Seasonal naive (12m),single
0.0745331980183392,0.0687126464696237,160.34292703432337,0.5963756761818843,1.0,5,4.2,"STARTER,DOL,OLR RANGE:3.8-6.0A,+/-10%",Drift,single
0.0537694176325921,0.051267195013183,99.05724654235628,0.4215053752452299,1.0,5,4.2,"STARTER,DOL,OLR RANGE:3.8-6.0A,+/-10%",Moving average (auto-k),single
0.0659735928997127,0.0613047019790041,142.56490345009405,0.5283694502385617,1.0,5,4.2,"STARTER,DOL,OLR RANGE:3.8-6.0A,+/-10%",Simple exp. smoothing,single
0.114570714546782,0.1026023912171439,230.18966360269317,0.9134104991137304,1.0,5,4.2,"STARTER,DOL,OLR RANGE:3.8-6.0A,+/-10%",Holt trend (damped-auto),single
0.1404098633358456,0.1250276012471643,258.0356330626312,1.1014126628192895,1.0,5,4.2,"STARTER,DOL,OLR RANGE:3.8-6.0A,+/-10%",Holt-Winters seasonal,single
0.0612187725277144,0.0578118949570003,119.27507100468978,0.4869656075769364,1.0,5,4.2,"STARTER,DOL,OLR RANGE:3.8-6.0A,+/-10%",Theta method,single
0.1723130526135704,0.1915971981950746,253.58783516068004,1.3425771748988424,1.0,5,4.2,"STARTER,DOL,OLR RANGE:3.8-6.0A,+/-10%",Linear trend,single
0.0542323001958764,0.0502814578341381,136.08153085199905,0.4366297246899854,1.0,5,4.2,"STARTER,DOL,OLR RANGE:3.8-6.0A,+/-10%",Autoregressive (ridge),single
0.0511779326629489,0.0505114669059556,76.99422347982473,0.3963930039700871,1.0,5,4.2,"STARTER,DOL,OLR RANGE:3.8-6.0A,+/-10%",Random forest,single
0.040506880694304,0.0403073421187451,68.42293001746714,0.3176596612295794,1.0,5,4.2,"STARTER,DOL,OLR RANGE:3.8-6.0A,+/-10%",Extra trees,single
0.0550800394095139,0.0509904483937735,141.75005551538447,0.4438405938154695,1.0,5,4.2,"STARTER,DOL,OLR RANGE:3.8-6.0A,+/-10%",Gradient boosting,single
0.0277526779471327,0.0284203348961848,56.730013026257566,0.2078998737559776,1.0,5,4.2,"STARTER,DOL,OLR RANGE:3.8-6.0A,+/-10%",Hist gradient boosting,single
0.0881828582075931,0.0945551019490177,150.93814687079842,0.6956838414972747,1.0,5,4.2,"STARTER,DOL,OLR RANGE:3.8-6.0A,+/-10%",Support vector (RBF),single
0.0852315437872207,0.0972471958426089,195.1036462715793,0.6606424885210572,1.0,5,4.2,"STARTER,DOL,OLR RANGE:3.8-6.0A,+/-10%",K-nearest neighbours,single
7572.658536302862,1.999471923390232,10781421.13789047,62153.09490902077,0.2,1,1.0,"STARTER,DOL,OLR RANGE:3.8-6.0A,+/-10%",Neural net (MLP),single
0.2244073043901419,0.2308914970047508,459.0125212942472,1.790474037912106,1.0,5,4.2,"STARTER,DOL,OLR RANGE:3.8-6.0A,+/-10%",Bayesian ridge (lags),single
0.1004017078674845,0.0972379207809102,152.33680292828672,0.7720302671663112,1.0,5,4.2,"STARTER,DOL,OLR RANGE:3.8-6.0A,+/-10%",Gaussian process,single
0.0507041286323793,0.0530171633216645,88.65891843011283,0.3881503293008156,1.0,5,4.2,"STARTER,DOL,OLR RANGE:3.8-6.0A,+/-10%",Ensemble: top-5 mean,ensemble
0.0285088450969492,0.0290885566005871,45.20760306959095,0.2178959788241363,1.0,5,4.2,"STARTER,DOL,OLR RANGE:3.8-6.0A,+/-10%",Ensemble: inverse-error,ensemble
0.0880096459307249,0.0943498510841938,150.5731699343865,0.6942955092777332,1.0,5,4.2,"STARTER,DOL,OLR RANGE:3.8-6.0A,+/-10%",Ensemble: annealed weights,ensemble
0.0881828582075931,0.0945551019490177,150.93814687079842,0.6956838414972747,1.0,5,4.2,"STARTER,DOL,OLR RANGE:3.8-6.0A,+/-10%",Ensemble: greedy selection,ensemble
0.0564880081497712,0.0554104608640502,3.8988780437453943,0.7084466353026998,1.0,5,5.6,"TERMINAL END,TUBULAR,CU,95MM2",Naive (last price),single
0.0591001952168859,0.0564054918260483,4.582578649451447,0.7323483424338361,1.0,5,5.6,"TERMINAL END,TUBULAR,CU,95MM2",Seasonal naive (12m),single
0.0526140456011076,0.0510624192387184,3.833119606447299,0.6570323947487186,1.0,5,5.6,"TERMINAL END,TUBULAR,CU,95MM2",Drift,single
0.0540804214148299,0.0516597959458383,4.408646752661421,0.6709990330691056,1.0,5,5.6,"TERMINAL END,TUBULAR,CU,95MM2",Moving average (auto-k),single
0.0565905180676233,0.0553113076695647,3.953843191603256,0.708705760101055,1.0,5,5.6,"TERMINAL END,TUBULAR,CU,95MM2",Simple exp. smoothing,single
0.0958863865279164,0.097706638779537,7.330043914573485,1.199182087388838,1.0,5,5.6,"TERMINAL END,TUBULAR,CU,95MM2",Holt trend (damped-auto),single
0.04433049935133,0.0425573576278423,3.613429979085715,0.550090422986995,1.0,5,5.6,"TERMINAL END,TUBULAR,CU,95MM2",Holt-Winters seasonal,single
0.0527711944612079,0.0507752449334788,3.996112708674856,0.6568595270269165,1.0,5,5.6,"TERMINAL END,TUBULAR,CU,95MM2",Theta method,single
0.0387892934567355,0.0403439820508967,3.389787951556786,0.5080526106027973,1.0,5,5.6,"TERMINAL END,TUBULAR,CU,95MM2",Linear trend,single
0.0752476058610745,0.0754020532857191,5.277037813834822,0.945934685057228,1.0,5,5.6,"TERMINAL END,TUBULAR,CU,95MM2",Autoregressive (ridge),single
0.0527110891009303,0.0504408195724547,4.071653156913696,0.6557566089956691,1.0,5,5.6,"TERMINAL END,TUBULAR,CU,95MM2",Random forest,single
0.0566474767408604,0.0541490008074258,4.179173346816032,0.7062991985601031,1.0,5,5.6,"TERMINAL END,TUBULAR,CU,95MM2",Extra trees,single
0.0589033484539629,0.0568594207609632,4.154327975723903,0.7386206836535602,1.0,5,5.6,"TERMINAL END,TUBULAR,CU,95MM2",Gradient boosting,single
0.0568597636740818,0.0570184550476428,4.462458852788104,0.7182658004573595,1.0,5,5.6,"TERMINAL END,TUBULAR,CU,95MM2",Hist gradient boosting,single
0.0422588813570188,0.0428428392089562,3.1237887524907197,0.5315255095420501,1.0,5,5.6,"TERMINAL END,TUBULAR,CU,95MM2",Support vector (RBF),single
0.0664364328858193,0.0636535515974575,4.484772171969822,0.8335926528574884,1.0,5,5.6,"TERMINAL END,TUBULAR,CU,95MM2",K-nearest neighbours,single
1.3896605776671775,0.6259415258162735,117.88696303135563,18.356694213066724,0.4,2,1.5,"TERMINAL END,TUBULAR,CU,95MM2",Neural net (MLP),single
0.062293087383935,0.0631650852425908,4.293283024512108,0.7916380850948039,1.0,5,5.6,"TERMINAL END,TUBULAR,CU,95MM2",Bayesian ridge (lags),single
0.0485562477172656,0.0475747674905862,3.391663433525563,0.6242957722528358,1.0,5,5.6,"TERMINAL END,TUBULAR,CU,95MM2",Gaussian process,single
0.0545088375389079,0.0528108701781608,3.956818426974123,0.6804086700496986,1.0,5,5.6,"TERMINAL END,TUBULAR,CU,95MM2",Ensemble: top-5 mean,ensemble
0.0529042980696768,0.0512287791149641,3.961715633989628,0.6585311355946748,1.0,5,5.6,"TERMINAL END,TUBULAR,CU,95MM2",Ensemble: inverse-error,ensemble
0.049641970922692,0.0479732622364669,3.822071876557648,0.6173668441965088,1.0,5,5.6,"TERMINAL END,TUBULAR,CU,95MM2",Ensemble: annealed weights,ensemble
0.0526140456011076,0.0510624192387184,3.833119606447299,0.6570323947487186,1.0,5,5.6,"TERMINAL END,TUBULAR,CU,95MM2",Ensemble: greedy selection,ensemble
0.1117479770929798,0.1155294423932594,0.3825571852677713,0.7655842106773,1.0,4,9.25,"CABLE TIE,TYPE:6/6,DIA:101.6MM",Naive (last price),single
0.1041907375790549,0.1032410571179538,0.2794160215290033,0.690800723231757,1.0,4,9.25,"CABLE TIE,TYPE:6/6,DIA:101.6MM",Seasonal naive (12m),single
0.1111905907764109,0.1167447068675636,0.370172989261211,0.7669976847378948,1.0,4,9.25,"CABLE TIE,TYPE:6/6,DIA:101.6MM",Drift,single
0.1030292742099564,0.1067611309795011,0.3335489000262755,0.7030477883581954,1.0,4,9.25,"CABLE TIE,TYPE:6/6,DIA:101.6MM",Moving average (auto-k),single
0.1161216188341267,0.120084711001412,0.3718586811490357,0.7941789977906917,1.0,4,9.25,"CABLE TIE,TYPE:6/6,DIA:101.6MM",Simple exp. smoothing,single
0.1578494394747618,0.1577065880823163,0.5088851206640672,1.076636506507755,1.0,4,9.25,"CABLE TIE,TYPE:6/6,DIA:101.6MM",Holt trend (damped-auto),single
0.1176608208505772,0.1230890893648889,0.3526703064626971,0.7997658371351766,1.0,4,9.25,"CABLE TIE,TYPE:6/6,DIA:101.6MM",Holt-Winters seasonal,single
0.0924396372021135,0.0971932570705517,0.3383035671204077,0.6371237674407219,1.0,4,9.25,"CABLE TIE,TYPE:6/6,DIA:101.6MM",Theta method,single
0.080736361555171,0.0767833683486063,0.2316618369673811,0.519874626159162,1.0,4,9.25,"CABLE TIE,TYPE:6/6,DIA:101.6MM",Linear trend,single
0.2053439168504732,0.1955904538162194,0.5617555644737068,1.372292974085864,1.0,4,9.25,"CABLE TIE,TYPE:6/6,DIA:101.6MM",Autoregressive (ridge),single
0.0964578577717151,0.0988546376725857,0.3135644746578435,0.6563248470039084,1.0,4,9.25,"CABLE TIE,TYPE:6/6,DIA:101.6MM",Random forest,single
0.1740400916712602,0.1652647604691298,0.5709426513974997,1.177077378266011,1.0,4,9.25,"CABLE TIE,TYPE:6/6,DIA:101.6MM",Extra trees,single
0.2356713959817033,0.2203891384260262,0.6733559968611128,1.5893952121893635,1.0,4,9.25,"CABLE TIE,TYPE:6/6,DIA:101.6MM",Gradient boosting,single
0.2514563954917462,0.2244876844889453,0.7369800947696246,1.6809920192956955,1.0,4,9.25,"CABLE TIE,TYPE:6/6,DIA:101.6MM",Hist gradient boosting,single
0.1616309009857327,0.1566634244278706,0.4698243416456314,1.0886017255660556,1.0,4,9.25,"CABLE TIE,TYPE:6/6,DIA:101.6MM",Support vector (RBF),single
0.1624233312446789,0.1543684930619683,0.5304476801473063,1.09659326284162,1.0,4,9.25,"CABLE TIE,TYPE:6/6,DIA:101.6MM",K-nearest neighbours,single
0.6677904234690396,1.3344589875781283,2.1637235581247305,4.442852722623881,0.75,3,9.333333333333334,"CABLE TIE,TYPE:6/6,DIA:101.6MM",Neural net (MLP),single
0.168544125741053,0.1689087477971749,0.4879700167063909,1.1461370363052048,1.0,4,9.25,"CABLE TIE,TYPE:6/6,DIA:101.6MM",Bayesian ridge (lags),single
0.1721989122554088,0.169535548356152,0.5019460083355172,1.1666480338536562,1.0,4,9.25,"CABLE TIE,TYPE:6/6,DIA:101.6MM",Gaussian process,single
0.1211659024986344,0.1157868478597487,0.3389285297681395,0.8022174136008409,1.0,4,9.25,"CABLE TIE,TYPE:6/6,DIA:101.6MM",Ensemble: top-5 mean,ensemble
0.1281393872885909,0.1240108870650477,0.3584990230815096,0.8553977857680863,1.0,4,9.25,"CABLE TIE,TYPE:6/6,DIA:101.6MM",Ensemble: inverse-error,ensemble
0.07817889824257,0.0755072576087378,0.2121197256773984,0.510096727058059,1.0,4,9.25,"CABLE TIE,TYPE:6/6,DIA:101.6MM",Ensemble: annealed weights,ensemble
0.1624233312446789,0.1543684930619683,0.5304476801473063,1.09659326284162,1.0,4,9.25,"CABLE TIE,TYPE:6/6,DIA:101.6MM",Ensemble: greedy selection,ensemble
0.0464610862314055,0.0482359130681106,127.36483031041128,0.9210068340832924,1.0,5,6.2,"SLING,WEB,POLYESTER,FLAT WOVEN, 8M, 5T",Naive (last price),single
0.0629515587061616,0.0644634975618342,171.2560091323489,1.2313848494916697,1.0,5,6.2,"SLING,WEB,POLYESTER,FLAT WOVEN, 8M, 5T",Seasonal naive (12m),single
0.0487195023764107,0.0506285500149154,131.04712260305018,0.9621311253655448,1.0,5,6.2,"SLING,WEB,POLYESTER,FLAT WOVEN, 8M, 5T",Drift,single
0.0487883569771137,0.0508093807911213,135.1942113331335,0.9687390057242689,1.0,5,6.2,"SLING,WEB,POLYESTER,FLAT WOVEN, 8M, 5T",Moving average (auto-k),single
0.0469154386064327,0.0487265376852904,128.5208771293053,0.929924938718114,1.0,5,6.2,"SLING,WEB,POLYESTER,FLAT WOVEN, 8M, 5T",Simple exp. smoothing,single
0.0485560946453856,0.0501631292265789,120.89329241406814,0.9503566006293386,1.0,5,6.2,"SLING,WEB,POLYESTER,FLAT WOVEN, 8M, 5T",Holt trend (damped-auto),single
0.0605214315413379,0.0627778792778488,141.99113734208996,1.1678770972591594,1.0,5,6.2,"SLING,WEB,POLYESTER,FLAT WOVEN, 8M, 5T",Holt-Winters seasonal,single
0.0452110009254603,0.0469559514406057,126.69399660863454,0.8992813211973696,1.0,5,6.2,"SLING,WEB,POLYESTER,FLAT WOVEN, 8M, 5T",Theta method,single
0.0621234422548409,0.0624373151578878,158.69762977596,1.2001669186856356,1.0,5,6.2,"SLING,WEB,POLYESTER,FLAT WOVEN, 8M, 5T",Linear trend,single
0.0408357464575193,0.0424558918181612,124.2487146807961,0.8228695834388738,1.0,5,6.2,"SLING,WEB,POLYESTER,FLAT WOVEN, 8M, 5T",Autoregressive (ridge),single
0.0470023587243142,0.048706297205577,125.41926580105148,0.9315224779333564,1.0,5,6.2,"SLING,WEB,POLYESTER,FLAT WOVEN, 8M, 5T",Random forest,single
0.0483970155843915,0.050177837698687,128.06681257431387,0.9590768316144463,1.0,5,6.2,"SLING,WEB,POLYESTER,FLAT WOVEN, 8M, 5T",Extra trees,single
0.0394585574956449,0.0409396676072542,118.49872931209516,0.7903150722047123,1.0,5,6.2,"SLING,WEB,POLYESTER,FLAT WOVEN, 8M, 5T",Gradient boosting,single
0.0594064490949503,0.0599444155462324,146.9824628856465,1.1602065057362023,1.0,5,6.2,"SLING,WEB,POLYESTER,FLAT WOVEN, 8M, 5T",Hist gradient boosting,single
0.0452416956429947,0.0468046112586794,129.7025285186927,0.9069314234635728,1.0,5,6.2,"SLING,WEB,POLYESTER,FLAT WOVEN, 8M, 5T",Support vector (RBF),single
0.0557415461707488,0.0582579573738152,152.42089867119415,1.110784391724088,1.0,5,6.2,"SLING,WEB,POLYESTER,FLAT WOVEN, 8M, 5T",K-nearest neighbours,single
0.0314630600887083,0.031965933126077,58.238124224199055,0.5462088636932713,0.2,1,1.0,"SLING,WEB,POLYESTER,FLAT WOVEN, 8M, 5T",Neural net (MLP),single
0.0351004160711079,0.0365417086569477,117.24426474280212,0.7094820922889901,1.0,5,6.2,"SLING,WEB,POLYESTER,FLAT WOVEN, 8M, 5T",Bayesian ridge (lags),single
0.0544581538152788,0.0549291129662944,131.2086879149457,1.0566934880069845,1.0,5,6.2,"SLING,WEB,POLYESTER,FLAT WOVEN, 8M, 5T",Gaussian process,single
0.0470826869786612,0.048744554333269,123.6451724374536,0.9289357220211464,1.0,5,6.2,"SLING,WEB,POLYESTER,FLAT WOVEN, 8M, 5T",Ensemble: top-5 mean,ensemble
0.045740609724333,0.0473748364343033,122.73313840363696,0.9047984494074184,1.0,5,6.2,"SLING,WEB,POLYESTER,FLAT WOVEN, 8M, 5T",Ensemble: inverse-error,ensemble
0.0498034453135785,0.0514560380589969,123.67294568514676,0.974746667396198,1.0,5,6.2,"SLING,WEB,POLYESTER,FLAT WOVEN, 8M, 5T",Ensemble: annealed weights,ensemble
0.0418282553582467,0.043256134187602,115.7875466390182,0.8299193464591644,1.0,5,6.2,"SLING,WEB,POLYESTER,FLAT WOVEN, 8M, 5T",Ensemble: greedy selection,ensemble
0.1913127113028118,0.188459943933734,168.95808896783984,2.8321020945094797,1.0,5,6.0,"SLING,WEB,POLYESTER,FLAT WOVEN, 5M, 3T",Naive (last price),single
0.1067039589115,0.0987690175885024,98.17805358985122,1.501455588744324,1.0,5,6.0,"SLING,WEB,POLYESTER,FLAT WOVEN, 5M, 3T",Seasonal naive (12m),single
0.1922545550527239,0.1892796426725702,169.72643081461936,2.8442368787920294,1.0,5,6.0,"SLING,WEB,POLYESTER,FLAT WOVEN, 5M, 3T",Drift,single
0.15874681969069,0.1500563773470286,140.7753420915219,2.309997398638634,1.0,5,6.0,"SLING,WEB,POLYESTER,FLAT WOVEN, 5M, 3T",Moving average (auto-k),single
0.1963937785322709,0.1940081720368522,171.05263388417822,2.9358043825672797,1.0,5,6.0,"SLING,WEB,POLYESTER,FLAT WOVEN, 5M, 3T",Simple exp. smoothing,single
0.2746598812180403,0.2935855859239257,236.62729326931768,4.258903869955175,1.0,5,6.0,"SLING,WEB,POLYESTER,FLAT WOVEN, 5M, 3T",Holt trend (damped-auto),single
0.2341734919766981,0.225375422423174,187.65442090898028,3.554882444958661,1.0,5,6.0,"SLING,WEB,POLYESTER,FLAT WOVEN, 5M, 3T",Holt-Winters seasonal,single
0.1814713360374957,0.175955040043285,159.2465178095296,2.683240374788949,1.0,5,6.0,"SLING,WEB,POLYESTER,FLAT WOVEN, 5M, 3T",Theta method,single
0.1181191378110689,0.1025555344813241,124.4803528110842,1.5737597776701016,1.0,5,6.0,"SLING,WEB,POLYESTER,FLAT WOVEN, 5M, 3T",Linear trend,single
0.179582902721727,0.1754475192755653,157.60770036990186,2.6648610463813838,1.0,5,6.0,"SLING,WEB,POLYESTER,FLAT WOVEN, 5M, 3T",Autoregressive (ridge),single
0.1621780336660494,0.1534914859480705,146.5048152916176,2.3447702082611923,1.0,5,6.0,"SLING,WEB,POLYESTER,FLAT WOVEN, 5M, 3T",Random forest,single
0.1588241122026056,0.1494123518299336,144.33605725535858,2.2861931891022294,1.0,5,6.0,"SLING,WEB,POLYESTER,FLAT WOVEN, 5M, 3T",Extra trees,single
0.1753353981230261,0.1689945984926965,161.21462919660638,2.565101099628832,1.0,5,6.0,"SLING,WEB,POLYESTER,FLAT WOVEN, 5M, 3T",Gradient boosting,single
0.1625029970983167,0.1499670810343215,151.5265604604732,2.304075746429834,1.0,5,6.0,"SLING,WEB,POLYESTER,FLAT WOVEN, 5M, 3T",Hist gradient boosting,single
0.1655273035450535,0.1495556876963775,147.50376977063112,2.345069936227905,1.0,5,6.0,"SLING,WEB,POLYESTER,FLAT WOVEN, 5M, 3T",Support vector (RBF),single
0.1482018270358344,0.1347565346453592,139.93787768934493,2.075959805411824,1.0,5,6.0,"SLING,WEB,POLYESTER,FLAT WOVEN, 5M, 3T",K-nearest neighbours,single
6323.264927463537,1.1524104645221485,5356373.257270611,74885.01056285288,0.4,2,1.5,"SLING,WEB,POLYESTER,FLAT WOVEN, 5M, 3T",Neural net (MLP),single
0.2804357077481589,0.2552890190473801,281.5218993503144,4.445269748972801,1.0,5,6.0,"SLING,WEB,POLYESTER,FLAT WOVEN, 5M, 3T",Bayesian ridge (lags),single
0.142819103796827,0.1296268819072681,130.8124933234817,2.012057607728394,1.0,5,6.0,"SLING,WEB,POLYESTER,FLAT WOVEN, 5M, 3T",Gaussian process,single
0.161982703941975,0.1509857443626593,145.6165576569243,2.326075969131917,1.0,5,6.0,"SLING,WEB,POLYESTER,FLAT WOVEN, 5M, 3T",Ensemble: top-5 mean,ensemble
0.1541187420814048,0.1427106042558501,141.48381232063903,2.1930530908664165,1.0,5,6.0,"SLING,WEB,POLYESTER,FLAT WOVEN, 5M, 3T",Ensemble: inverse-error,ensemble
0.149246301333639,0.135944106699074,134.91606409740783,2.110052116279557,1.0,5,6.0,"SLING,WEB,POLYESTER,FLAT WOVEN, 5M, 3T",Ensemble: annealed weights,ensemble
0.1493804015639903,0.135848152535837,135.3461195992686,2.109396987295542,1.0,5,6.0,"SLING,WEB,POLYESTER,FLAT WOVEN, 5M, 3T",Ensemble: greedy selection,ensemble
0.4789922458842771,0.4138835452549867,76.44743193855498,3.618396619160567,1.0,4,9.0,"SWITCH,SOCKET,FUSE&INDICATOR,6&16A",Naive (last price),single
0.4403954791850317,0.4096601454435952,68.00438555736018,3.46550200015357,1.0,4,9.0,"SWITCH,SOCKET,FUSE&INDICATOR,6&16A",Seasonal naive (12m),single
0.4916002725945604,0.4301542010634719,79.07289361747294,3.7417527632560494,1.0,4,9.0,"SWITCH,SOCKET,FUSE&INDICATOR,6&16A",Drift,single
0.3537685721299768,0.2556956755116343,56.07305039468999,2.283912561717329,1.0,4,9.0,"SWITCH,SOCKET,FUSE&INDICATOR,6&16A",Moving average (auto-k),single
0.384872777969129,0.2818369671585211,59.72498374563863,2.575166399907654,1.0,4,9.0,"SWITCH,SOCKET,FUSE&INDICATOR,6&16A",Simple exp. smoothing,single
0.4094547311157787,0.3004183523736642,62.39480918380074,2.7687224513821027,1.0,4,9.0,"SWITCH,SOCKET,FUSE&INDICATOR,6&16A",Holt trend (damped-auto),single
0.3937869360835664,0.286467419469642,61.499289668764575,2.643243824085129,1.0,4,9.0,"SWITCH,SOCKET,FUSE&INDICATOR,6&16A",Holt-Winters seasonal,single
0.382172990348722,0.2802076011649377,58.91498952588312,2.547356610605859,1.0,4,9.0,"SWITCH,SOCKET,FUSE&INDICATOR,6&16A",Theta method,single
0.2297889578675505,0.2018489192847504,35.9691182708717,1.6688568879461505,1.0,4,9.0,"SWITCH,SOCKET,FUSE&INDICATOR,6&16A",Linear trend,single
0.3797076971900533,0.2961123730717589,61.76894218423604,2.6423505083658902,1.0,4,9.0,"SWITCH,SOCKET,FUSE&INDICATOR,6&16A",Autoregressive (ridge),single
0.3608833406136342,0.2735716064251362,55.90766485858055,2.437650826303501,1.0,4,9.0,"SWITCH,SOCKET,FUSE&INDICATOR,6&16A",Random forest,single
0.39704698672459,0.2982355000699804,59.42030476481388,2.710464310314168,1.0,4,9.0,"SWITCH,SOCKET,FUSE&INDICATOR,6&16A",Extra trees,single
0.3588942920111875,0.2760661820660894,61.00203651769635,2.462605792220148,1.0,4,9.0,"SWITCH,SOCKET,FUSE&INDICATOR,6&16A",Gradient boosting,single
0.3510115173650491,0.2692552446014947,52.393752460390296,2.3751706615239807,1.0,4,9.0,"SWITCH,SOCKET,FUSE&INDICATOR,6&16A",Hist gradient boosting,single
0.4188884870314579,0.3357056207416921,64.90342823206522,3.0311440513921784,1.0,4,9.0,"SWITCH,SOCKET,FUSE&INDICATOR,6&16A",Support vector (RBF),single
0.4350601158252196,0.3686145197381092,66.8035551555455,3.230992422835505,1.0,4,9.0,"SWITCH,SOCKET,FUSE&INDICATOR,6&16A",K-nearest neighbours,single
14.564460761595743,1.7585191538939864,1444.0662845122188,81.80999783502072,0.25,1,1.0,"SWITCH,SOCKET,FUSE&INDICATOR,6&16A",Neural net (MLP),single
168.6508733785035,0.8602820590152198,66235.38307531943,1879.992652100548,1.0,4,9.0,"SWITCH,SOCKET,FUSE&INDICATOR,6&16A",Bayesian ridge (lags),single
0.4220393801976017,0.3235653892340967,64.87297387873943,2.9644776993200472,1.0,4,9.0,"SWITCH,SOCKET,FUSE&INDICATOR,6&16A",Gaussian process,single
0.4064969079913743,0.3106295985007831,62.187019688807126,2.836026481281821,1.0,4,9.0,"SWITCH,SOCKET,FUSE&INDICATOR,6&16A",Ensemble: top-5 mean,ensemble
0.3905383016024426,0.2945466331003359,60.19385649344284,2.6776756306238787,1.0,4,9.0,"SWITCH,SOCKET,FUSE&INDICATOR,6&16A",Ensemble: inverse-error,ensemble
0.3759242831916685,0.2771873739628833,58.73623677509908,2.524442771191684,1.0,4,9.0,"SWITCH,SOCKET,FUSE&INDICATOR,6&16A",Ensemble: annealed weights,ensemble
0.3747734794059346,0.2755787728457191,58.72955847934887,2.510952622054248,1.0,4,9.0,"SWITCH,SOCKET,FUSE&INDICATOR,6&16A",Ensemble: greedy selection,ensemble
0.5921202942706565,0.5977056431134901,255.75187384455276,2.2138187834253875,1.0,4,24.25,"MCB,415VAC,20A,2P,10KA,MTG:DIN RAIL",Naive (last price),single
0.4245687656825943,0.4806552907991362,236.0993029182916,1.7893920711501692,1.0,4,24.25,"MCB,415VAC,20A,2P,10KA,MTG:DIN RAIL",Seasonal naive (12m),single
0.7289343820046756,0.7515818925972415,308.4455933616559,2.7028615154263878,1.0,4,24.25,"MCB,415VAC,20A,2P,10KA,MTG:DIN RAIL",Drift,single
0.4908957344639001,0.5308313005915786,245.5436398395536,2.032814698894715,1.0,4,24.25,"MCB,415VAC,20A,2P,10KA,MTG:DIN RAIL",Moving average (auto-k),single
0.5058214176729181,0.549527826207113,248.97805996198704,2.070214858946112,1.0,4,24.25,"MCB,415VAC,20A,2P,10KA,MTG:DIN RAIL",Simple exp. smoothing,single
0.4666673336105895,0.6808602585304815,317.24713705690647,2.2926625176547257,1.0,4,24.25,"MCB,415VAC,20A,2P,10KA,MTG:DIN RAIL",Holt trend (damped-auto),single
0.5958672596706109,0.8183527526897957,362.2639278978373,2.9455991770907586,0.75,3,29.33333333333333,"MCB,415VAC,20A,2P,10KA,MTG:DIN RAIL",Holt-Winters seasonal,single
0.5244741110555272,0.6264399121564815,287.671946666538,2.295553224985076,1.0,4,24.25,"MCB,415VAC,20A,2P,10KA,MTG:DIN RAIL",Theta method,single
0.4678339362331767,0.6162640666015589,293.8319128117248,2.106957947159545,1.0,4,24.25,"MCB,415VAC,20A,2P,10KA,MTG:DIN RAIL",Linear trend,single
0.5066617064509531,0.6047658975893576,273.838485568729,2.161889478296844,1.0,4,24.25,"MCB,415VAC,20A,2P,10KA,MTG:DIN RAIL",Autoregressive (ridge),single
0.4856402203129164,0.5651657978251518,274.3365502745254,2.381046591731011,0.75,3,29.33333333333333,"MCB,415VAC,20A,2P,10KA,MTG:DIN RAIL",Random forest,single
0.5232684452112636,0.5961147019556028,285.48972565492943,2.527866868391772,0.75,3,29.33333333333333,"MCB,415VAC,20A,2P,10KA,MTG:DIN RAIL",Extra trees,single
0.5073444607347378,0.5935798311392207,283.55525624039973,2.494887514384206,0.75,3,29.33333333333333,"MCB,415VAC,20A,2P,10KA,MTG:DIN RAIL",Gradient boosting,single
0.4223529140818151,0.4606094651467833,242.40736447948908,1.9985182239632184,0.75,3,29.33333333333333,"MCB,415VAC,20A,2P,10KA,MTG:DIN RAIL",Hist gradient boosting,single
0.4234739485025362,0.4572587586333876,236.80388100088123,2.005469260848718,0.75,3,29.33333333333333,"MCB,415VAC,20A,2P,10KA,MTG:DIN RAIL",Support vector (RBF),single
0.4594242410781806,0.5365570005459925,269.0865223896035,2.237448717517569,0.75,3,29.33333333333333,"MCB,415VAC,20A,2P,10KA,MTG:DIN RAIL",K-nearest neighbours,single
2.9699389346985118e+178,2.0,inf,1.488976249194571e+179,0.25,1,5.0,"MCB,415VAC,20A,2P,10KA,MTG:DIN RAIL",Neural net (MLP),single
0.7421543534589854,0.8245161980615281,369.2463686952706,3.494407760539925,0.75,3,29.33333333333333,"MCB,415VAC,20A,2P,10KA,MTG:DIN RAIL",Bayesian ridge (lags),single
0.4611522919539733,0.5056866350741369,248.2832299977153,2.3013588280807813,0.75,3,29.33333333333333,"MCB,415VAC,20A,2P,10KA,MTG:DIN RAIL",Gaussian process,single
0.4906860354892869,0.5765259685583628,267.15477139323934,2.091115295062382,1.0,4,24.25,"MCB,415VAC,20A,2P,10KA,MTG:DIN RAIL",Ensemble: top-5 mean,ensemble
0.5204139490860061,0.6083772158855548,274.3135166622145,2.179290656940529,1.0,4,24.25,"MCB,415VAC,20A,2P,10KA,MTG:DIN RAIL",Ensemble: inverse-error,ensemble
0.46770736106657,0.6159691364343132,293.75340289462014,2.1057578025742085,1.0,4,24.25,"MCB,415VAC,20A,2P,10KA,MTG:DIN RAIL",Ensemble: annealed weights,ensemble
0.4678339362331767,0.6162640666015589,293.8319128117248,2.106957947159545,1.0,4,24.25,"MCB,415VAC,20A,2P,10KA,MTG:DIN RAIL",Ensemble: greedy selection,ensemble
0.0407783638780328,0.0406879650823037,11.50344296286988,0.6660187162236066,1.0,4,2.5,"MCB,415VAC,20A,2P,10KA",Naive (last price),single
0.060322232272724,0.0615759136668961,17.022221488722472,0.9909875486948388,1.0,4,2.5,"MCB,415VAC,20A,2P,10KA",Seasonal naive (12m),single
0.0412047381339788,0.0411072006567789,11.622974990673324,0.6729330337117163,1.0,4,2.5,"MCB,415VAC,20A,2P,10KA",Drift,single
0.0202943480070974,0.020150556737299,6.613930395916755,0.3303375597759317,1.0,4,2.5,"MCB,415VAC,20A,2P,10KA",Moving average (auto-k),single
0.0384325962428957,0.0383249239974948,10.91766223261527,0.6275819948132051,1.0,4,2.5,"MCB,415VAC,20A,2P,10KA",Simple exp. smoothing,single
0.0368775269118903,0.0367332781784321,10.563349809775838,0.6018784563037635,1.0,4,2.5,"MCB,415VAC,20A,2P,10KA",Holt trend (damped-auto),single
0.026610022379217,0.0263407832762574,7.457887189159767,0.4306356746428307,1.0,4,2.5,"MCB,415VAC,20A,2P,10KA",Holt-Winters seasonal,single
0.0328742257802003,0.0327814540329757,9.532317630511256,0.5369415026133056,1.0,4,2.5,"MCB,415VAC,20A,2P,10KA",Theta method,single
0.0786719568407834,0.0822899026532964,22.283144271937804,1.2935005142870009,1.0,4,2.5,"MCB,415VAC,20A,2P,10KA",Linear trend,single
0.0289216556760373,0.0290259346862669,8.859474625077617,0.4748825972936601,1.0,4,2.5,"MCB,415VAC,20A,2P,10KA",Autoregressive (ridge),single
0.0373540240854142,0.0370943845023202,10.780770981734394,0.6086339452579689,1.0,4,2.5,"MCB,415VAC,20A,2P,10KA",Random forest,single
0.0345413317360134,0.0342886539795996,9.836889299569968,0.562238815047825,1.0,4,2.5,"MCB,415VAC,20A,2P,10KA",Extra trees,single
0.0305341441738152,0.0300782027701769,9.12652070638813,0.4937806415245598,1.0,4,2.5,"MCB,415VAC,20A,2P,10KA",Gradient boosting,single
0.0503052505152284,0.0501914088670399,14.078947151067078,0.821854918159652,1.0,4,2.5,"MCB,415VAC,20A,2P,10KA",Hist gradient boosting,single
0.0438844361621065,0.043310076828683,12.536819055360398,0.7138824192309572,1.0,4,2.5,"MCB,415VAC,20A,2P,10KA",Support vector (RBF),single
0.0377109653894287,0.0379920465759024,11.713192800248487,0.6193028677265494,1.0,4,2.5,"MCB,415VAC,20A,2P,10KA",K-nearest neighbours,single
6.4419349857938325e+53,1.9880348311718103,2.8845037776893204e+56,1.0279582438206325e+55,0.75,3,2.333333333333333,"MCB,415VAC,20A,2P,10KA",Neural net (MLP),single
0.0669919923819823,0.0684006626917292,19.15423583579692,1.1017606645924771,1.0,4,2.5,"MCB,415VAC,20A,2P,10KA",Bayesian ridge (lags),single
0.029822598801021,0.0296804741919746,10.078458999749714,0.4873755426535365,1.0,4,2.5,"MCB,415VAC,20A,2P,10KA",Gaussian process,single
0.0402510185887901,0.0400884039877584,11.077718006561026,0.6564338608865472,1.0,4,2.5,"MCB,415VAC,20A,2P,10KA",Ensemble: top-5 mean,ensemble
0.0380598578626065,0.0378535436809196,10.759660460143378,0.6204115944755694,1.0,4,2.5,"MCB,415VAC,20A,2P,10KA",Ensemble: inverse-error,ensemble
0.0451413161106305,0.0448483935367347,13.135742308087687,0.7363669216835953,1.0,4,2.5,"MCB,415VAC,20A,2P,10KA",Ensemble: annealed weights,ensemble
0.0415645948100928,0.0413550127710926,12.07848469553075,0.6781106300710531,1.0,4,2.5,"MCB,415VAC,20A,2P,10KA",Ensemble: greedy selection,ensemble
0.2612159386280294,0.2569111065928799,9.52230758097357,2.5591336976661854,1.0,6,4.5,"TERMINAL END,TUBULAR,CU,50MM2",Naive (last price),single
0.1347673123316155,0.1408356019354112,5.177430662130615,1.3740209602113496,1.0,6,4.5,"TERMINAL END,TUBULAR,CU,50MM2",Seasonal naive (12m),single
0.2732071430033561,0.2635595842712158,9.797335863653204,2.6486378469043506,1.0,6,4.5,"TERMINAL END,TUBULAR,CU,50MM2",Drift,single
0.2092863519483172,0.2143826386315451,7.5409645691385245,2.092438596924331,1.0,6,4.5,"TERMINAL END,TUBULAR,CU,50MM2",Moving average (auto-k),single
0.2583139915577061,0.2548953977701974,9.32385452593964,2.5307549751376377,1.0,6,4.5,"TERMINAL END,TUBULAR,CU,50MM2",Simple exp. smoothing,single
0.360316506533603,0.3428225255937958,12.551562682043707,3.454452229002818,1.0,6,4.5,"TERMINAL END,TUBULAR,CU,50MM2",Holt trend (damped-auto),single
0.2774235912301128,0.2590915138561698,9.549536556563575,2.636083042976125,1.0,6,4.5,"TERMINAL END,TUBULAR,CU,50MM2",Holt-Winters seasonal,single
0.2533081829827839,0.2496352771296967,8.807410792271838,2.4681263195809557,1.0,6,4.5,"TERMINAL END,TUBULAR,CU,50MM2",Theta method,single
0.1500925117101818,0.160275588258909,6.134244362123924,1.5671622318333265,1.0,6,4.5,"TERMINAL END,TUBULAR,CU,50MM2",Linear trend,single
0.2307204643468522,0.2418913654034818,8.998437036262988,2.343306998837858,1.0,6,4.5,"TERMINAL END,TUBULAR,CU,50MM2",Autoregressive (ridge),single
0.186809577605472,0.1948292716300972,7.241520842350325,1.893596640308984,1.0,6,4.5,"TERMINAL END,TUBULAR,CU,50MM2",Random forest,single
0.1547982590058519,0.1674756967514551,6.483100880626319,1.624200381744625,1.0,6,4.5,"TERMINAL END,TUBULAR,CU,50MM2",Extra trees,single
0.1873025339177994,0.1957981110364839,7.154625795220427,1.8980937557097772,1.0,6,4.5,"TERMINAL END,TUBULAR,CU,50MM2",Gradient boosting,single
0.1734068274342141,0.1876890519746007,7.224900988026834,1.7990330962260783,1.0,6,4.5,"TERMINAL END,TUBULAR,CU,50MM2",Hist gradient boosting,single
0.1433026974527566,0.1504146371663964,5.603443570195775,1.4694081070271798,1.0,6,4.5,"TERMINAL END,TUBULAR,CU,50MM2",Support vector (RBF),single
0.1317161949844852,0.141562151168209,5.745162452369442,1.395613968522887,1.0,6,4.5,"TERMINAL END,TUBULAR,CU,50MM2",K-nearest neighbours,single
3.1203068152255584e+291,1.595642569571926,inf,2.673312121306036e+292,0.6666666666666666,4,3.0,"TERMINAL END,TUBULAR,CU,50MM2",Neural net (MLP),single
0.2290493439062537,0.2232207919313151,7.483374325678123,2.193727608163279,1.0,6,4.5,"TERMINAL END,TUBULAR,CU,50MM2",Bayesian ridge (lags),single
0.1270052352906061,0.1375099797397142,5.847513105581085,1.364382287636274,1.0,6,4.5,"TERMINAL END,TUBULAR,CU,50MM2",Gaussian process,single
0.2231793824301073,0.2276014064153424,8.24193441009176,2.223707002720864,1.0,6,4.5,"TERMINAL END,TUBULAR,CU,50MM2",Ensemble: top-5 mean,ensemble
0.2246609884656919,0.228837038980677,8.242861018116557,2.2356414050780704,1.0,6,4.5,"TERMINAL END,TUBULAR,CU,50MM2",Ensemble: inverse-error,ensemble
0.1669925828027298,0.1790694422680348,6.728933060307459,1.7319348543463051,1.0,6,4.5,"TERMINAL END,TUBULAR,CU,50MM2",Ensemble: annealed weights,ensemble
0.1547982590058519,0.1674756967514551,6.483100880626319,1.624200381744625,1.0,6,4.5,"TERMINAL END,TUBULAR,CU,50MM2",Ensemble: greedy selection,ensemble
0.147660295518069,0.1480107697397745,76.75606736637184,2.2794185942436944,1.0,5,6.0,"SLING,WEB,POLYESTER,FLAT WOVEN, 4M, 2T",Naive (last price),single
0.0777231095164724,0.0770981321406083,39.93668947208478,1.1952013542648063,1.0,5,6.0,"SLING,WEB,POLYESTER,FLAT WOVEN, 4M, 2T",Seasonal naive (12m),single
0.1458470173591051,0.1456635191236592,76.69478313287978,2.2432168532396592,1.0,5,6.0,"SLING,WEB,POLYESTER,FLAT WOVEN, 4M, 2T",Drift,single
0.1238044470897855,0.1219944345117873,64.9679138080102,1.9009141660714093,1.0,5,6.0,"SLING,WEB,POLYESTER,FLAT WOVEN, 4M, 2T",Moving average (auto-k),single
0.155620603353908,0.1567744729752385,78.29422323273248,2.4253883167314747,1.0,5,6.0,"SLING,WEB,POLYESTER,FLAT WOVEN, 4M, 2T",Simple exp. smoothing,single
0.1851471727345559,0.1894205891209798,92.85381504196432,2.900511634955207,1.0,5,6.0,"SLING,WEB,POLYESTER,FLAT WOVEN, 4M, 2T",Holt trend (damped-auto),single
0.1661043568284404,0.1623270175946126,79.85330391084251,2.5720363483963435,1.0,5,6.0,"SLING,WEB,POLYESTER,FLAT WOVEN, 4M, 2T",Holt-Winters seasonal,single
0.1434416051422705,0.1427700575471739,72.35445752009213,2.2205529353267366,1.0,5,6.0,"SLING,WEB,POLYESTER,FLAT WOVEN, 4M, 2T",Theta method,single
0.0809863370364594,0.0779992746724702,45.27255502319085,1.2136902777424594,1.0,5,6.0,"SLING,WEB,POLYESTER,FLAT WOVEN, 4M, 2T",Linear trend,single
0.1489886981706669,0.1519432678511643,76.72966965204299,2.338663483580496,1.0,5,6.0,"SLING,WEB,POLYESTER,FLAT WOVEN, 4M, 2T",Autoregressive (ridge),single
0.1358610993477769,0.1382728204184274,71.48058930576103,2.1301160765775697,1.0,5,6.0,"SLING,WEB,POLYESTER,FLAT WOVEN, 4M, 2T",Random forest,single
0.1265512724152053,0.1295448678800748,67.51237067710602,1.994195782465976,1.0,5,6.0,"SLING,WEB,POLYESTER,FLAT WOVEN, 4M, 2T",Extra trees,single
0.1258635119349655,0.127298815970602,67.33244620452541,1.9594244069874,1.0,5,6.0,"SLING,WEB,POLYESTER,FLAT WOVEN, 4M, 2T",Gradient boosting,single
0.1285094074970919,0.1316441821504421,68.12911809253134,2.017022408236253,1.0,5,6.0,"SLING,WEB,POLYESTER,FLAT WOVEN, 4M, 2T",Hist gradient boosting,single
0.1252091983237956,0.1269588711996001,65.19411063590478,1.960269425595108,1.0,5,6.0,"SLING,WEB,POLYESTER,FLAT WOVEN, 4M, 2T",Support vector (RBF),single
0.1463826569955016,0.1508305594957603,71.97961878259895,2.3265049320484383,1.0,5,6.0,"SLING,WEB,POLYESTER,FLAT WOVEN, 4M, 2T",K-nearest neighbours,single
3.404019256290799e+122,1.7828563526841428,1.8774639775419942e+125,4.4726719744745114e+123,0.4,2,1.5,"SLING,WEB,POLYESTER,FLAT WOVEN, 4M, 2T",Neural net (MLP),single
0.133348896141605,0.1318087118375348,72.46753126511675,2.0748029646763397,1.0,5,6.0,"SLING,WEB,POLYESTER,FLAT WOVEN, 4M, 2T",Bayesian ridge (lags),single
0.1368946683267263,0.1363044117962613,67.59351731977362,2.125150569077313,1.0,5,6.0,"SLING,WEB,POLYESTER,FLAT WOVEN, 4M, 2T",Gaussian process,single
0.1111702018468812,0.1107108322478797,57.81475617682326,1.7205331150665624,1.0,5,6.0,"SLING,WEB,POLYESTER,FLAT WOVEN, 4M, 2T",Ensemble: top-5 mean,ensemble
0.1189446603082648,0.1189768585842948,62.35118351733287,1.843549495682949,1.0,5,6.0,"SLING,WEB,POLYESTER,FLAT WOVEN, 4M, 2T",Ensemble: inverse-error,ensemble
0.0954205238500621,0.0949354578355748,48.45503588216409,1.4746962810362203,1.0,5,6.0,"SLING,WEB,POLYESTER,FLAT WOVEN, 4M, 2T",Ensemble: annealed weights,ensemble
0.1133559038435697,0.1139429395677139,57.97883512705993,1.7669324189226512,1.0,5,6.0,"SLING,WEB,POLYESTER,FLAT WOVEN, 4M, 2T",Ensemble: greedy selection,ensemble
0.0805847257355878,0.0791796109362405,22.079402165819623,0.7196052451226759,1.0,4,2.5,"MCB,415VAC,16A,2P,10KA",Naive (last price),single
0.0725688943102648,0.0687341225854121,23.16047633482835,0.6256409334148667,1.0,4,2.5,"MCB,415VAC,16A,2P,10KA",Seasonal naive (12m),single
0.0809331426641168,0.0795268992341769,22.158694740604915,0.7226444566438726,1.0,4,2.5,"MCB,415VAC,16A,2P,10KA",Drift,single
0.0677894907970415,0.0662492437246707,20.43217247242178,0.6003550796562956,1.0,4,2.5,"MCB,415VAC,16A,2P,10KA",Moving average (auto-k),single
0.0912688799290668,0.0887360671148622,24.772663025221465,0.8060184477713135,1.0,4,2.5,"MCB,415VAC,16A,2P,10KA",Simple exp. smoothing,single
0.0933018778378557,0.0915131195926038,24.85671805179012,0.8278104745091975,1.0,4,2.5,"MCB,415VAC,16A,2P,10KA",Holt trend (damped-auto),single
0.067501347058815,0.0681361612526124,19.8195291941646,0.6121240099870534,1.0,4,2.5,"MCB,415VAC,16A,2P,10KA",Holt-Winters seasonal,single
0.0863767530228734,0.0840209592883262,23.58308545020392,0.762080008425983,1.0,4,2.5,"MCB,415VAC,16A,2P,10KA",Theta method,single
0.103691843333378,0.0971075413067359,29.5119556007431,0.8880371316892647,1.0,4,2.5,"MCB,415VAC,16A,2P,10KA",Linear trend,single
0.0691404801304405,0.0676237791463285,19.814661674681453,0.6091898899008031,1.0,4,2.5,"MCB,415VAC,16A,2P,10KA",Autoregressive (ridge),single
0.0939921759059852,0.0903031798166478,26.09833149874849,0.8223499541935582,1.0,4,2.5,"MCB,415VAC,16A,2P,10KA",Random forest,single
0.0944079056511556,0.0916872468219101,25.82724061415871,0.8312162124242236,1.0,4,2.5,"MCB,415VAC,16A,2P,10KA",Extra trees,single
0.0958391310611296,0.0929462386786391,26.18694239778017,0.8472596043046204,1.0,4,2.5,"MCB,415VAC,16A,2P,10KA",Gradient boosting,single
0.1201836211170686,0.1159516137928692,32.44574894659871,1.0591262488991502,1.0,4,2.5,"MCB,415VAC,16A,2P,10KA",Hist gradient boosting,single
0.0952474769676043,0.0916952828497533,27.41906592815509,0.8414932364484372,1.0,4,2.5,"MCB,415VAC,16A,2P,10KA",Support vector (RBF),single
0.0727996952534448,0.0694487940194869,21.79677952364525,0.6305087148770647,1.0,4,2.5,"MCB,415VAC,16A,2P,10KA",K-nearest neighbours,single
8.036954410757658e+33,1.5741795407059125,4.036919879304098e+36,7.986647710190156e+34,0.75,3,1.6666666666666667,"MCB,415VAC,16A,2P,10KA",Neural net (MLP),single
0.0669938070241351,0.0666515464027899,23.129402222553605,0.6195985726658569,1.0,4,2.5,"MCB,415VAC,16A,2P,10KA",Bayesian ridge (lags),single
0.0973998354407799,0.093630815040373,25.852298641971185,0.8557592289266298,1.0,4,2.5,"MCB,415VAC,16A,2P,10KA",Gaussian process,single
0.0742816235895435,0.072512467402404,21.15131618205253,0.6557052250766485,1.0,4,2.5,"MCB,415VAC,16A,2P,10KA",Ensemble: top-5 mean,ensemble
0.0745490113130979,0.0720868772904257,21.899493463421177,0.6552738048758618,1.0,4,2.5,"MCB,415VAC,16A,2P,10KA",Ensemble: inverse-error,ensemble
0.0714050237363495,0.0684721843438493,21.59279301406041,0.620897653359227,1.0,4,2.5,"MCB,415VAC,16A,2P,10KA",Ensemble: annealed weights,ensemble
0.079777626471448,0.0757312534028728,23.72886441847505,0.6879776139598416,1.0,4,2.5,"MCB,415VAC,16A,2P,10KA",Ensemble: greedy selection,ensemble
0.1764219718738465,0.1783650386045096,101.21076276760292,1.4555897777407802,1.0,5,3.6,"BOX PANEL,SIZE:175(A) X 175(B) X 100(C)",Naive (last price),single
0.1081796656283125,0.1122670241205304,64.50383843954785,0.9351675809482624,1.0,5,3.6,"BOX PANEL,SIZE:175(A) X 175(B) X 100(C)",Seasonal naive (12m),single
0.1731619781607843,0.1748680248669269,101.15397396057269,1.4229189194609115,1.0,5,3.6,"BOX PANEL,SIZE:175(A) X 175(B) X 100(C)",Drift,single
0.1759998152741554,0.1759360411223952,92.92081051338292,1.4736151500007948,1.0,5,3.6,"BOX PANEL,SIZE:175(A) X 175(B) X 100(C)",Moving average (auto-k),single
0.1913201678984212,0.1939163222237584,103.46886316333948,1.602583540135488,1.0,5,3.6,"BOX PANEL,SIZE:175(A) X 175(B) X 100(C)",Simple exp. smoothing,single
0.1832097655646064,0.1848489607133849,103.8758595817154,1.5131393299825595,1.0,5,3.6,"BOX PANEL,SIZE:175(A) X 175(B) X 100(C)",Holt trend (damped-auto),single
0.1920076209328567,0.1940677537985954,100.364140436895,1.6070889650086382,1.0,5,3.6,"BOX PANEL,SIZE:175(A) X 175(B) X 100(C)",Holt-Winters seasonal,single
0.1772172889195301,0.1769055997359145,94.36363203297635,1.4729038182975034,1.0,5,3.6,"BOX PANEL,SIZE:175(A) X 175(B) X 100(C)",Theta method,single
0.0987013644045138,0.0942055430432636,59.29829134364148,0.7945358090464658,1.0,5,3.6,"BOX PANEL,SIZE:175(A) X 175(B) X 100(C)",Linear trend,single
0.1803952345599605,0.1828598820991708,99.59481367406548,1.5125449375568758,1.0,5,3.6,"BOX PANEL,SIZE:175(A) X 175(B) X 100(C)",Autoregressive (ridge),single
0.1862089012074844,0.1878965941165328,100.62255010140773,1.5623150702637505,1.0,5,3.6,"BOX PANEL,SIZE:175(A) X 175(B) X 100(C)",Random forest,single
0.1695115710329444,0.1683175651162653,92.11441260404516,1.410352148415175,1.0,5,3.6,"BOX PANEL,SIZE:175(A) X 175(B) X 100(C)",Extra trees,single
0.174132742287917,0.1729037447861947,94.10002635100868,1.4438362007910566,1.0,5,3.6,"BOX PANEL,SIZE:175(A) X 175(B) X 100(C)",Gradient boosting,single
0.1739346233241503,0.1746113272725687,91.74082944453708,1.4610848363133715,1.0,5,3.6,"BOX PANEL,SIZE:175(A) X 175(B) X 100(C)",Hist gradient boosting,single
0.1631118693792349,0.1618511869444632,88.06573033161004,1.36603865746272,1.0,5,3.6,"BOX PANEL,SIZE:175(A) X 175(B) X 100(C)",Support vector (RBF),single
0.1115772081030784,0.107121314872538,70.75765797590239,0.9036276128875408,1.0,5,3.6,"BOX PANEL,SIZE:175(A) X 175(B) X 100(C)",K-nearest neighbours,single
1.059273638326737e+208,1.100388731249317,inf,9.782387200197142e+208,0.4,2,1.5,"BOX PANEL,SIZE:175(A) X 175(B) X 100(C)",Neural net (MLP),single
0.1809185723687586,0.1808697623806073,99.3507364520635,1.4973799649193698,1.0,5,3.6,"BOX PANEL,SIZE:175(A) X 175(B) X 100(C)",Bayesian ridge (lags),single
0.1536399142481609,0.1501790567430612,83.43269537031519,1.2672374256791734,1.0,5,3.6,"BOX PANEL,SIZE:175(A) X 175(B) X 100(C)",Gaussian process,single
0.1431654880187109,0.1419136083547116,76.89424008236891,1.1963672773511402,1.0,5,3.6,"BOX PANEL,SIZE:175(A) X 175(B) X 100(C)",Ensemble: top-5 mean,ensemble
0.1523530925024588,0.1508718545228318,81.26236397685477,1.2707390270837056,1.0,5,3.6,"BOX PANEL,SIZE:175(A) X 175(B) X 100(C)",Ensemble: inverse-error,ensemble
0.169423722845465,0.1682244218921924,92.05253364583557,1.4096500938746384,1.0,5,3.6,"BOX PANEL,SIZE:175(A) X 175(B) X 100(C)",Ensemble: annealed weights,ensemble
0.1695115710329444,0.1683175651162653,92.11441260404516,1.410352148415175,1.0,5,3.6,"BOX PANEL,SIZE:175(A) X 175(B) X 100(C)",Ensemble: greedy selection,ensemble
0.0182729432729433,0.0176920156721175,9.013878188659977,0.1557955961778151,1.0,4,3.5,"MCB,240V,25A,2P,10KA",Naive (last price),single
0.057155123784655,0.0555456734751404,15.692379412371372,0.4899276220627425,1.0,4,3.5,"MCB,240V,25A,2P,10KA",Seasonal naive (12m),single
0.0237334876570307,0.0229331946627966,10.60833145324025,0.2025700313102426,1.0,4,3.5,"MCB,240V,25A,2P,10KA",Drift,single
0.0214098713782789,0.0208022222542133,9.212129788532405,0.182443674565913,1.0,4,3.5,"MCB,240V,25A,2P,10KA",Moving average (auto-k),single
0.0186201954438731,0.0180378742506664,9.024278307459255,0.1587454894473581,1.0,4,3.5,"MCB,240V,25A,2P,10KA",Simple exp. smoothing,single
0.0263433893746028,0.0258516801256268,9.719270597438344,0.2243884213354193,1.0,4,3.5,"MCB,240V,25A,2P,10KA",Holt trend (damped-auto),single
0.0854304912294126,0.0866049346762051,29.2228733741369,0.728150225504052,1.0,4,3.5,"MCB,240V,25A,2P,10KA",Holt-Winters seasonal,single
0.0198289963203761,0.0192358882075731,9.10619673589884,0.169020895997268,1.0,4,3.5,"MCB,240V,25A,2P,10KA",Theta method,single
0.0232949286799368,0.0237670742469599,9.108619024464378,0.2077692930791813,1.0,4,3.5,"MCB,240V,25A,2P,10KA",Linear trend,single
0.0147329969758769,0.014584484694803,4.872554827400174,0.1269309525483616,1.0,4,3.5,"MCB,240V,25A,2P,10KA",Autoregressive (ridge),single
0.0276516890937909,0.027204897961952,9.73819696105455,0.2356748402135531,1.0,4,3.5,"MCB,240V,25A,2P,10KA",Random forest,single
0.0227192883359788,0.0225885962853764,7.095646342559121,0.1937855458792341,1.0,4,3.5,"MCB,240V,25A,2P,10KA",Extra trees,single
0.023910356237967,0.0233897664090297,9.221812248121951,0.2039856840385141,1.0,4,3.5,"MCB,240V,25A,2P,10KA",Gradient boosting,single
0.0108831559086314,0.010922362937297,3.428469103605145,0.0956844531207725,1.0,4,3.5,"MCB,240V,25A,2P,10KA",Hist gradient boosting,single
0.0116335874051675,0.0117412419192466,3.9399683666334218,0.1014255447139485,1.0,4,3.5,"MCB,240V,25A,2P,10KA",Support vector (RBF),single
0.0451891359927643,0.0439307009962756,13.255360492543613,0.3853192315502618,1.0,4,3.5,"MCB,240V,25A,2P,10KA",K-nearest neighbours,single
4.071081888935768,1.341138849190983,1131.7607651241433,37.12070381751065,0.25,1,1.0,"MCB,240V,25A,2P,10KA",Neural net (MLP),single
0.0178266479885896,0.0177024049176754,5.712627881565647,0.1544136317671255,1.0,4,3.5,"MCB,240V,25A,2P,10KA",Bayesian ridge (lags),single
0.019697903481925,0.0192771392903697,7.807180351207092,0.1690821143512664,1.0,4,3.5,"MCB,240V,25A,2P,10KA",Gaussian process,single
0.0204088857235198,0.0197875786135248,9.337320794393072,0.173961956767697,1.0,4,3.5,"MCB,240V,25A,2P,10KA",Ensemble: top-5 mean,ensemble
0.018470938480353,0.0179156304778681,8.865999077154255,0.1575386418900922,1.0,4,3.5,"MCB,240V,25A,2P,10KA",Ensemble: inverse-error,ensemble
0.0210724905181588,0.0203981548275721,9.78500081113676,0.1796428366596599,1.0,4,3.5,"MCB,240V,25A,2P,10KA",Ensemble: annealed weights,ensemble
0.0219556297429077,0.0212410778226132,10.032043788379468,0.1872314885153951,1.0,4,3.5,"MCB,240V,25A,2P,10KA",Ensemble: greedy selection,ensemble
0.1107467152754425,0.1288071043203976,42.62542844359459,0.4385054578135128,1.0,4,11.0,"MCB,415VAC,6A,2P,10KA",Naive (last price),single
0.270211756082237,0.2570918322810488,59.789895883875545,0.908632156878126,1.0,4,11.0,"MCB,415VAC,6A,2P,10KA",Seasonal naive (12m),single
0.1603880013305493,0.1987976636169079,58.88683237211237,0.6104724653585571,1.0,4,11.0,"MCB,415VAC,6A,2P,10KA",Drift,single
0.1450728835146952,0.1617706201250852,44.2530900232328,0.538621524388421,1.0,4,11.0,"MCB,415VAC,6A,2P,10KA",Moving average (auto-k),single
0.1144230427132694,0.1324730411268644,42.70737173169147,0.4492810841976245,1.0,4,11.0,"MCB,415VAC,6A,2P,10KA",Simple exp. smoothing,single
0.1350132463922123,0.1562112511316123,43.23218981790267,0.4712394083875541,1.0,4,11.0,"MCB,415VAC,6A,2P,10KA",Holt trend (damped-auto),single
0.1887169009699201,0.2627220301329019,78.26403239457726,0.7423220161514248,1.0,4,11.0,"MCB,415VAC,6A,2P,10KA",Holt-Winters seasonal,single
0.1412988920597877,0.1728866709700322,54.60575681287066,0.5583995021484373,1.0,4,11.0,"MCB,415VAC,6A,2P,10KA",Theta method,single
0.2793475456085824,0.3455545965158065,81.51644270387588,1.1256591613926823,1.0,4,11.0,"MCB,415VAC,6A,2P,10KA",Linear trend,single
0.2371938325754188,0.226056087744227,55.30083277375115,0.7895798869793963,1.0,4,11.0,"MCB,415VAC,6A,2P,10KA",Autoregressive (ridge),single
0.1407362850942702,0.1345473218164436,32.310928585711544,0.4665707461219654,1.0,4,11.0,"MCB,415VAC,6A,2P,10KA",Random forest,single
0.1720601537825876,0.1820544007283267,44.50848557295493,0.6132026520675761,1.0,4,11.0,"MCB,415VAC,6A,2P,10KA",Extra trees,single
0.1459237726783044,0.1393776990642259,32.84172768934958,0.4836622932865058,1.0,4,11.0,"MCB,415VAC,6A,2P,10KA",Gradient boosting,single
0.2327626271350119,0.2584526590862157,63.13691160142172,0.8804803103199533,1.0,4,11.0,"MCB,415VAC,6A,2P,10KA",Hist gradient boosting,single
0.2026422472304923,0.1954861803440806,47.841651896968735,0.6773593336308426,1.0,4,11.0,"MCB,415VAC,6A,2P,10KA",Support vector (RBF),single
0.2323005670575676,0.21661642272949,55.19974468904984,0.7499270555983603,1.0,4,11.0,"MCB,415VAC,6A,2P,10KA",K-nearest neighbours,single
5.403778295851224,1.4597353080870294,1453.6163615839791,23.34439509692712,0.25,1,1.0,"MCB,415VAC,6A,2P,10KA",Neural net (MLP),single
0.1803769405710236,0.1984298155925332,51.18816933830366,0.6412764554735475,1.0,4,11.0,"MCB,415VAC,6A,2P,10KA",Bayesian ridge (lags),single
0.2240314726269083,0.222021838368474,53.99023831576391,0.7622096400609548,1.0,4,11.0,"MCB,415VAC,6A,2P,10KA",Gaussian process,single
0.1900708239957143,0.2131887787056968,52.54156607065302,0.7161186858010581,1.0,4,11.0,"MCB,415VAC,6A,2P,10KA",Ensemble: top-5 mean,ensemble
0.1856021622096111,0.2086580514736111,52.10179347095984,0.7000699283683921,1.0,4,11.0,"MCB,415VAC,6A,2P,10KA",Ensemble: inverse-error,ensemble
0.2790753595418941,0.3451185710251075,81.42483942643166,1.1244261533048725,1.0,4,11.0,"MCB,415VAC,6A,2P,10KA",Ensemble: annealed weights,ensemble
0.2793475456085824,0.3455545965158065,81.51644270387588,1.1256591613926823,1.0,4,11.0,"MCB,415VAC,6A,2P,10KA",Ensemble: greedy selection,ensemble
0.0784914096039416,0.0814975378748691,9.74679434480896,0.7907186303221455,1.0,5,2.4,"MCB,415VAC,10A,1P,10KA",Naive (last price),single
0.1130689988182905,0.1168598495453241,12.014197392310969,1.1615216619324429,1.0,5,2.4,"MCB,415VAC,10A,1P,10KA",Seasonal naive (12m),single
0.0785494515124482,0.0813671615121355,9.701725745992476,0.7890702309351819,1.0,5,2.4,"MCB,415VAC,10A,1P,10KA",Drift,single
0.0891050153369977,0.0926013378998575,10.895984292342954,0.907793240829651,1.0,5,2.4,"MCB,415VAC,10A,1P,10KA",Moving average (auto-k),single
0.101381242132028,0.1051903495486445,11.88919095379429,1.0270117205346443,1.0,5,2.4,"MCB,415VAC,10A,1P,10KA",Simple exp. smoothing,single
0.1007015140406372,0.1054692469746787,12.05921269870689,1.0308575479829656,1.0,5,2.4,"MCB,415VAC,10A,1P,10KA",Holt trend (damped-auto),single
0.0942087928362571,0.0987760382394504,10.878817166554803,0.9835818111838784,1.0,5,2.4,"MCB,415VAC,10A,1P,10KA",Holt-Winters seasonal,single
0.0932963775259101,0.0975555697273831,11.320318575559014,0.9549837312819834,1.0,5,2.4,"MCB,415VAC,10A,1P,10KA",Theta method,single
0.09464447601272,0.0949011336569845,9.755914056057389,0.947401394540538,1.0,5,2.4,"MCB,415VAC,10A,1P,10KA",Linear trend,single
0.0963418041862745,0.1009309827568287,11.545346732511256,0.9910671345746508,1.0,5,2.4,"MCB,415VAC,10A,1P,10KA",Autoregressive (ridge),single
0.1036717485982142,0.1079019706648213,11.675724927120749,1.059453821552374,1.0,5,2.4,"MCB,415VAC,10A,1P,10KA",Random forest,single
0.1146657830561404,0.1197521811005251,12.683805271549636,1.1779945054534846,1.0,5,2.4,"MCB,415VAC,10A,1P,10KA",Extra trees,single
0.0985820170103035,0.1034563932339905,11.58998628479744,1.0104803038675882,1.0,5,2.4,"MCB,415VAC,10A,1P,10KA",Gradient boosting,single
0.0959710149214209,0.0989111127756547,10.447147794016766,0.9770118177642172,1.0,5,2.4,"MCB,415VAC,10A,1P,10KA",Hist gradient boosting,single
0.1268834675467625,0.130381244437122,13.517521008048158,1.2840343619629755,1.0,5,2.4,"MCB,415VAC,10A,1P,10KA",Support vector (RBF),single
0.1159340026180306,0.1195384659858335,12.099033089401708,1.1851261880942987,1.0,5,2.4,"MCB,415VAC,10A,1P,10KA",K-nearest neighbours,single
32683711499902.406,1.902409951750928,5477220583739744.0,282725754420441.1,0.8,4,1.75,"MCB,415VAC,10A,1P,10KA",Neural net (MLP),single
0.0972997972067495,0.1000846233443271,10.817916444540424,0.9783200395092876,1.0,5,2.4,"MCB,415VAC,10A,1P,10KA",Bayesian ridge (lags),single
0.1342944289404795,0.139985720994578,14.2349070104328,1.3730237194969568,1.0,5,2.4,"MCB,415VAC,10A,1P,10KA",Gaussian process,single
0.1113460955211178,0.1145747950740363,11.921525240453736,1.131781055460414,1.0,5,2.4,"MCB,415VAC,10A,1P,10KA",Ensemble: top-5 mean,ensemble
0.1045910482930099,0.1078349943819177,11.4341818301983,1.0631424791698532,1.0,5,2.4,"MCB,415VAC,10A,1P,10KA",Ensemble: inverse-error,ensemble
0.0986944301128632,0.0995423061277105,10.153914051469588,0.9925590432897295,1.0,5,2.4,"MCB,415VAC,10A,1P,10KA",Ensemble: annealed weights,ensemble
0.0925439375219116,0.0933268706913689,9.694410610654655,0.929663869867432,1.0,5,2.4,"MCB,415VAC,10A,1P,10KA",Ensemble: greedy selection,ensemble
0.153431569490712,0.1557291064316872,0.2035006142496871,1.1354392624728844,1.0,4,9.25,"CABLE TIE,TYPE:6/6,DIA:76.2MM",Naive (last price),single
0.1420924642685881,0.1457096218281878,0.1689422447646301,1.064574963419268,1.0,4,9.25,"CABLE TIE,TYPE:6/6,DIA:76.2MM",Seasonal naive (12m),single
0.1614910564118135,0.16141355559085,0.2140807965533181,1.1835026405268576,1.0,4,9.25,"CABLE TIE,TYPE:6/6,DIA:76.2MM",Drift,single
0.1487845041580988,0.1508957599488704,0.1944930800326099,1.1010980081661288,1.0,4,9.25,"CABLE TIE,TYPE:6/6,DIA:76.2MM",Moving average (auto-k),single
0.1529592623722239,0.1552419872816207,0.2025289718839506,1.1319783544739008,1.0,4,9.25,"CABLE TIE,TYPE:6/6,DIA:76.2MM",Simple exp. smoothing,single
0.2035613029553624,0.2104776354706107,0.2721084923429868,1.509980014169455,1.0,4,9.25,"CABLE TIE,TYPE:6/6,DIA:76.2MM",Holt trend (damped-auto),single
0.1982583984347076,0.2004626208202968,0.2584350277545898,1.4518342240258897,1.0,4,9.25,"CABLE TIE,TYPE:6/6,DIA:76.2MM",Holt-Winters seasonal,single
0.1527381905759639,0.1540923290987926,0.2008146679063716,1.1263474718713986,1.0,4,9.25,"CABLE TIE,TYPE:6/6,DIA:76.2MM",Theta method,single
0.1112857874810487,0.1128082297375652,0.1329958146448666,0.8260118914079495,1.0,4,9.25,"CABLE TIE,TYPE:6/6,DIA:76.2MM",Linear trend,single
0.1200459160842246,0.1267364866800747,0.1614289378899646,0.9214585022584476,1.0,4,9.25,"CABLE TIE,TYPE:6/6,DIA:76.2MM",Autoregressive (ridge),single
0.1338227555153895,0.1402427376378958,0.1836948519872815,1.0133528141299593,1.0,4,9.25,"CABLE TIE,TYPE:6/6,DIA:76.2MM",Random forest,single
0.1302975991962902,0.1367218491692811,0.1744767968312304,0.9908381340572552,1.0,4,9.25,"CABLE TIE,TYPE:6/6,DIA:76.2MM",Extra trees,single
0.1304238033618951,0.1333361858671469,0.1722690017703952,0.973177047494537,1.0,4,9.25,"CABLE TIE,TYPE:6/6,DIA:76.2MM",Gradient boosting,single
0.1342219492752699,0.13458209393906,0.1690594846181454,0.9882608223026084,1.0,4,9.25,"CABLE TIE,TYPE:6/6,DIA:76.2MM",Hist gradient boosting,single
0.1220040062442069,0.1276310086693771,0.1638153908554779,0.928054707766214,1.0,4,9.25,"CABLE TIE,TYPE:6/6,DIA:76.2MM",Support vector (RBF),single
0.1260934174374554,0.1317473079195621,0.1712697004483538,0.9554044160174991,1.0,4,9.25,"CABLE TIE,TYPE:6/6,DIA:76.2MM",K-nearest neighbours,single
0.5150543625023347,1.014831089898695,0.8311511460594431,4.0896629652077765,0.5,2,6.0,"CABLE TIE,TYPE:6/6,DIA:76.2MM",Neural net (MLP),single
0.0952827980375522,0.0884568461275075,0.1418595036341995,0.6541610451678136,1.0,4,9.25,"CABLE TIE,TYPE:6/6,DIA:76.2MM",Bayesian ridge (lags),single
0.1229257378820689,0.124902187568745,0.1581017423436752,0.9146509382475364,1.0,4,9.25,"CABLE TIE,TYPE:6/6,DIA:76.2MM",Gaussian process,single
0.1249808720661965,0.1270961023062394,0.1615752365966868,0.929124849399702,1.0,4,9.25,"CABLE TIE,TYPE:6/6,DIA:76.2MM",Ensemble: top-5 mean,ensemble
0.1215926573045809,0.1246206241653378,0.1589105914040333,0.9105259955884007,1.0,4,9.25,"CABLE TIE,TYPE:6/6,DIA:76.2MM",Ensemble: inverse-error,ensemble
0.1308568655662015,0.1338448175000122,0.1717490496163199,0.9766284869602324,1.0,4,9.25,"CABLE TIE,TYPE:6/6,DIA:76.2MM",Ensemble: annealed weights,ensemble
0.1304238033618951,0.1333361858671469,0.1722690017703952,0.973177047494537,1.0,4,9.25,"CABLE TIE,TYPE:6/6,DIA:76.2MM",Ensemble: greedy selection,ensemble
0.0413342742012124,0.0420067696017061,17.756861278080027,0.3545734840698853,1.0,4,3.0,"MCB,415VAC,10A,3P,10KA",Naive (last price),single
0.1091074581554241,0.1037788431375828,45.08598290722942,0.9193407344695748,1.0,4,3.0,"MCB,415VAC,10A,3P,10KA",Seasonal naive (12m),single
0.0438652444351871,0.0444025178052255,18.166207844092646,0.3753183092393243,1.0,4,3.0,"MCB,415VAC,10A,3P,10KA",Drift,single
0.0323161076791125,0.0325325359116849,14.453560850280104,0.276402744047243,1.0,4,3.0,"MCB,415VAC,10A,3P,10KA",Moving average (auto-k),single
0.0383501715111677,0.0389425156733626,16.66130930024819,0.3289556191820428,1.0,4,3.0,"MCB,415VAC,10A,3P,10KA",Simple exp. smoothing,single
0.0392202956968564,0.0402700205847162,19.209093166577468,0.3380129715746728,1.0,4,3.0,"MCB,415VAC,10A,3P,10KA",Holt trend (damped-auto),single
0.0980786867155185,0.0982786567211256,39.18349666013377,0.8344385989353732,1.0,4,3.0,"MCB,415VAC,10A,3P,10KA",Holt-Winters seasonal,single
0.0320543347951896,0.032510330727313,14.748385448002736,0.2749582140793972,1.0,4,3.0,"MCB,415VAC,10A,3P,10KA",Theta method,single
0.034380017533185,0.0337827449567317,14.603583482344057,0.2890451821499549,1.0,4,3.0,"MCB,415VAC,10A,3P,10KA",Linear trend,single
0.0382899649303141,0.0379405097033112,17.94768986500979,0.3233270520895083,1.0,4,3.0,"MCB,415VAC,10A,3P,10KA",Autoregressive (ridge),single
0.0252698351731246,0.0250898503769114,10.990619290131542,0.2127100329780031,1.0,4,3.0,"MCB,415VAC,10A,3P,10KA",Random forest,single
0.0343147436182365,0.0340723254655722,14.04997120305937,0.2896131920781922,1.0,4,3.0,"MCB,415VAC,10A,3P,10KA",Extra trees,single
0.0351096976178069,0.0351223118060691,14.619166194840368,0.2974031793770884,1.0,4,3.0,"MCB,415VAC,10A,3P,10KA",Gradient boosting,single
0.0424915633283579,0.0433878018148841,17.99499556381996,0.3625466218341879,1.0,4,3.0,"MCB,415VAC,10A,3P,10KA",Hist gradient boosting,single
0.0399512420289408,0.0393488115657838,16.76705318676583,0.3365273385485599,1.0,4,3.0,"MCB,415VAC,10A,3P,10KA",Support vector (RBF),single
0.0762346190063407,0.0737567100239877,33.53155489922807,0.6437904756889015,1.0,4,3.0,"MCB,415VAC,10A,3P,10KA",K-nearest neighbours,single
60.092583437111976,1.9834963186161447,33711.876577485134,518.8465579356607,0.5,2,1.5,"MCB,415VAC,10A,3P,10KA",Neural net (MLP),single
0.0509486980545684,0.0528192243860707,25.11671055385778,0.4383288122288682,1.0,4,3.0,"MCB,415VAC,10A,3P,10KA",Bayesian ridge (lags),single
0.0585307524904862,0.058034002264921,25.76731317016499,0.4930467746840148,1.0,4,3.0,"MCB,415VAC,10A,3P,10KA",Gaussian process,single
0.0283353214142176,0.0284686100063509,13.169164712177745,0.2414911480085984,1.0,4,3.0,"MCB,415VAC,10A,3P,10KA",Ensemble: top-5 mean,ensemble
0.0309327835691064,0.0310700568429731,13.31092671226687,0.2634035215815949,1.0,4,3.0,"MCB,415VAC,10A,3P,10KA",Ensemble: inverse-error,ensemble
0.0424333547569541,0.0433216189490708,17.949446939040136,0.3620397779045668,1.0,4,3.0,"MCB,415VAC,10A,3P,10KA",Ensemble: annealed weights,ensemble
0.0424915633283579,0.0433878018148841,17.99499556381996,0.3625466218341879,1.0,4,3.0,"MCB,415VAC,10A,3P,10KA",Ensemble: greedy selection,ensemble
0.1552585654761349,0.1616080794873211,3.092563661430433,3.2666666666666635,1.0,4,3.5,ELMEX TB UBT-10,Naive (last price),single
0.1235808245381034,0.1219125865366393,2.3110184969050813,2.509034201759957,1.0,4,3.5,ELMEX TB UBT-10,Seasonal naive (12m),single
0.154983196270939,0.1636608279132895,3.197674505379843,3.289788285419644,1.0,4,3.5,ELMEX TB UBT-10,Drift,single
0.1275217541150069,0.1321916198615013,2.6659293821364143,2.700737798859892,1.0,4,3.5,ELMEX TB UBT-10,Moving average (auto-k),single
0.1514282526927828,0.1576785671045545,3.0373898251978866,3.190713357663081,1.0,4,3.5,ELMEX TB UBT-10,Simple exp. smoothing,single
0.1778295908032908,0.1907470216947697,3.71534761253832,3.7915730176038274,1.0,4,3.5,ELMEX TB UBT-10,Holt trend (damped-auto),single
0.1502768420996998,0.1592823726705068,3.23051221193828,3.214670096645225,1.0,4,3.5,ELMEX TB UBT-10,Holt-Winters seasonal,single
0.1423342373628676,0.1489772329999152,2.9413667084709414,3.017715352559092,1.0,4,3.5,ELMEX TB UBT-10,Theta method,single
0.101225906255073,0.1037427565580641,2.214231751442832,2.1302349578582978,1.0,4,3.5,ELMEX TB UBT-10,Linear trend,single
0.1402105494788363,0.1455839168107159,2.892744907705053,2.9608351939962523,1.0,4,3.5,ELMEX TB UBT-10,Autoregressive (ridge),single
0.1264129530917132,0.1278516413447595,2.475888158769757,2.6217164224361587,1.0,4,3.5,ELMEX TB UBT-10,Random forest,single
0.1391617730360996,0.140419407334458,2.6421516372685754,2.870610964044596,1.0,4,3.5,ELMEX TB UBT-10,Extra trees,single
0.1432550910953636,0.1472088025927092,2.7884980208817858,2.994781806254965,1.0,4,3.5,ELMEX TB UBT-10,Gradient boosting,single
0.1174058413494263,0.1179264777482848,2.36009604995344,2.422741719712603,1.0,4,3.5,ELMEX TB UBT-10,Hist gradient boosting,single
0.1295005100682291,0.121177764112839,2.407324313487872,2.50961286285646,1.0,4,3.5,ELMEX TB UBT-10,Support vector (RBF),single
0.1045313522610765,0.1044390617789327,2.008072457349883,2.147840414719876,1.0,4,3.5,ELMEX TB UBT-10,K-nearest neighbours,single
0.0783443109612655,0.0815383436358004,1.2887639153128188,1.5826925275771426,0.25,1,1.0,ELMEX TB UBT-10,Neural net (MLP),single
0.1878324222559056,0.1931795152944648,3.5773507682932144,3.892404252923436,1.0,4,3.5,ELMEX TB UBT-10,Bayesian ridge (lags),single
0.1368091318752982,0.1305642621703812,2.332518312395373,2.6763714014529265,1.0,4,3.5,ELMEX TB UBT-10,Gaussian process,single
0.1528750463805396,0.1588465752027333,3.0492451812728127,3.213647485734433,1.0,4,3.5,ELMEX TB UBT-10,Ensemble: top-5 mean,ensemble
0.1471595657539919,0.152986487607645,2.9685340121802253,3.0995422205521006,1.0,4,3.5,ELMEX TB UBT-10,Ensemble: inverse-error,ensemble
0.1551606364374522,0.1615057519187725,3.091112136092908,3.264689821876118,1.0,4,3.5,ELMEX TB UBT-10,Ensemble: annealed weights,ensemble
0.1552585654761349,0.1616080794873211,3.092563661430433,3.2666666666666635,1.0,4,3.5,ELMEX TB UBT-10,Ensemble: greedy selection,ensemble
0.0609686393251853,0.0624523232593893,7.737960523151513,0.4628451936965101,1.0,5,2.4,"MCB,415VAC,6A,1P,10KA",Naive (last price),single
0.0867173225481817,0.0919975914028702,10.966648622768842,0.6895500228219933,1.0,5,2.4,"MCB,415VAC,6A,1P,10KA",Seasonal naive (12m),single
0.0600122974135665,0.0613013563168908,7.653416385322874,0.4543975103095057,1.0,5,2.4,"MCB,415VAC,6A,1P,10KA",Drift,single
0.0547169917923646,0.0559960313587185,7.047731975807985,0.421267788854564,1.0,5,2.4,"MCB,415VAC,6A,1P,10KA",Moving average (auto-k),single
0.0711143319789912,0.073435826902668,8.867520450451584,0.5467228301215962,1.0,5,2.4,"MCB,415VAC,6A,1P,10KA",Simple exp. smoothing,single
0.0674988944140461,0.0696773118507325,8.60055176205792,0.522703515331546,1.0,5,2.4,"MCB,415VAC,6A,1P,10KA",Holt trend (damped-auto),single
0.0818267150692732,0.0854931650961434,9.3085632344471,0.6419956077259488,1.0,5,2.4,"MCB,415VAC,6A,1P,10KA",Holt-Winters seasonal,single
0.0616326107147375,0.062874299807862,7.55329101093777,0.4726398052120724,1.0,5,2.4,"MCB,415VAC,6A,1P,10KA",Theta method,single
0.0616172958523037,0.0594596597470607,7.422135754692061,0.4499616986118193,1.0,5,2.4,"MCB,415VAC,6A,1P,10KA",Linear trend,single
0.0704290580482661,0.0735663209328218,9.052893152744602,0.5476255129911749,1.0,5,2.4,"MCB,415VAC,6A,1P,10KA",Autoregressive (ridge),single
0.0762808918101785,0.0785005669098578,8.894487099561688,0.5879906213292221,1.0,5,2.4,"MCB,415VAC,6A,1P,10KA",Random forest,single
0.0826767491090782,0.0857935141963567,9.943530970925542,0.6443181945602099,1.0,5,2.4,"MCB,415VAC,6A,1P,10KA",Extra trees,single
0.0942332379949274,0.0958598601962476,10.142873583816792,0.7249601120933213,1.0,5,2.4,"MCB,415VAC,6A,1P,10KA",Gradient boosting,single
0.0952404121493668,0.0972775897493373,11.502577482748697,0.733728256882528,1.0,5,2.4,"MCB,415VAC,6A,1P,10KA",Hist gradient boosting,single
0.1244396177437783,0.1216042831944925,12.980926907282427,0.9307440822739672,1.0,5,2.4,"MCB,415VAC,6A,1P,10KA",Support vector (RBF),single
0.0670346575654982,0.0653923620100802,7.649275855758929,0.4974219732105314,1.0,5,2.4,"MCB,415VAC,6A,1P,10KA",K-nearest neighbours,single
28937789.44519795,1.876469472493248,5208659589.602216,195572445.79889387,0.8,4,1.75,"MCB,415VAC,6A,1P,10KA",Neural net (MLP),single
0.0839682287002723,0.0836744479168392,9.0453612810754,0.630542388665257,1.0,5,2.4,"MCB,415VAC,6A,1P,10KA",Bayesian ridge (lags),single
0.0875082272478836,0.0885457272216223,9.991768561123704,0.6613441382001252,1.0,5,2.4,"MCB,415VAC,6A,1P,10KA",Gaussian process,single
0.0827093179621082,0.0842207962544784,9.430930670289936,0.6310599559981557,1.0,5,2.4,"MCB,415VAC,6A,1P,10KA",Ensemble: top-5 mean,ensemble
0.0767464942510541,0.0781446267465463,8.917095488751249,0.5857206621502346,1.0,5,2.4,"MCB,415VAC,6A,1P,10KA",Ensemble: inverse-error,ensemble
0.0810940055007515,0.0828142128588198,9.377088663850149,0.6195681027902957,1.0,5,2.4,"MCB,415VAC,6A,1P,10KA",Ensemble: annealed weights,ensemble
0.0777012200936226,0.0793936225521742,9.140718746123293,0.593477217979948,1.0,5,2.4,"MCB,415VAC,6A,1P,10KA",Ensemble: greedy selection,ensemble
0.1468325140979645,0.1478418630902988,0.1304798835069988,1.4109531772575254,1.0,4,9.25,"CABLE TIE,TYPE:6/6,DIA:50.8MM",Naive (last price),single
0.1787392251568895,0.1713877052046183,0.1475631168805415,1.687093477567598,1.0,4,9.25,"CABLE TIE,TYPE:6/6,DIA:50.8MM",Seasonal naive (12m),single
0.1454806358515832,0.1487686406769416,0.1325862023464369,1.4102871511318469,1.0,4,9.25,"CABLE TIE,TYPE:6/6,DIA:50.8MM",Drift,single
0.1526547495522755,0.1519273901947753,0.1323437751421608,1.462416247060247,1.0,4,9.25,"CABLE TIE,TYPE:6/6,DIA:50.8MM",Moving average (auto-k),single
0.1476183669001369,0.1484236890289921,0.1307351293677481,1.418051390336225,1.0,4,9.25,"CABLE TIE,TYPE:6/6,DIA:50.8MM",Simple exp. smoothing,single
0.101138261042219,0.1154825320004815,0.1351946355948526,1.0500938456087288,1.0,4,9.25,"CABLE TIE,TYPE:6/6,DIA:50.8MM",Holt trend (damped-auto),single
0.1219732690942693,0.1345325114809906,0.1408176093738375,1.2137107648467826,1.0,4,9.25,"CABLE TIE,TYPE:6/6,DIA:50.8MM",Holt-Winters seasonal,single
0.1558591772963505,0.1552369710074975,0.1354232899328716,1.4929409833709926,1.0,4,9.25,"CABLE TIE,TYPE:6/6,DIA:50.8MM",Theta method,single
0.176569422646884,0.1540445838788322,0.1587312596290902,1.5895487234508257,1.0,4,9.25,"CABLE TIE,TYPE:6/6,DIA:50.8MM",Linear trend,single
0.1375176991764719,0.1318957344207166,0.1211403972976796,1.2754471149614826,1.0,4,9.25,"CABLE TIE,TYPE:6/6,DIA:50.8MM",Autoregressive (ridge),single
0.1375281588197083,0.1339752627770667,0.1165820124755597,1.300061532778504,1.0,4,9.25,"CABLE TIE,TYPE:6/6,DIA:50.8MM",Random forest,single
0.1406403099994604,0.1380981617353299,0.1199497373360754,1.3374021468014632,1.0,4,9.25,"CABLE TIE,TYPE:6/6,DIA:50.8MM",Extra trees,single
0.1384888875018868,0.1373568903758331,0.1206561641114915,1.319099879788119,1.0,4,9.25,"CABLE TIE,TYPE:6/6,DIA:50.8MM",Gradient boosting,single
0.1945437524840025,0.1796844735078893,0.171231105261826,1.7849407986583612,1.0,4,9.25,"CABLE TIE,TYPE:6/6,DIA:50.8MM",Hist gradient boosting,single
0.1128434613680258,0.1133018115556352,0.1001063532078443,1.0927817683813452,1.0,4,9.25,"CABLE TIE,TYPE:6/6,DIA:50.8MM",Support vector (RBF),single
0.1822161746196807,0.1744597577956927,0.1534514221785083,1.7115516901947572,1.0,4,9.25,"CABLE TIE,TYPE:6/6,DIA:50.8MM",K-nearest neighbours,single
0.0138479911901705,0.0137527670914093,0.01218623224735,0.1528373609617481,0.25,1,1.0,"CABLE TIE,TYPE:6/6,DIA:50.8MM",Neural net (MLP),single
0.1661731946302285,0.1625732211810497,0.1418607892398949,1.587486220760357,1.0,4,9.25,"CABLE TIE,TYPE:6/6,DIA:50.8MM",Bayesian ridge (lags),single
0.2145631528473027,0.2114453272550354,0.1868151562058581,2.035325626783485,1.0,4,9.25,"CABLE TIE,TYPE:6/6,DIA:50.8MM",Gaussian process,single
0.1418712929138989,0.1382300602061093,0.1210994759449024,1.3390657295826658,1.0,4,9.25,"CABLE TIE,TYPE:6/6,DIA:50.8MM",Ensemble: top-5 mean,ensemble
0.1501913217471993,0.1467521721187307,0.1281792882301877,1.421299916552334,1.0,4,9.25,"CABLE TIE,TYPE:6/6,DIA:50.8MM",Ensemble: inverse-error,ensemble
0.1438357185847881,0.140799531544165,0.1250249440305735,1.3567590456728358,1.0,4,9.25,"CABLE TIE,TYPE:6/6,DIA:50.8MM",Ensemble: annealed weights,ensemble
0.1362762646166644,0.1365843219725664,0.1244372258558621,1.2959938178798838,1.0,4,9.25,"CABLE TIE,TYPE:6/6,DIA:50.8MM",Ensemble: greedy selection,ensemble
0.0752221974241822,0.0748022824288509,1.4562108363832498,1.1057070334889054,1.0,5,7.6,"TERMINAL END,TUBULAR,CU,35MM2",Naive (last price),single
0.0797361648117638,0.0784698652967765,1.4688560715552446,1.161579445767868,1.0,5,7.6,"TERMINAL END,TUBULAR,CU,35MM2",Seasonal naive (12m),single
0.0817260644937494,0.0797854011553735,1.6408381760112938,1.1868849829487569,1.0,5,7.6,"TERMINAL END,TUBULAR,CU,35MM2",Drift,single
0.0773735986667377,0.0772654094216314,1.389541155547905,1.1360347914129147,1.0,5,7.6,"TERMINAL END,TUBULAR,CU,35MM2",Moving average (auto-k),single
0.0723684335473368,0.0715821606791541,1.3565972147240422,1.0597006614181623,1.0,5,7.6,"TERMINAL END,TUBULAR,CU,35MM2",Simple exp. smoothing,single
0.1553407952210603,0.1362914337140189,3.754017355892824,2.22215737591335,1.0,5,7.6,"TERMINAL END,TUBULAR,CU,35MM2",Holt trend (damped-auto),single
0.1133175689301075,0.1085747532200932,1.943150854508123,1.65215313726094,1.0,5,7.6,"TERMINAL END,TUBULAR,CU,35MM2",Holt-Winters seasonal,single
0.081366364890853,0.0803121939821647,1.5014991203289658,1.187851996420268,1.0,5,7.6,"TERMINAL END,TUBULAR,CU,35MM2",Theta method,single
0.0849252891790439,0.0903518166994748,1.8338356525931805,1.2779620657434838,1.0,5,7.6,"TERMINAL END,TUBULAR,CU,35MM2",Linear trend,single
0.0852165878859188,0.0870771265006909,1.5896325721630435,1.2694127682298688,1.0,5,7.6,"TERMINAL END,TUBULAR,CU,35MM2",Autoregressive (ridge),single
0.0776645501075449,0.0776292175834087,1.3795743570046963,1.140826185948214,1.0,5,7.6,"TERMINAL END,TUBULAR,CU,35MM2",Random forest,single
0.073881321044715,0.0738412187198093,1.3250569577766012,1.0852208342691296,1.0,5,7.6,"TERMINAL END,TUBULAR,CU,35MM2",Extra trees,single
0.0712553639233791,0.0714886669503594,1.2863297038885535,1.0495982502190029,1.0,5,7.6,"TERMINAL END,TUBULAR,CU,35MM2",Gradient boosting,single
0.0737702684730457,0.0749928942399941,1.380858737734718,1.087606697688876,1.0,5,7.6,"TERMINAL END,TUBULAR,CU,35MM2",Hist gradient boosting,single
0.0966028782753007,0.105308367571601,2.256174751661709,1.4686590147748626,1.0,5,7.6,"TERMINAL END,TUBULAR,CU,35MM2",Support vector (RBF),single
0.0587046172061128,0.0586043620010829,1.0646000704103509,0.8642812880684658,1.0,5,7.6,"TERMINAL END,TUBULAR,CU,35MM2",K-nearest neighbours,single
0.2447922163733007,0.2180978841496416,4.014592348522132,3.5062898865337004,0.2,1,1.0,"TERMINAL END,TUBULAR,CU,35MM2",Neural net (MLP),single
0.1059826646864924,0.105307703423275,2.087794293464316,1.5629532153984516,1.0,5,7.6,"TERMINAL END,TUBULAR,CU,35MM2",Bayesian ridge (lags),single
0.0966392673429196,0.1055473068645267,2.3377310978541237,1.4763896871045248,1.0,5,7.6,"TERMINAL END,TUBULAR,CU,35MM2",Gaussian process,single
0.077673006971166,0.0762483245503534,1.4924968574662203,1.1297758137326497,1.0,5,7.6,"TERMINAL END,TUBULAR,CU,35MM2",Ensemble: top-5 mean,ensemble
0.0767464200695258,0.0757219508601573,1.4363383916630623,1.1198602244413207,1.0,5,7.6,"TERMINAL END,TUBULAR,CU,35MM2",Ensemble: inverse-error,ensemble
0.095412497070453,0.092603313817047,1.6629161961383343,1.3880307085126768,1.0,5,7.6,"TERMINAL END,TUBULAR,CU,35MM2",Ensemble: annealed weights,ensemble
0.0947820404123713,0.0920099454143207,1.6595599867791455,1.3786066133381314,1.0,5,7.6,"TERMINAL END,TUBULAR,CU,35MM2",Ensemble: greedy selection,ensemble
0.0502605209716747,0.0482589904935891,29.3683503111768,0.5882352941176466,1.0,4,3.5,"MCB,415VAC,63A,2P,10KA",Naive (last price),single
0.0923477089198884,0.0874784235027493,40.52683845710322,1.0804190054850324,1.0,4,3.5,"MCB,415VAC,63A,2P,10KA",Seasonal naive (12m),single
0.0528387805976982,0.0508920066109358,29.36889819218797,0.6182205075409641,1.0,4,3.5,"MCB,415VAC,63A,2P,10KA",Drift,single
0.0561035790653931,0.0541555317897954,28.88632943837262,0.6537496581068186,1.0,4,3.5,"MCB,415VAC,63A,2P,10KA",Moving average (auto-k),single
0.0508990085822874,0.0489170247266335,29.24087065335113,0.5953921580508847,1.0,4,3.5,"MCB,415VAC,63A,2P,10KA",Simple exp. smoothing,single
0.0897636623128493,0.0909973638344882,42.34890104488483,1.0419636358252145,1.0,4,3.5,"MCB,415VAC,63A,2P,10KA",Holt trend (damped-auto),single
0.0612794156727712,0.0584163763537338,33.66770716752699,0.7139245701979,1.0,4,3.5,"MCB,415VAC,63A,2P,10KA",Holt-Winters seasonal,single
0.0517604660334326,0.0499088304451655,28.593789051669784,0.6054836111699093,1.0,4,3.5,"MCB,415VAC,63A,2P,10KA",Theta method,single
0.0473991637827371,0.0483015735708137,23.416539777859672,0.5850012393020425,1.0,4,3.5,"MCB,415VAC,63A,2P,10KA",Linear trend,single
0.0485681803470867,0.0469686936396603,26.42400842007831,0.5703671259388151,1.0,4,3.5,"MCB,415VAC,63A,2P,10KA",Autoregressive (ridge),single
0.0518304086464768,0.0495549776547161,30.71878187875051,0.6033408708756612,1.0,4,3.5,"MCB,415VAC,63A,2P,10KA",Random forest,single
0.0509107308757022,0.0487407214545866,30.02112271434163,0.5926999487312076,1.0,4,3.5,"MCB,415VAC,63A,2P,10KA",Extra trees,single
0.0483970285546211,0.0466342686437123,27.86284845248521,0.566773380260317,1.0,4,3.5,"MCB,415VAC,63A,2P,10KA",Gradient boosting,single
0.059415908069767,0.0588758838788631,26.02040136758607,0.7007169521759645,1.0,4,3.5,"MCB,415VAC,63A,2P,10KA",Hist gradient boosting,single
0.0489259831064683,0.0470166181841134,27.84629252035109,0.5693926481256084,1.0,4,3.5,"MCB,415VAC,63A,2P,10KA",Support vector (RBF),single
0.0780008517910131,0.0746861255200093,35.76239690221128,0.908537841099752,1.0,4,3.5,"MCB,415VAC,63A,2P,10KA",K-nearest neighbours,single
7140747813444888.0,1.6668044270136142,4.4938513694506025e+18,9.34597875583226e+16,0.5,2,1.5,"MCB,415VAC,63A,2P,10KA",Neural net (MLP),single
0.0733120719466478,0.0725257654286273,33.87781815490876,0.8549430986699365,1.0,4,3.5,"MCB,415VAC,63A,2P,10KA",Bayesian ridge (lags),single
0.0546239851421095,0.0524947361730926,30.04542428087408,0.6384993644634132,1.0,4,3.5,"MCB,415VAC,63A,2P,10KA",Gaussian process,single
0.0576445799203565,0.0558230730170405,29.545272070156887,0.6733735243606784,1.0,4,3.5,"MCB,415VAC,63A,2P,10KA",Ensemble: top-5 mean,ensemble
0.0555588199348499,0.0536672576973121,29.39458948097668,0.6485593384514508,1.0,4,3.5,"MCB,415VAC,63A,2P,10KA",Ensemble: inverse-error,ensemble
0.0830153816608326,0.083323585540508,38.74868057052508,0.9646159012372596,1.0,4,3.5,"MCB,415VAC,63A,2P,10KA",Ensemble: annealed weights,ensemble
0.0822215846312146,0.0824544543634737,38.31861056665733,0.95560821845014,1.0,4,3.5,"MCB,415VAC,63A,2P,10KA",Ensemble: greedy selection,ensemble
0.12580505756494,0.1240301886496137,0.4446034437813344,2.159439855993221,1.0,4,7.0,"TERMINAL,RING TONGUE,CU,4-6MM2",Naive (last price),single
0.1262527509490082,0.1204586389316645,0.4391303090934492,2.115472390190738,1.0,4,7.0,"TERMINAL,RING TONGUE,CU,4-6MM2",Seasonal naive (12m),single
0.1401465836148371,0.1361927221835328,0.4890735143604682,2.3880650945820303,1.0,4,7.0,"TERMINAL,RING TONGUE,CU,4-6MM2",Drift,single
0.1253768530676245,0.1235570191653062,0.4291872493719361,2.144712734320916,1.0,4,7.0,"TERMINAL,RING TONGUE,CU,4-6MM2",Moving average (auto-k),single
0.1262588650502983,0.1244951728823698,0.442326229791557,2.1657802841619684,1.0,4,7.0,"TERMINAL,RING TONGUE,CU,4-6MM2",Simple exp. smoothing,single
0.1907104061501781,0.1751672678135308,0.7405488814354123,3.2105193710685622,1.0,4,7.0,"TERMINAL,RING TONGUE,CU,4-6MM2",Holt trend (damped-auto),single
0.1761437819934168,0.1728844317532054,0.6187733973695343,3.006435136019853,1.0,4,7.0,"TERMINAL,RING TONGUE,CU,4-6MM2",Holt-Winters seasonal,single
0.1303952148331582,0.1279370515399355,0.4475151635477585,2.227874035038353,1.0,4,7.0,"TERMINAL,RING TONGUE,CU,4-6MM2",Theta method,single
0.0719974700942177,0.0758562477235016,0.3179755599542134,1.2905938538994224,1.0,4,7.0,"TERMINAL,RING TONGUE,CU,4-6MM2",Linear trend,single
0.1245126481257135,0.1245304085137524,0.4413957516943863,2.149845311936302,1.0,4,7.0,"TERMINAL,RING TONGUE,CU,4-6MM2",Autoregressive (ridge),single
0.1232323636580599,0.1191658538034224,0.413003080692147,2.083528745979684,1.0,4,7.0,"TERMINAL,RING TONGUE,CU,4-6MM2",Random forest,single
0.1299578029240338,0.1271866853104827,0.4417358683565178,2.2144017091637385,1.0,4,7.0,"TERMINAL,RING TONGUE,CU,4-6MM2",Extra trees,single
0.1153508085504418,0.1134359723796431,0.3987611435673853,1.9724097524861737,1.0,4,7.0,"TERMINAL,RING TONGUE,CU,4-6MM2",Gradient boosting,single
0.1277892860009983,0.1250126130107865,0.4354371312177453,2.1758044644491266,1.0,4,7.0,"TERMINAL,RING TONGUE,CU,4-6MM2",Hist gradient boosting,single
0.1125337697096213,0.1142220913994122,0.426102048243223,1.958018433321255,1.0,4,7.0,"TERMINAL,RING TONGUE,CU,4-6MM2",Support vector (RBF),single
0.0944396762813474,0.0935098766572515,0.3661827907251804,1.6334653770151315,1.0,4,7.0,"TERMINAL,RING TONGUE,CU,4-6MM2",K-nearest neighbours,single
42089501631138.66,1.2396409920001332,218451406627828.88,797367424881520.9,0.5,2,2.5,"TERMINAL,RING TONGUE,CU,4-6MM2",Neural net (MLP),single
0.2795888982358789,0.3114621396160834,1.0180904982947747,4.632890026348486,1.0,4,7.0,"TERMINAL,RING TONGUE,CU,4-6MM2",Bayesian ridge (lags),single
0.1052647481560292,0.1091232942536652,0.4397349403074541,1.8626352837224949,1.0,4,7.0,"TERMINAL,RING TONGUE,CU,4-6MM2",Gaussian process,single
0.1295965148261716,0.1273557982393067,0.4479263191856121,2.2171744008192977,1.0,4,7.0,"TERMINAL,RING TONGUE,CU,4-6MM2",Ensemble: top-5 mean,ensemble
0.1329418394096495,0.130272229913361,0.461136212065734,2.272000062361143,1.0,4,7.0,"TERMINAL,RING TONGUE,CU,4-6MM2",Ensemble: inverse-error,ensemble
0.1492758817405986,0.1440493226507189,0.5216929341986113,2.534751135794633,1.0,4,7.0,"TERMINAL,RING TONGUE,CU,4-6MM2",Ensemble: annealed weights,ensemble
0.1466572644164494,0.1417598326587156,0.5133261648937523,2.492792808752464,1.0,4,7.0,"TERMINAL,RING TONGUE,CU,4-6MM2",Ensemble: greedy selection,ensemble
0.0523591277501579,0.0510538900578106,0.4307696600272588,0.7277570133608284,1.0,4,6.75,"TERMINAL END,RING TORQUE,CU,16MM2",Naive (last price),single
0.0599372663276542,0.0573290098681164,0.4302170269916192,0.8079132130212879,1.0,4,6.75,"TERMINAL END,RING TORQUE,CU,16MM2",Seasonal naive (12m),single
0.0543010459511153,0.0521514787382531,0.4306432748410521,0.7426145839434104,1.0,4,6.75,"TERMINAL END,RING TORQUE,CU,16MM2",Drift,single
0.0513732603190376,0.049706206713167,0.3826884418693605,0.7021095539880611,1.0,4,6.75,"TERMINAL END,RING TORQUE,CU,16MM2",Moving average (auto-k),single
0.0519590255969237,0.0505949580124154,0.4220608964217152,0.7205646001422351,1.0,4,6.75,"TERMINAL END,RING TORQUE,CU,16MM2",Simple exp. smoothing,single
0.0826215997393067,0.0827758685673316,0.553106147746092,1.13941088615575,1.0,4,6.75,"TERMINAL END,RING TORQUE,CU,16MM2",Holt trend (damped-auto),single
0.0722015863150327,0.071108561636844,0.4542416532446134,0.9597157020986786,1.0,4,6.75,"TERMINAL END,RING TORQUE,CU,16MM2",Holt-Winters seasonal,single
0.0563417044586046,0.0542169796928235,0.4166540759700696,0.7670955060591415,1.0,4,6.75,"TERMINAL END,RING TORQUE,CU,16MM2",Theta method,single
0.0812303994701647,0.0829964409855646,0.5559647264861057,1.1432013557477043,1.0,4,6.75,"TERMINAL END,RING TORQUE,CU,16MM2",Linear trend,single
0.0520260597577559,0.0504105474765382,0.4310008650778012,0.7198653497647286,1.0,4,6.75,"TERMINAL END,RING TORQUE,CU,16MM2",Autoregressive (ridge),single
0.0634402182386998,0.0611090080880419,0.4270801452546063,0.8599684607812209,1.0,4,6.75,"TERMINAL END,RING TORQUE,CU,16MM2",Random forest,single
0.0720791943227969,0.0697805236231939,0.4304638420181984,0.9758187836119993,1.0,4,6.75,"TERMINAL END,RING TORQUE,CU,16MM2",Extra trees,single
0.0642906141729889,0.0620680697192054,0.4235654930479694,0.8721729168918386,1.0,4,6.75,"TERMINAL END,RING TORQUE,CU,16MM2",Gradient boosting,single
0.0534749023395818,0.0524040490661452,0.337894670306426,0.7304812227817755,1.0,4,6.75,"TERMINAL END,RING TORQUE,CU,16MM2",Hist gradient boosting,single
0.1052045834795415,0.1125502728689277,0.7577914627613547,1.4820737535854396,1.0,4,6.75,"TERMINAL END,RING TORQUE,CU,16MM2",Support vector (RBF),single
0.0767948578620122,0.0741252762103218,0.4500249230263951,1.0362728292859391,1.0,4,6.75,"TERMINAL END,RING TORQUE,CU,16MM2",K-nearest neighbours,single
1.0475613830908056e+66,2.0,8.148115334619342e+66,1.3861275335823698e+67,0.5,2,4.0,"TERMINAL END,RING TORQUE,CU,16MM2",Neural net (MLP),single
0.0822691549363238,0.0794527310603998,0.5623113056104428,1.128605630562573,1.0,4,6.75,"TERMINAL END,RING TORQUE,CU,16MM2",Bayesian ridge (lags),single
0.0545794449627343,0.0530519019003577,0.3607651601018348,0.7579202138024502,1.0,4,6.75,"TERMINAL END,RING TORQUE,CU,16MM2",Gaussian process,single
0.0532345380111995,0.0516498785994857,0.4323930814892091,0.7363659287708336,1.0,4,6.75,"TERMINAL END,RING TORQUE,CU,16MM2",Ensemble: top-5 mean,ensemble
0.0445782884438571,0.0430372231535295,0.3701798285958658,0.6117354793134976,1.0,4,6.75,"TERMINAL END,RING TORQUE,CU,16MM2",Ensemble: inverse-error,ensemble
0.0717395396426258,0.0711244063125135,0.4941980248768145,0.990067617155186,1.0,4,6.75,"TERMINAL END,RING TORQUE,CU,16MM2",Ensemble: annealed weights,ensemble
0.0826215997393067,0.0827758685673316,0.553106147746092,1.13941088615575,1.0,4,6.75,"TERMINAL END,RING TORQUE,CU,16MM2",Ensemble: greedy selection,ensemble
0.5433009388934813,0.4051010616840862,19.929948569928637,1.8039423554935468,1.0,4,6.75,"TERMINAL,AL,TUBE,LONG BARREL,240MM2",Naive (last price),single
0.5237584506042141,0.3310199640391277,19.979608995679985,1.659527892722234,1.0,4,6.75,"TERMINAL,AL,TUBE,LONG BARREL,240MM2",Seasonal naive (12m),single
0.6507033651180407,0.4392339864470213,24.058639498877127,2.123212794418995,1.0,4,6.75,"TERMINAL,AL,TUBE,LONG BARREL,240MM2",Drift,single
0.5910196234110069,0.4532382524832932,20.941217199530666,2.071031000981366,1.0,4,6.75,"TERMINAL,AL,TUBE,LONG BARREL,240MM2",Moving average (auto-k),single
0.5490783232974533,0.4105369285587343,20.013818006711737,1.8362214463844728,1.0,4,6.75,"TERMINAL,AL,TUBE,LONG BARREL,240MM2",Simple exp. smoothing,single
0.63779227023889,0.503979675242145,22.487302719824207,2.263776401858051,1.0,4,6.75,"TERMINAL,AL,TUBE,LONG BARREL,240MM2",Holt trend (damped-auto),single
0.8396064404052479,0.5960275944036187,30.75807414938096,2.8181170024866846,1.0,4,6.75,"TERMINAL,AL,TUBE,LONG BARREL,240MM2",Holt-Winters seasonal,single
0.5813887822211622,0.4189426196160832,21.376561400837023,1.929082878989394,1.0,4,6.75,"TERMINAL,AL,TUBE,LONG BARREL,240MM2",Theta method,single
0.3444072051937263,0.2440299955345007,13.259413891366483,1.0784217519297312,1.0,4,6.75,"TERMINAL,AL,TUBE,LONG BARREL,240MM2",Linear trend,single
0.5045245089904008,0.4224529347493055,17.893446360754368,1.7726571073704305,1.0,4,6.75,"TERMINAL,AL,TUBE,LONG BARREL,240MM2",Autoregressive (ridge),single
0.5469295555404377,0.4016877152920489,19.94938563548121,1.8131374665763995,1.0,4,6.75,"TERMINAL,AL,TUBE,LONG BARREL,240MM2",Random forest,single
0.6450441178276637,0.5370161326061751,23.088959552143585,2.390809216947099,1.0,4,6.75,"TERMINAL,AL,TUBE,LONG BARREL,240MM2",Extra trees,single
0.5378432272968371,0.3912891935598974,20.231697359077945,1.7323416210098144,1.0,4,6.75,"TERMINAL,AL,TUBE,LONG BARREL,240MM2",Gradient boosting,single
0.4880601137060197,0.3340337151335272,19.050945087717924,1.5076868458968642,1.0,4,6.75,"TERMINAL,AL,TUBE,LONG BARREL,240MM2",Hist gradient boosting,single
0.4268525725901022,0.2884878327510794,16.776055772593182,1.3108850232319642,1.0,4,6.75,"TERMINAL,AL,TUBE,LONG BARREL,240MM2",Support vector (RBF),single
0.5039964498578093,0.3393213322103825,19.314054610891336,1.5955821099378693,1.0,4,6.75,"TERMINAL,AL,TUBE,LONG BARREL,240MM2",K-nearest neighbours,single
6.379886339388249e+25,1.0939562921667996,3.455625844636132e+27,2.8502597957311885e+26,0.5,2,2.5,"TERMINAL,AL,TUBE,LONG BARREL,240MM2",Neural net (MLP),single
0.7670015565257068,0.5314798567082397,30.505549885153577,2.933580462714348,1.0,4,6.75,"TERMINAL,AL,TUBE,LONG BARREL,240MM2",Bayesian ridge (lags),single
0.5073606407879387,0.39311887870579,19.0509184535884,1.6675214890769503,1.0,4,6.75,"TERMINAL,AL,TUBE,LONG BARREL,240MM2",Gaussian process,single
0.5432271561398668,0.4086687468233964,19.73954627425649,1.814849081849531,1.0,4,6.75,"TERMINAL,AL,TUBE,LONG BARREL,240MM2",Ensemble: top-5 mean,ensemble
0.5628094346375254,0.419014758192641,20.313388734489784,1.8924726277567492,1.0,4,6.75,"TERMINAL,AL,TUBE,LONG BARREL,240MM2",Ensemble: inverse-error,ensemble
0.5491364557631093,0.4105686291335015,20.015056850741495,1.8364515649429776,1.0,4,6.75,"TERMINAL,AL,TUBE,LONG BARREL,240MM2",Ensemble: annealed weights,ensemble
0.5490783232974533,0.4105369285587343,20.013818006711737,1.8362214463844728,1.0,4,6.75,"TERMINAL,AL,TUBE,LONG BARREL,240MM2",Ensemble: greedy selection,ensemble
0.0893467737665513,0.0900094765709424,0.8332391613456492,1.042117214532873,1.0,4,6.25,"TERMINAL END,TUBULAR,CU,16MM2",Naive (last price),single
0.1248066990069734,0.1194161986306178,0.942532604224869,1.378027293523759,1.0,4,6.25,"TERMINAL END,TUBULAR,CU,16MM2",Seasonal naive (12m),single
0.097176058781014,0.0962459217139891,0.8624872780881354,1.124015101512198,1.0,4,6.25,"TERMINAL END,TUBULAR,CU,16MM2",Drift,single
0.0803259605162426,0.0789574612582891,0.7263334068316095,0.915616483433456,1.0,4,6.25,"TERMINAL END,TUBULAR,CU,16MM2",Moving average (auto-k),single
0.0883622621186097,0.088784954666671,0.8199741393690801,1.0282994780723438,1.0,4,6.25,"TERMINAL END,TUBULAR,CU,16MM2",Simple exp. smoothing,single
0.1464182818599308,0.1529698423200568,1.3265969940684588,1.7195377258832167,1.0,4,6.25,"TERMINAL END,TUBULAR,CU,16MM2",Holt trend (damped-auto),single
0.1375614557888118,0.1279717041287575,1.1775742443377295,1.5085621234252438,1.0,4,6.25,"TERMINAL END,TUBULAR,CU,16MM2",Holt-Winters seasonal,single
0.090493972660113,0.089245954917477,0.7984133480973511,1.038915134391253,1.0,4,6.25,"TERMINAL END,TUBULAR,CU,16MM2",Theta method,single
0.1146268480856209,0.1185312835833186,0.8929899785733765,1.3447738165649403,1.0,4,6.25,"TERMINAL END,TUBULAR,CU,16MM2",Linear trend,single
0.1127591677907077,0.1190991396232252,1.087133929124784,1.3297334874211788,1.0,4,6.25,"TERMINAL END,TUBULAR,CU,16MM2",Autoregressive (ridge),single
0.0623662811223769,0.0608449831774255,0.5448409741371792,0.7024792836887253,1.0,4,6.25,"TERMINAL END,TUBULAR,CU,16MM2",Random forest,single
0.0814718019128645,0.0796553234826386,0.6117933276546172,0.9181665129554332,1.0,4,6.25,"TERMINAL END,TUBULAR,CU,16MM2",Extra trees,single
0.094815483862073,0.0949735109822405,0.7345467794010491,1.0942219384712395,1.0,4,6.25,"TERMINAL END,TUBULAR,CU,16MM2",Gradient boosting,single
0.1008959669996683,0.1012753388296078,0.7494067973932741,1.1593118243797345,1.0,4,6.25,"TERMINAL END,TUBULAR,CU,16MM2",Hist gradient boosting,single
0.1110248119555316,0.1132977217216762,0.8591096472887728,1.2820857155568466,1.0,4,6.25,"TERMINAL END,TUBULAR,CU,16MM2",Support vector (RBF),single
0.0886454490006236,0.0877251512755425,0.6998575186830771,1.0068956920615757,1.0,4,6.25,"TERMINAL END,TUBULAR,CU,16MM2",K-nearest neighbours,single
1.0207098044593516e+18,1.9999999999999971,9.379155259128302e+18,1.0761815238936818e+19,0.5,2,4.0,"TERMINAL END,TUBULAR,CU,16MM2",Neural net (MLP),single
0.0898369543690629,0.08357508894769,0.7887946025099739,1.010974309886852,1.0,4,6.25,"TERMINAL END,TUBULAR,CU,16MM2",Bayesian ridge (lags),single
0.0936975841862768,0.0936628007288295,0.7368461616035912,1.0749750071459985,1.0,4,6.25,"TERMINAL END,TUBULAR,CU,16MM2",Gaussian process,single
0.1001630795923265,0.1008013935492718,0.922228963188516,1.167420783724459,1.0,4,6.25,"TERMINAL END,TUBULAR,CU,16MM2",Ensemble: top-5 mean,ensemble
0.0900595605320363,0.0885202339461506,0.8492396064536336,1.0298421564622802,1.0,4,6.25,"TERMINAL END,TUBULAR,CU,16MM2",Ensemble: inverse-error,ensemble
0.0971465138093773,0.0962158646424004,0.8623665490746621,1.1236411250298934,1.0,4,6.25,"TERMINAL END,TUBULAR,CU,16MM2",Ensemble: annealed weights,ensemble
0.097176058781014,0.0962459217139891,0.8624872780881354,1.124015101512198,1.0,4,6.25,"TERMINAL END,TUBULAR,CU,16MM2",Ensemble: greedy selection,ensemble
0.0607758505278379,0.06032791731961,0.392269040328191,0.7266994770839739,1.0,4,7.0,"TERMINAL END,TUBULAR,CU,10MM2",Naive (last price),single
0.0388070754583655,0.0370484210696393,0.322702644189415,0.4486203345599104,1.0,4,7.0,"TERMINAL END,TUBULAR,CU,10MM2",Seasonal naive (12m),single
0.0609821632796867,0.0603150543028649,0.3913039637306504,0.7284360899374107,1.0,4,7.0,"TERMINAL END,TUBULAR,CU,10MM2",Drift,single
0.0586856457939952,0.0566267409353902,0.3955424633676772,0.6918826494266752,1.0,4,7.0,"TERMINAL END,TUBULAR,CU,10MM2",Moving average (auto-k),single
0.060910505970928,0.0602361446920279,0.3922314472751916,0.7270101827252844,1.0,4,7.0,"TERMINAL END,TUBULAR,CU,10MM2",Simple exp. smoothing,single
0.1462651233097307,0.1649756457003395,1.1469626022161057,1.7763095069586674,1.0,4,7.0,"TERMINAL END,TUBULAR,CU,10MM2",Holt trend (damped-auto),single
0.0621421087810589,0.0600252205215579,0.4229098365188676,0.7326471172583083,1.0,4,7.0,"TERMINAL END,TUBULAR,CU,10MM2",Holt-Winters seasonal,single
0.0563181384185072,0.0548595781420001,0.3784031941179691,0.6666025688965495,1.0,4,7.0,"TERMINAL END,TUBULAR,CU,10MM2",Theta method,single
0.0430971496550783,0.0441971919929669,0.2793621685463981,0.5299019431734454,1.0,4,7.0,"TERMINAL END,TUBULAR,CU,10MM2",Linear trend,single
0.0814430894988873,0.0823751060822862,0.5040878629715299,0.981572730259101,1.0,4,7.0,"TERMINAL END,TUBULAR,CU,10MM2",Autoregressive (ridge),single
0.0521488700592496,0.050595134494966,0.3520739399624934,0.6151581358290319,1.0,4,7.0,"TERMINAL END,TUBULAR,CU,10MM2",Random forest,single
0.0453096313249331,0.0433972806347715,0.3377691416724481,0.5300334996910432,1.0,4,7.0,"TERMINAL END,TUBULAR,CU,10MM2",Extra trees,single
0.0575514958960428,0.0564673656843765,0.3496953673182492,0.6859118449768327,1.0,4,7.0,"TERMINAL END,TUBULAR,CU,10MM2",Gradient boosting,single
0.0637895455665037,0.0636101008227088,0.4033805270205968,0.765867684045503,1.0,4,7.0,"TERMINAL END,TUBULAR,CU,10MM2",Hist gradient boosting,single
0.0280552248864595,0.0283020563033633,0.1928099843859243,0.345893628548199,1.0,4,7.0,"TERMINAL END,TUBULAR,CU,10MM2",Support vector (RBF),single
0.0472233946146955,0.0453593012208962,0.3331517624905248,0.5540926916330234,1.0,4,7.0,"TERMINAL END,TUBULAR,CU,10MM2",K-nearest neighbours,single
82211.23717116124,1.1329214283442393,610386.156282801,929333.6003801456,0.5,2,1.5,"TERMINAL END,TUBULAR,CU,10MM2",Neural net (MLP),single
0.0436483091807344,0.0427732833007222,0.2567690468477367,0.5240362620902678,1.0,4,7.0,"TERMINAL END,TUBULAR,CU,10MM2",Bayesian ridge (lags),single
0.047821227681959,0.0476936480162404,0.278122284088468,0.5794182601097506,1.0,4,7.0,"TERMINAL END,TUBULAR,CU,10MM2",Gaussian process,single
0.0586479725361544,0.057556048198802,0.3848079951673805,0.6970553159029097,1.0,4,7.0,"TERMINAL END,TUBULAR,CU,10MM2",Ensemble: top-5 mean,ensemble
0.0555709591119809,0.0542216943168216,0.3674424087329671,0.6584533261971408,1.0,4,7.0,"TERMINAL END,TUBULAR,CU,10MM2",Ensemble: inverse-error,ensemble
0.0573171621974555,0.0554232604392813,0.3835940689275297,0.676274248349357,1.0,4,7.0,"TERMINAL END,TUBULAR,CU,10MM2",Ensemble: annealed weights,ensemble
0.0586856457939952,0.0566267409353902,0.3955424633676772,0.6918826494266752,1.0,4,7.0,"TERMINAL END,TUBULAR,CU,10MM2",Ensemble: greedy selection,ensemble
0.097333065300687,0.0962255420060888,0.4002967649132329,1.4342546063651596,1.0,4,6.75,"TERMINAL,RING TONGUE,CU,10MM2",Naive (last price),single
0.1334596577725273,0.1263360932076413,0.523382153087423,1.853696493128224,1.0,4,6.75,"TERMINAL,RING TONGUE,CU,10MM2",Seasonal naive (12m),single
0.1011937314590933,0.098582697801868,0.405319550376115,1.474967389171537,1.0,4,6.75,"TERMINAL,RING TONGUE,CU,10MM2",Drift,single
0.1052068894189079,0.1033266879115952,0.4120729021392472,1.5284421296288089,1.0,4,6.75,"TERMINAL,RING TONGUE,CU,10MM2",Moving average (auto-k),single
0.0981382797213074,0.0969560810155457,0.4007889301751725,1.443634718479908,1.0,4,6.75,"TERMINAL,RING TONGUE,CU,10MM2",Simple exp. smoothing,single
0.1016299447611893,0.0993664863539055,0.4361327605710097,1.5091230116880303,1.0,4,6.75,"TERMINAL,RING TONGUE,CU,10MM2",Holt trend (damped-auto),single
0.1356809204116316,0.1306743276106913,0.4876147370204455,1.8820332764290877,1.0,4,6.75,"TERMINAL,RING TONGUE,CU,10MM2",Holt-Winters seasonal,single
0.1065502731244906,0.1035565886130669,0.4117947214650337,1.5401198036805517,1.0,4,6.75,"TERMINAL,RING TONGUE,CU,10MM2",Theta method,single
0.1277323397727337,0.1279083546725091,0.5067149113364696,1.833796301165316,1.0,4,6.75,"TERMINAL,RING TONGUE,CU,10MM2",Linear trend,single
0.0864071996660999,0.0855105574226529,0.3778275862229068,1.292683888618572,1.0,4,6.75,"TERMINAL,RING TONGUE,CU,10MM2",Autoregressive (ridge),single
0.1257175891226817,0.1223943636968214,0.5019351020267666,1.811723607866104,1.0,4,6.75,"TERMINAL,RING TONGUE,CU,10MM2",Random forest,single
0.1275401133763692,0.1231114443065768,0.4785385659467395,1.817953207174802,1.0,4,6.75,"TERMINAL,RING TONGUE,CU,10MM2",Extra trees,single
0.1362513667341596,0.1319196583701732,0.4936694921002939,1.942889337033226,1.0,4,6.75,"TERMINAL,RING TONGUE,CU,10MM2",Gradient boosting,single
0.1003719015501387,0.1003100794099922,0.3991770975896458,1.4465294769749983,1.0,4,6.75,"TERMINAL,RING TONGUE,CU,10MM2",Hist gradient boosting,single
0.1486051662240158,0.1479413826081585,0.5497730314130195,2.115208030969647,1.0,4,6.75,"TERMINAL,RING TONGUE,CU,10MM2",Support vector (RBF),single
0.144427793795455,0.1377615125565923,0.5232992887881938,2.015457539749128,1.0,4,6.75,"TERMINAL,RING TONGUE,CU,10MM2",K-nearest neighbours,single
4.176175732791928,1.8935752896846048,19.085020684009525,55.88139874039981,0.75,3,6.333333333333333,"TERMINAL,RING TONGUE,CU,10MM2",Neural net (MLP),single
0.1239383503356821,0.1141599431745935,0.4951641108017344,1.6901198580292145,1.0,4,6.75,"TERMINAL,RING TONGUE,CU,10MM2",Bayesian ridge (lags),single
0.150547342202351,0.137972527016809,0.6030443610954226,2.1189426798780744,1.0,4,6.75,"TERMINAL,RING TONGUE,CU,10MM2",Gaussian process,single
0.1016844478048973,0.0997568988884898,0.4046596431923584,1.4842837294651936,1.0,4,6.75,"TERMINAL,RING TONGUE,CU,10MM2",Ensemble: top-5 mean,ensemble
0.1054874854094676,0.1030861016430704,0.4130356428793744,1.5331240811832814,1.0,4,6.75,"TERMINAL,RING TONGUE,CU,10MM2",Ensemble: inverse-error,ensemble
0.1084248505942106,0.1056903486754344,0.4088802395914982,1.5601124155052135,1.0,4,6.75,"TERMINAL,RING TONGUE,CU,10MM2",Ensemble: annealed weights,ensemble
0.1011937314590933,0.098582697801868,0.405319550376115,1.474967389171537,1.0,4,6.75,"TERMINAL,RING TONGUE,CU,10MM2",Ensemble: greedy selection,ensemble
0.1729655870445344,0.1780687397708674,0.0458257569495584,1.6517225106182172,1.0,4,9.0,"CABLE TIE,TYPE:6/6,DIA:25.4MM",Naive (last price),single
0.1808940943236534,0.1813200650166557,0.0456103179165586,1.6642007449569287,1.0,4,9.0,"CABLE TIE,TYPE:6/6,DIA:25.4MM",Seasonal naive (12m),single
0.1796827650646202,0.1835436569245055,0.0474829046922609,1.7079898987043438,1.0,4,9.0,"CABLE TIE,TYPE:6/6,DIA:25.4MM",Drift,single
0.1584641852854684,0.1663227424625456,0.0420217847547077,1.525359986830395,1.0,4,9.0,"CABLE TIE,TYPE:6/6,DIA:25.4MM",Moving average (auto-k),single
0.1713089499647232,0.1767878700598942,0.0453380190150582,1.637311728842963,1.0,4,9.0,"CABLE TIE,TYPE:6/6,DIA:25.4MM",Simple exp. smoothing,single
0.1928376685690265,0.1932946661290143,0.0530886031937242,1.8312689668377795,1.0,4,9.0,"CABLE TIE,TYPE:6/6,DIA:25.4MM",Holt trend (damped-auto),single
0.1507087663509109,0.160880882346596,0.0434424798437374,1.4796952584194294,1.0,4,9.0,"CABLE TIE,TYPE:6/6,DIA:25.4MM",Holt-Winters seasonal,single
0.1757562187907427,0.1802505099812886,0.0448282843850049,1.6646738339986162,1.0,4,9.0,"CABLE TIE,TYPE:6/6,DIA:25.4MM",Theta method,single
0.1778429539836555,0.1639827104007756,0.0411894973004579,1.538860196156455,1.0,4,9.0,"CABLE TIE,TYPE:6/6,DIA:25.4MM",Linear trend,single
0.1578199094969175,0.1638918023590008,0.0405171764422077,1.5109295815422736,1.0,4,9.0,"CABLE TIE,TYPE:6/6,DIA:25.4MM",Autoregressive (ridge),single
0.1584483258656888,0.1662783882416378,0.0429951124558097,1.5296829871450517,1.0,4,9.0,"CABLE TIE,TYPE:6/6,DIA:25.4MM",Random forest,single
0.1408199712568589,0.1486421371253059,0.04089888021,1.3823925903354837,1.0,4,9.0,"CABLE TIE,TYPE:6/6,DIA:25.4MM",Extra trees,single
0.223641234993604,0.2395535800486777,0.0590873285921226,2.126426448027971,1.0,4,9.0,"CABLE TIE,TYPE:6/6,DIA:25.4MM",Gradient boosting,single
0.1753678007099219,0.1825575071041854,0.044015323798922,1.6722868685380088,1.0,4,9.0,"CABLE TIE,TYPE:6/6,DIA:25.4MM",Hist gradient boosting,single
0.1496685802156048,0.1564745479001287,0.0423861087484467,1.4364329703917118,1.0,4,9.0,"CABLE TIE,TYPE:6/6,DIA:25.4MM",Support vector (RBF),single
0.1842487883908556,0.1849269548487652,0.0455402867756737,1.6953234897066454,1.0,4,9.0,"CABLE TIE,TYPE:6/6,DIA:25.4MM",K-nearest neighbours,single
1.041884122123976,1.6842972437312485,0.2392155621756683,9.723320043162808,1.0,4,9.0,"CABLE TIE,TYPE:6/6,DIA:25.4MM",Neural net (MLP),single
0.1910678975749372,0.1877210544924712,0.0434649557057372,1.7444972498958509,1.0,4,9.0,"CABLE TIE,TYPE:6/6,DIA:25.4MM",Bayesian ridge (lags),single
0.1938078584940918,0.1982678596859563,0.049654152768852,1.808307297233088,1.0,4,9.0,"CABLE TIE,TYPE:6/6,DIA:25.4MM",Gaussian process,single
0.1758342854299455,0.1841715458583336,0.0453927064210793,1.6749979278006888,1.0,4,9.0,"CABLE TIE,TYPE:6/6,DIA:25.4MM",Ensemble: top-5 mean,ensemble
0.1737027095309343,0.1811380569881782,0.0445124016152979,1.6540413651354808,1.0,4,9.0,"CABLE TIE,TYPE:6/6,DIA:25.4MM",Ensemble: inverse-error,ensemble
0.1753613435478337,0.1825515447554572,0.0440165824081587,1.6722228007658786,1.0,4,9.0,"CABLE TIE,TYPE:6/6,DIA:25.4MM",Ensemble: annealed weights,ensemble
0.1753678007099219,0.1825575071041854,0.044015323798922,1.6722868685380088,1.0,4,9.0,"CABLE TIE,TYPE:6/6,DIA:25.4MM",Ensemble: greedy selection,ensemble
0.0450827099255764,0.0464024176782425,0.1592168332809065,0.5770802575746351,1.0,4,7.0,"TERMINAL END,TYPE:PIN,6MM2",Naive (last price),single
0.0475869789017267,0.0485751503149225,0.1577812937862877,0.6033622021005447,1.0,4,7.0,"TERMINAL END,TYPE:PIN,6MM2",Seasonal naive (12m),single
0.054733455582253,0.055766899602422,0.1610555238426151,0.6994556255541323,1.0,4,7.0,"TERMINAL END,TYPE:PIN,6MM2",Drift,single
0.0608685142854839,0.0620720222782419,0.1692843239501699,0.7744162355728405,1.0,4,7.0,"TERMINAL END,TYPE:PIN,6MM2",Moving average (auto-k),single
0.0463113591679386,0.047507659529407,0.1553774733458599,0.5914452872339336,1.0,4,7.0,"TERMINAL END,TYPE:PIN,6MM2",Simple exp. smoothing,single
0.1326569885192102,0.1231802406278551,0.4308733205255822,1.7298506660876136,1.0,4,7.0,"TERMINAL END,TYPE:PIN,6MM2",Holt trend (damped-auto),single
0.0777215735674032,0.0764117499093814,0.1930640248338556,0.9657370667259244,1.0,4,7.0,"TERMINAL END,TYPE:PIN,6MM2",Holt-Winters seasonal,single
0.047615456831062,0.0483808902219601,0.1468249967888193,0.6014799353510323,1.0,4,7.0,"TERMINAL END,TYPE:PIN,6MM2",Theta method,single
0.1144785266267819,0.1217829775980352,0.2865125447664509,1.4551858844146266,1.0,4,7.0,"TERMINAL END,TYPE:PIN,6MM2",Linear trend,single
0.0518352813447122,0.0539527770639267,0.1838871844109063,0.6687760340892812,1.0,4,7.0,"TERMINAL END,TYPE:PIN,6MM2",Autoregressive (ridge),single
0.0694641134539754,0.0708879741289465,0.1815900226410094,0.8867371663690574,1.0,4,7.0,"TERMINAL END,TYPE:PIN,6MM2",Random forest,single
0.0701355754256846,0.0715169196296458,0.1815132792502657,0.8951403242994161,1.0,4,7.0,"TERMINAL END,TYPE:PIN,6MM2",Extra trees,single
0.0662458791903806,0.0674713450947774,0.1744054956278425,0.8441423774873851,1.0,4,7.0,"TERMINAL END,TYPE:PIN,6MM2",Gradient boosting,single
0.0569439287971727,0.0583143802013132,0.1557538038953269,0.7331692828391335,1.0,4,7.0,"TERMINAL END,TYPE:PIN,6MM2",Hist gradient boosting,single
0.0869714251070973,0.0925560558930486,0.2674162871853813,1.138856956152947,1.0,4,7.0,"TERMINAL END,TYPE:PIN,6MM2",Support vector (RBF),single
0.0727084359594522,0.0743710436183672,0.1877741014273662,0.9309757107224744,1.0,4,7.0,"TERMINAL END,TYPE:PIN,6MM2",K-nearest neighbours,single
0.4445023729266837,0.7646904682885415,1.5187163357384943,5.7820383204913774,0.75,3,5.666666666666667,"TERMINAL END,TYPE:PIN,6MM2",Neural net (MLP),single
0.1040800073495015,0.1079623819748279,0.2618644854232502,1.3051711832892885,1.0,4,7.0,"TERMINAL END,TYPE:PIN,6MM2",Bayesian ridge (lags),single
0.0894423741558739,0.0944707876660699,0.2647854906128664,1.1655287798860263,1.0,4,7.0,"TERMINAL END,TYPE:PIN,6MM2",Gaussian process,single
0.0482942640862278,0.0494094404456444,0.1560434468158644,0.61375609210043,1.0,4,7.0,"TERMINAL END,TYPE:PIN,6MM2",Ensemble: top-5 mean,ensemble
0.0581109187862842,0.0589496167913985,0.1623658101652774,0.7386401693351133,1.0,4,7.0,"TERMINAL END,TYPE:PIN,6MM2",Ensemble: inverse-error,ensemble
0.064756982968872,0.0644260144854389,0.1752139469435676,0.8045922063844486,1.0,4,7.0,"TERMINAL END,TYPE:PIN,6MM2",Ensemble: annealed weights,ensemble
0.0608685142854839,0.0620720222782419,0.1692843239501699,0.7744162355728405,1.0,4,7.0,"TERMINAL END,TYPE:PIN,6MM2",Ensemble: greedy selection,ensemble
0.3106468720605604,0.240303408455411,71132.73544495282,1.627213906398129,1.0,3,9.666666666666666,"LINING,TUNDISH F/BLOOM CASTER",Naive (last price),single
0.5036609286387786,0.3780561046699291,90397.66254753266,2.503804196352711,1.0,3,9.666666666666666,"LINING,TUNDISH F/BLOOM CASTER",Seasonal naive (12m),single
0.3782207019825638,0.275653778654995,87464.6013557793,1.940628547124734,1.0,3,9.666666666666666,"LINING,TUNDISH F/BLOOM CASTER",Drift,single
0.3056462708175286,0.2437909831698101,65752.0440787108,1.5946849660123952,1.0,3,9.666666666666666,"LINING,TUNDISH F/BLOOM CASTER",Moving average (auto-k),single
0.3100318237509211,0.2407127166988432,70508.22687514122,1.6233216073479333,1.0,3,9.666666666666666,"LINING,TUNDISH F/BLOOM CASTER",Simple exp. smoothing,single
0.571027329406483,0.4702944618297289,115338.03480171529,2.87058455368253,1.0,3,9.666666666666666,"LINING,TUNDISH F/BLOOM CASTER",Holt trend (damped-auto),single
0.4575128835539422,0.4828243568845042,84648.02914633568,2.217362712879755,1.0,3,9.666666666666666,"LINING,TUNDISH F/BLOOM CASTER",Holt-Winters seasonal,single
0.3804760583014969,0.2861895073407423,82366.33159590984,1.940639231303521,1.0,3,9.666666666666666,"LINING,TUNDISH F/BLOOM CASTER",Theta method,single
0.8858350478474223,0.5509733945843219,158927.45980926687,4.3364131240001536,1.0,3,9.666666666666666,"LINING,TUNDISH F/BLOOM CASTER",Linear trend,single
0.3504473429579735,0.272108338719042,74674.47284196116,1.8129407825256851,1.0,3,9.666666666666666,"LINING,TUNDISH F/BLOOM CASTER",Autoregressive (ridge),single
0.3226234737662097,0.258571823298682,66389.36921044024,1.6711377817866613,1.0,3,9.666666666666666,"LINING,TUNDISH F/BLOOM CASTER",Random forest,single
0.3694653969172042,0.2939316496112837,71055.40692699412,1.886031214211042,1.0,3,9.666666666666666,"LINING,TUNDISH F/BLOOM CASTER",Extra trees,single
0.3222573331704073,0.2526126012569807,70286.7729107312,1.6778234603010351,1.0,3,9.666666666666666,"LINING,TUNDISH F/BLOOM CASTER",Gradient boosting,single
0.3441326235750817,0.2789749027311976,65455.75803400232,1.7626315484829378,1.0,3,9.666666666666666,"LINING,TUNDISH F/BLOOM CASTER",Hist gradient boosting,single
0.2540480030252763,0.236289385141335,52064.11573762645,1.4858323145200003,1.0,3,9.666666666666666,"LINING,TUNDISH F/BLOOM CASTER",Support vector (RBF),single
0.3769361968778715,0.3023370739272575,69230.37644102116,1.9111196973248392,1.0,3,9.666666666666666,"LINING,TUNDISH F/BLOOM CASTER",K-nearest neighbours,single
inf,inf,inf,inf,0.0,0,,"LINING,TUNDISH F/BLOOM CASTER",Neural net (MLP),single
0.6960272904457433,0.5321409547401992,145683.9050296759,3.482292797989102,1.0,3,9.666666666666666,"LINING,TUNDISH F/BLOOM CASTER",Bayesian ridge (lags),single
0.4509737433386354,0.3210983644100937,99675.05845751902,2.293647485800626,1.0,3,9.666666666666666,"LINING,TUNDISH F/BLOOM CASTER",Gaussian process,single
0.4401166308651392,0.3257005215643351,89191.88055005245,2.180407205851441,1.0,3,9.666666666666666,"LINING,TUNDISH F/BLOOM CASTER",Ensemble: top-5 mean,ensemble
0.3936375800982839,0.2986718501094321,81277.31868437729,1.9818203239843304,1.0,3,9.666666666666666,"LINING,TUNDISH F/BLOOM CASTER",Ensemble: inverse-error,ensemble
0.7263611833908179,0.4799049316078079,132375.21241803496,3.53171669290174,1.0,3,9.666666666666666,"LINING,TUNDISH F/BLOOM CASTER",Ensemble: annealed weights,ensemble
0.6126844531358412,0.4207905830863743,115641.35754927156,2.9591851501687616,1.0,3,9.666666666666666,"LINING,TUNDISH F/BLOOM CASTER",Ensemble: greedy selection,ensemble
0.0146816779088766,0.0145542439587374,4.406904494476596,0.1057250014701685,1.0,3,7.666666666666667,"GRAPHITE ELECTRODE ,IS:9050,457MM,1800MM",Naive (last price),single
0.0516930663412573,0.0496097016376727,18.27635262652699,0.373652762483003,1.0,3,7.666666666666667,"GRAPHITE ELECTRODE ,IS:9050,457MM,1800MM",Seasonal naive (12m),single
0.0870780579747109,0.0832661498906468,24.51775204310188,0.6261029730438836,1.0,3,7.666666666666667,"GRAPHITE ELECTRODE ,IS:9050,457MM,1800MM",Drift,single
0.02347423844051,0.0231020845137858,7.592207765577042,0.1693897306476167,1.0,3,7.666666666666667,"GRAPHITE ELECTRODE ,IS:9050,457MM,1800MM",Moving average (auto-k),single
0.0156511938245882,0.0155041069562387,4.73975251819277,0.1127448555093824,1.0,3,7.666666666666667,"GRAPHITE ELECTRODE ,IS:9050,457MM,1800MM",Simple exp. smoothing,single
0.0459844975927274,0.0491044519911972,21.144311581199155,0.3339486990348972,1.0,3,7.666666666666667,"GRAPHITE ELECTRODE ,IS:9050,457MM,1800MM",Holt trend (damped-auto),single
0.0765529684827132,0.081631306109786,26.79735141139361,0.551988227762199,1.0,3,7.666666666666667,"GRAPHITE ELECTRODE ,IS:9050,457MM,1800MM",Holt-Winters seasonal,single
0.026694589359599,0.0261279282903605,9.406175337175462,0.1929499083050512,1.0,3,7.666666666666667,"GRAPHITE ELECTRODE ,IS:9050,457MM,1800MM",Theta method,single
0.2160164196735705,0.1911504852656142,65.81953283579696,1.5567259283513442,1.0,3,7.666666666666667,"GRAPHITE ELECTRODE ,IS:9050,457MM,1800MM",Linear trend,single
0.1091811431230711,0.1018179718544526,34.87404586496985,0.7876369353102085,1.0,3,7.666666666666667,"GRAPHITE ELECTRODE ,IS:9050,457MM,1800MM",Autoregressive (ridge),single
0.052570542937243,0.0500012768234573,20.408505226081104,0.3806312262501809,1.0,3,7.666666666666667,"GRAPHITE ELECTRODE ,IS:9050,457MM,1800MM",Random forest,single
0.0444308451351113,0.0426834850107807,16.7294408065109,0.3215372407931264,1.0,3,7.666666666666667,"GRAPHITE ELECTRODE ,IS:9050,457MM,1800MM",Extra trees,single
0.0501771526957235,0.0481086422983954,18.222347759884723,0.3628826621748013,1.0,3,7.666666666666667,"GRAPHITE ELECTRODE ,IS:9050,457MM,1800MM",Gradient boosting,single
0.1612492726489786,0.1466856437486781,49.29902058751761,1.1612128637482366,1.0,3,7.666666666666667,"GRAPHITE ELECTRODE ,IS:9050,457MM,1800MM",Hist gradient boosting,single
0.0919237716407843,0.0868048909986318,28.812580139163945,0.6628724463340133,1.0,3,7.666666666666667,"GRAPHITE ELECTRODE ,IS:9050,457MM,1800MM",Support vector (RBF),single
0.0395400991420697,0.0383580817266536,13.675791588864357,0.285672315241474,1.0,3,7.666666666666667,"GRAPHITE ELECTRODE ,IS:9050,457MM,1800MM",K-nearest neighbours,single
inf,inf,inf,inf,0.0,0,,"GRAPHITE ELECTRODE ,IS:9050,457MM,1800MM",Neural net (MLP),single
0.181613804260091,0.2058188478799622,56.84158512405198,1.304570451681642,1.0,3,7.666666666666667,"GRAPHITE ELECTRODE ,IS:9050,457MM,1800MM",Bayesian ridge (lags),single
0.0455996248053805,0.044049050024665,15.663014774063647,0.3293612810021754,1.0,3,7.666666666666667,"GRAPHITE ELECTRODE ,IS:9050,457MM,1800MM",Gaussian process,single
0.0125908101310644,0.0125031223365215,3.634447410562237,0.0904291932987199,1.0,3,7.666666666666667,"GRAPHITE ELECTRODE ,IS:9050,457MM,1800MM",Ensemble: top-5 mean,ensemble
0.0183617523305097,0.0181345973213553,5.892975959721549,0.1323391293925729,1.0,3,7.666666666666667,"GRAPHITE ELECTRODE ,IS:9050,457MM,1800MM",Ensemble: inverse-error,ensemble
0.0620499538697109,0.0651186948545681,21.01814187238126,0.4471325804164551,1.0,3,7.666666666666667,"GRAPHITE ELECTRODE ,IS:9050,457MM,1800MM",Ensemble: annealed weights,ensemble
0.0146816779088766,0.0145542439587374,4.406904494476596,0.1057250014701685,1.0,3,7.666666666666667,"GRAPHITE ELECTRODE ,IS:9050,457MM,1800MM",Ensemble: greedy selection,ensemble
0.0680546941853445,0.0722112237585751,2.102298592790048,0.8874849707852085,1.0,3,9.0,"BRICK,FIRE,230X113X50",Naive (last price),single
0.0960258997833998,0.0991188594306606,2.398332921786809,1.200696356928057,1.0,3,9.0,"BRICK,FIRE,230X113X50",Seasonal naive (12m),single
0.0657886148615454,0.0699655256269302,2.095388243411917,0.851875523426324,1.0,3,9.0,"BRICK,FIRE,230X113X50",Drift,single
0.0725212856936994,0.077064036886216,2.2100688323104745,0.951759120275663,1.0,3,9.0,"BRICK,FIRE,230X113X50",Moving average (auto-k),single
0.0681263482296373,0.0723183560566121,2.112511968364116,0.8899244380882699,1.0,3,9.0,"BRICK,FIRE,230X113X50",Simple exp. smoothing,single
0.1138001116266426,0.1136466506270077,3.054721353362066,1.4874213954710855,1.0,3,9.0,"BRICK,FIRE,230X113X50",Holt trend (damped-auto),single
0.1222361466772215,0.1285198927302894,3.312805122157921,1.513090769540535,1.0,3,9.0,"BRICK,FIRE,230X113X50",Holt-Winters seasonal,single
0.0596799888082995,0.0630706011752553,1.9052747750280628,0.7782409914966739,1.0,3,9.0,"BRICK,FIRE,230X113X50",Theta method,single
0.0763724940093967,0.0777628181352062,1.785939470662094,0.96515399326161,1.0,3,9.0,"BRICK,FIRE,230X113X50",Linear trend,single
0.0873519051131199,0.0932460085857058,2.5070667282468686,1.138889206867368,1.0,3,9.0,"BRICK,FIRE,230X113X50",Autoregressive (ridge),single
0.083882630048702,0.0886877411270266,2.3274487248459512,1.0870932707604772,1.0,3,9.0,"BRICK,FIRE,230X113X50",Random forest,single
0.1169537176877836,0.1266286078140626,3.3021029541558318,1.5423646740400687,1.0,3,9.0,"BRICK,FIRE,230X113X50",Extra trees,single
0.0912476308400874,0.0971808491234286,2.5652156883478505,1.1967714372469251,1.0,3,9.0,"BRICK,FIRE,230X113X50",Gradient boosting,single
0.0789176850829556,0.0807852277174701,1.8878523888135597,1.0038968484368458,1.0,3,9.0,"BRICK,FIRE,230X113X50",Hist gradient boosting,single
0.1291379582546527,0.1424360057542343,3.8055887485571818,1.7161142233677695,1.0,3,9.0,"BRICK,FIRE,230X113X50",Support vector (RBF),single
0.1384240215189265,0.1479150017781323,3.5210911106117906,1.788933824262702,1.0,3,9.0,"BRICK,FIRE,230X113X50",K-nearest neighbours,single
inf,inf,inf,inf,0.0,0,,"BRICK,FIRE,230X113X50",Neural net (MLP),single
0.0742939028443388,0.079120863553361,2.26218956277289,0.9421744177152328,1.0,3,9.0,"BRICK,FIRE,230X113X50",Bayesian ridge (lags),single
0.1051049318138012,0.1139705034535178,3.1144802670925547,1.396593595834597,1.0,3,9.0,"BRICK,FIRE,230X113X50",Gaussian process,single
0.1094632025186041,0.116564030852476,2.905682038138518,1.427680568173573,1.0,3,9.0,"BRICK,FIRE,230X113X50",Ensemble: top-5 mean,ensemble
0.097327453339495,0.1034245832726419,2.642510161508993,1.2727992029213375,1.0,3,9.0,"BRICK,FIRE,230X113X50",Ensemble: inverse-error,ensemble
0.1172012301579398,0.1280272295842265,3.442132431101029,1.5564910643645389,1.0,3,9.0,"BRICK,FIRE,230X113X50",Ensemble: annealed weights,ensemble
0.125076544732363,0.1371086499042057,3.636098972596375,1.6581977069252023,1.0,3,9.0,"BRICK,FIRE,230X113X50",Ensemble: greedy selection,ensemble
0.1340465037669029,0.1313965561554111,60301.66684250182,2.949611984135434,1.0,3,7.666666666666667,"BACK UP LINING,TUNDISH F/ BILLET CASTER",Naive (last price),single
0.1074782895986586,0.1055664126189517,47330.81401639159,2.3605104954465044,1.0,3,7.666666666666667,"BACK UP LINING,TUNDISH F/ BILLET CASTER",Seasonal naive (12m),single
0.1393616243093831,0.1316829503932546,63485.50452339312,3.0072598111756244,1.0,3,7.666666666666667,"BACK UP LINING,TUNDISH F/ BILLET CASTER",Drift,single
0.121358900953174,0.1184020320861253,54074.45451576115,2.6592977496603303,1.0,3,7.666666666666667,"BACK UP LINING,TUNDISH F/ BILLET CASTER",Moving average (auto-k),single
0.1323513529280634,0.1296125785192504,59460.321106822266,2.910349873549471,1.0,3,7.666666666666667,"BACK UP LINING,TUNDISH F/ BILLET CASTER",Simple exp. smoothing,single
0.1902652342660612,0.1779171224142151,88844.36778426338,4.126442182706567,1.0,3,7.666666666666667,"BACK UP LINING,TUNDISH F/ BILLET CASTER",Holt trend (damped-auto),single
0.1626218409449009,0.1520811666302605,70437.48424945363,3.487888243205511,1.0,3,7.666666666666667,"BACK UP LINING,TUNDISH F/ BILLET CASTER",Holt-Winters seasonal,single
0.12924219210757,0.1229744347445554,58219.80020411756,2.792540573743415,1.0,3,7.666666666666667,"BACK UP LINING,TUNDISH F/ BILLET CASTER",Theta method,single
0.1140667253581478,0.104073102995857,55431.15158010725,2.34643520445193,1.0,3,7.666666666666667,"BACK UP LINING,TUNDISH F/ BILLET CASTER",Linear trend,single
0.1422022511250634,0.1364816242016637,64127.81648216272,3.096398969911997,1.0,3,7.666666666666667,"BACK UP LINING,TUNDISH F/ BILLET CASTER",Autoregressive (ridge),single
0.1071171075542629,0.1058671740585188,47279.03862266243,2.3625594877766125,1.0,3,7.666666666666667,"BACK UP LINING,TUNDISH F/ BILLET CASTER",Random forest,single
0.1065316677700625,0.1055501342862548,47076.09624643875,2.353532833714345,1.0,3,7.666666666666667,"BACK UP LINING,TUNDISH F/ BILLET CASTER",Extra trees,single
0.1276851742562563,0.1268405823156242,57566.28105456213,2.829092540984083,1.0,3,7.666666666666667,"BACK UP LINING,TUNDISH F/ BILLET CASTER",Gradient boosting,single
0.0975117613745761,0.0970410860997605,43084.68045557483,2.160203124754204,1.0,3,7.666666666666667,"BACK UP LINING,TUNDISH F/ BILLET CASTER",Hist gradient boosting,single
0.0701945170960793,0.0741688916242953,39308.79595914997,1.6411242538157047,1.0,3,7.666666666666667,"BACK UP LINING,TUNDISH F/ BILLET CASTER",Support vector (RBF),single
0.1105221326157175,0.1089934659753546,48884.805831359816,2.434940419308446,1.0,3,7.666666666666667,"BACK UP LINING,TUNDISH F/ BILLET CASTER",K-nearest neighbours,single
53.73221725637716,1.9282282278201968,20397085.49687862,1119.6003626895654,0.3333333333333333,1,1.0,"BACK UP LINING,TUNDISH F/ BILLET CASTER",Neural net (MLP),single
0.1301933123017551,0.1147461463824881,70498.44102930516,2.6834172869128943,1.0,3,7.666666666666667,"BACK UP LINING,TUNDISH F/ BILLET CASTER",Bayesian ridge (lags),single
0.1191414224285463,0.1127437240377215,53510.1511154899,2.555274973225117,1.0,3,7.666666666666667,"BACK UP LINING,TUNDISH F/ BILLET CASTER",Gaussian process,single
0.1312721148130188,0.1268166019692801,58827.11600252679,2.863811998452857,1.0,3,7.666666666666667,"BACK UP LINING,TUNDISH F/ BILLET CASTER",Ensemble: top-5 mean,ensemble
0.1278469251785672,0.123557120914826,56684.11510252712,2.7863236584632687,1.0,3,7.666666666666667,"BACK UP LINING,TUNDISH F/ BILLET CASTER",Ensemble: inverse-error,ensemble
0.1326847653453971,0.1260303367644078,59966.08784559059,2.866624710715447,1.0,3,7.666666666666667,"BACK UP LINING,TUNDISH F/ BILLET CASTER",Ensemble: annealed weights,ensemble
0.1340465037669029,0.1313965561554111,60301.66684250182,2.949611984135434,1.0,3,7.666666666666667,"BACK UP LINING,TUNDISH F/ BILLET CASTER",Ensemble: greedy selection,ensemble
0.0028613319579679,0.0028669132785178,1.2843491686858235,0.421356985046944,1.0,3,12.333333333333334,COLLER FOR TRUMPET,Naive (last price),single
0.0108632000592599,0.010967564479162,5.526436356213196,1.5990738221722656,1.0,3,12.333333333333334,COLLER FOR TRUMPET,Seasonal naive (12m),single
0.0026794827662571,0.0026713295373721,1.561201263825037,0.3953273100534391,1.0,3,12.333333333333334,COLLER FOR TRUMPET,Drift,single
0.0037740210796278,0.0037840956488321,1.7246744105566008,0.5557282773856395,1.0,3,12.333333333333334,COLLER FOR TRUMPET,Moving average (auto-k),single
0.0029628046691042,0.0029688195934052,1.3332271740598225,0.4362963695008047,1.0,3,12.333333333333334,COLLER FOR TRUMPET,Simple exp. smoothing,single
0.0078503934087999,0.0077723927076244,4.840511439035527,1.155118568580112,1.0,3,12.333333333333334,COLLER FOR TRUMPET,Holt trend (damped-auto),single
0.0093652861148482,0.0092949648907115,4.584074328934423,1.3793158300500803,1.0,3,12.333333333333334,COLLER FOR TRUMPET,Holt-Winters seasonal,single
0.0025302547776854,0.0025322669447263,1.1154015897714544,0.3727121100930002,1.0,3,12.333333333333334,COLLER FOR TRUMPET,Theta method,single
0.0123963562084796,0.0125082643559318,5.727424749156045,1.824935977718695,1.0,3,12.333333333333334,COLLER FOR TRUMPET,Linear trend,single
0.0203771789054353,0.0206353092598436,8.68452269226032,3.0013610017542995,1.0,3,12.333333333333334,COLLER FOR TRUMPET,Autoregressive (ridge),single
0.0064940096007428,0.0065312565868228,3.3093199907788087,0.9559912136416536,1.0,3,12.333333333333334,COLLER FOR TRUMPET,Random forest,single
0.0082558861269933,0.0083268238039698,4.559657655884156,1.2151414909515483,1.0,3,12.333333333333334,COLLER FOR TRUMPET,Extra trees,single
0.0040982753681028,0.0041120284918908,2.0138771376206117,0.6033628026410781,1.0,3,12.333333333333334,COLLER FOR TRUMPET,Gradient boosting,single
0.0076981842555203,0.007740529415183,3.529582421507849,1.1334982054832987,1.0,3,12.333333333333334,COLLER FOR TRUMPET,Hist gradient boosting,single
0.0224446447966184,0.0227027327806347,8.700527865398076,3.306633448064241,1.0,3,12.333333333333334,COLLER FOR TRUMPET,Support vector (RBF),single
0.0051382167000912,0.0051548228546197,2.214040285048505,0.7567116298226478,1.0,3,12.333333333333334,COLLER FOR TRUMPET,K-nearest neighbours,single
inf,inf,inf,inf,0.0,0,,COLLER FOR TRUMPET,Neural net (MLP),single
0.0121866934042005,0.0120516061493138,6.3650670240021805,1.794402081832071,1.0,3,12.333333333333334,COLLER FOR TRUMPET,Bayesian ridge (lags),single
0.0250252724112187,0.025974722799772,16.450144091803953,3.681696347419472,1.0,3,12.333333333333334,COLLER FOR TRUMPET,Gaussian process,single
0.0119750699032569,0.0120587723531573,4.961433953572227,1.7637681707980832,1.0,3,12.333333333333334,COLLER FOR TRUMPET,Ensemble: top-5 mean,ensemble
0.0089477839273802,0.0089958927483179,3.764342227912621,1.317831404188179,1.0,3,12.333333333333334,COLLER FOR TRUMPET,Ensemble: inverse-error,ensemble
0.0175573248857984,0.01774936085735,7.497712125164449,2.5859976954729857,1.0,3,12.333333333333334,COLLER FOR TRUMPET,Ensemble: annealed weights,ensemble
0.0157494558038712,0.0159096645996858,6.84987054610066,2.3195710723834244,1.0,3,12.333333333333334,COLLER FOR TRUMPET,Ensemble: greedy selection,ensemble
0.06612325740107144,0.07006194165202437,14277.86467857169,0.920719558562874,1.0,8,4.125,"FERRO SILICON,25-50MM",Naive (last price),single
0.14937370213146386,0.1409602045466693,22118.64141382211,1.958233387725866,1.0,8,4.125,"FERRO SILICON,25-50MM",Seasonal naive (12m),single
0.07371481066479799,0.07641025052940391,14476.128988624107,1.0046463076793573,1.0,8,4.125,"FERRO SILICON,25-50MM",Drift,single
0.06968476459903139,0.07340444920995948,14322.920610555313,0.9622619605027377,1.0,8,4.125,"FERRO SILICON,25-50MM",Moving average (auto-k),single
0.06633127780099966,0.07025753610608666,14272.060895289624,0.9228419460357076,1.0,8,4.125,"FERRO SILICON,25-50MM",Simple exp. smoothing,single
0.08407074639806925,0.08958287215861235,15264.225023431005,1.1409780008306782,1.0,8,4.125,"FERRO SILICON,25-50MM",Holt trend (damped-auto),single
0.07632672980515076,0.08271420131223908,15312.665347746652,1.0556765999161024,1.0,8,4.125,"FERRO SILICON,25-50MM",Holt-Winters seasonal,single
0.07442518604029642,0.07726725297717738,14411.365115465102,1.0142562580792072,1.0,8,4.125,"FERRO SILICON,25-50MM",Theta method,single
0.2553898748657086,0.22304929200129142,28887.94761166787,3.088497599695114,1.0,8,4.125,"FERRO SILICON,25-50MM",Linear trend,single
0.06670753545740117,0.07142374419618894,14138.589421179373,0.9324305101801758,1.0,8,4.125,"FERRO SILICON,25-50MM",Autoregressive (ridge),single
0.07157011737839887,0.07458563888365122,14695.31410967896,0.9828760331585867,1.0,8,4.125,"FERRO SILICON,25-50MM",Random forest,single
0.0778864117173281,0.08003183645874014,14347.558495161235,1.0541094097874901,1.0,8,4.125,"FERRO SILICON,25-50MM",Extra trees,single
0.0721739085645492,0.07557649413223835,14543.453222026626,0.9907574366746019,1.0,8,4.125,"FERRO SILICON,25-50MM",Gradient boosting,single
0.14186785614398245,0.13584982069225693,21467.37941123692,1.8332945603707613,1.0,8,4.125,"FERRO SILICON,25-50MM",Hist gradient boosting,single
0.11219702615963081,0.11281094550721464,17776.505733475184,1.4683743977182753,1.0,8,4.125,"FERRO SILICON,25-50MM",Support vector (RBF),single
0.11839796604402561,0.11386308734131262,19239.402883472183,1.54679362378229,1.0,8,4.125,"FERRO SILICON,25-50MM",K-nearest neighbours,single
0.2973221109697661,0.34924058494599575,35887.596429855956,4.077032345907917,0.125,1,1.0,"FERRO SILICON,25-50MM",Neural net (MLP),single
0.09371508316196972,0.0926646409395068,15751.274227465703,1.2298019518126573,1.0,8,4.125,"FERRO SILICON,25-50MM",Bayesian ridge (lags),single
0.1391864408723646,0.13029500697534002,24880.430203716765,1.7836987463973506,1.0,8,4.125,"FERRO SILICON,25-50MM",Gaussian process,single
0.06892105534293506,0.07237101253483039,14314.00647124451,0.9509114919056708,1.0,8,4.125,"FERRO SILICON,25-50MM",Ensemble: top-5 mean,ensemble
0.06834702803184786,0.07233279200794299,14340.90674763874,0.9472320312262882,1.0,8,4.125,"FERRO SILICON,25-50MM",Ensemble: inverse-error,ensemble
0.06725265992386235,0.0716451887818699,14386.723795823083,0.9366579641200552,1.0,8,4.125,"FERRO SILICON,25-50MM",Ensemble: annealed weights,ensemble
0.06665111678794572,0.07089626087715821,14380.43468655898,0.9290358260316767,1.0,8,4.125,"FERRO SILICON,25-50MM",Ensemble: greedy selection,ensemble
